accession,subtype,host,host_source,country,collection_date,isolation_source,seq_technology,st_confidence,seq_length,cluster_top,cluster_subtype,cluster_variant,st_status,human_report,st_note,dist_from_medoid,potential_novel_variant,novel_variant_reason
PZ873232.1,ST2,Unknown,unknown,Malawi: Zomba,2024,Unknown,ONT,high,2840,52,93,194,accepted,True,Common in humans; urticaria association,0.0019710918047021017,False,
PZ712195.1,ST26,Bos taurus,host_qualifier,Portugal,2024,stool,Sanger,high,2840,43,68,121,accepted,False,Cattle (USA); dominant in several US states,0.0019461574332442038,False,
PZ712194.1,ST42,Bos taurus,host_qualifier,Portugal,2024,stool,Sanger,high,2840,31,41,54,accepted,False,ST10 split; Santin et al. 2024,0.006341313718876904,False,
PZ712193.1,ST14,Bos taurus,host_qualifier,Portugal,2024,stool,Sanger,high,2840,49,88,181,accepted,True,Cattle/artiodactyls; rare in humans,0.001151631704202267,False,
PZ712192.1,ST10,Bos taurus,host_qualifier,Portugal,2024,stool,Sanger,high,2840,31,44,60,accepted,True,Artiodactyls; rare human reports; now split ST42-44,0.011330131846607513,False,
PZ712191.1,ST21,Bos taurus,host_qualifier,Portugal,2024,stool,Sanger,high,2840,47,81,169,accepted,False,Avian; accepted after full-length validation,0.003434465074373182,False,
OR889405.1,ST39,Macaca thibetana,host_qualifier,China,2020,Unknown,Sanger,high,2840,58,103,212,tentative,False,Recently proposed,0.0006272214457134326,False,
OR889404.1,ST39,Macaca thibetana,host_qualifier,China,2020,Unknown,Sanger,high,2840,58,103,212,tentative,False,Recently proposed,-0.0,False,
OR889403.1,ST39,Macaca thibetana,host_qualifier,China,2020,Unknown,Sanger,high,2840,58,103,212,tentative,False,Recently proposed,0.001883240160868585,False,
OR889402.1,ST39,Macaca thibetana,host_qualifier,China,2020,Unknown,Sanger,high,2840,58,103,212,tentative,False,Recently proposed,0.001254967872819556,False,
OR889401.1,ST39,Macaca thibetana,host_qualifier,China,2020,Unknown,Sanger,high,2840,58,103,211,tentative,False,Recently proposed,0.01009903750557595,False,
OR889400.1,ST39,Macaca thibetana,host_qualifier,China,2020,Unknown,Sanger,high,2840,58,103,212,tentative,False,Recently proposed,0.002512039191622726,False,
OR889399.1,ST2,Macaca thibetana,host_qualifier,China,2020,Unknown,Sanger,high,2840,52,93,194,accepted,True,Common in humans; urticaria association,0.0049966873690622466,False,
OR889398.1,ST2,Macaca thibetana,host_qualifier,China,2020,Unknown,Sanger,high,2840,52,93,194,accepted,True,Common in humans; urticaria association,0.003994683212005571,False,
OR889397.1,ST2,Macaca thibetana,host_qualifier,China,2020,Unknown,Sanger,high,2840,52,93,194,accepted,True,Common in humans; urticaria association,0.003994683212005571,False,
OR889396.1,ST2,Macaca thibetana,host_qualifier,China,2020,Unknown,Sanger,high,2840,52,93,194,accepted,True,Common in humans; urticaria association,0.0049966873690622466,False,
OR889395.1,ST2,Macaca thibetana,host_qualifier,China,2020,Unknown,Sanger,high,2840,52,93,194,accepted,True,Common in humans; urticaria association,0.0049966873690622466,False,
OR889394.1,ST2,Macaca thibetana,host_qualifier,China,2020,Unknown,Sanger,high,2840,52,93,194,accepted,True,Common in humans; urticaria association,0.0049966873690622466,False,
OR889393.1,ST39,Macaca thibetana,host_qualifier,China,2020,Unknown,Sanger,high,2840,58,103,211,tentative,False,Recently proposed,0.010734765452094735,False,
OR889392.1,ST39,Macaca thibetana,host_qualifier,China,2020,Unknown,Sanger,high,2840,58,103,211,tentative,False,Recently proposed,0.010734765452094735,False,
OR889391.1,ST39,Macaca thibetana,host_qualifier,China,2020,Unknown,Sanger,high,2840,58,103,211,tentative,False,Recently proposed,0.012007840232625015,False,
OR889390.1,ST2,Macaca thibetana,host_qualifier,China,2020,Unknown,Sanger,high,2840,52,93,194,accepted,True,Common in humans; urticaria association,0.0060000320003071985,False,
OR889389.1,ST39,Macaca thibetana,host_qualifier,China,2020,Unknown,Sanger,high,2840,58,103,211,tentative,False,Recently proposed,0.01009903750557595,False,
OR889388.1,ST1,Macaca thibetana,host_qualifier,China,2020,Unknown,Sanger,high,2840,59,107,230,accepted,True,Most prevalent globally; IBS association,0.026089587064061656,False,
OR889387.1,ST1,Macaca thibetana,host_qualifier,China,2020,Unknown,Sanger,high,2840,59,107,230,accepted,True,Most prevalent globally; IBS association,0.02711138558723332,False,
OR889386.1,ST1,Macaca thibetana,host_qualifier,China,2020,Unknown,Sanger,high,2840,59,107,230,accepted,True,Most prevalent globally; IBS association,0.026089587064061656,False,
OR889385.1,ST1,Macaca thibetana,host_qualifier,China,2020,Unknown,Sanger,high,2840,59,107,227,accepted,True,Most prevalent globally; IBS association,0.025069178743391516,False,
OR889384.1,ST1,Macaca thibetana,host_qualifier,China,2020,Unknown,Sanger,high,2840,59,107,227,accepted,True,Most prevalent globally; IBS association,0.026089587064061656,False,
OR889383.1,ST1,Macaca thibetana,host_qualifier,China,2020,Unknown,Sanger,high,2840,59,107,230,accepted,True,Most prevalent globally; IBS association,0.025069178743391516,False,
OR889382.1,ST1,Macaca thibetana,host_qualifier,China,2020,Unknown,Sanger,high,2840,59,107,230,accepted,True,Most prevalent globally; IBS association,0.025069178743391516,False,
OR889381.1,ST3,Macaca thibetana,host_qualifier,China,2020,Unknown,Sanger,high,2840,38,55,78,accepted,True,Most prevalent globally; IBS-D association,0.032738904507713384,False,
OR889380.1,ST3,Macaca thibetana,host_qualifier,China,2020,Unknown,Sanger,high,2840,38,55,78,accepted,True,Most prevalent globally; IBS-D association,0.033643881993080785,False,
OR889379.1,ST3,Macaca thibetana,host_qualifier,China,2020,Unknown,Sanger,high,2840,38,55,78,accepted,True,Most prevalent globally; IBS-D association,0.032738904507713384,False,
OR889378.1,ST3,Macaca thibetana,host_qualifier,China,2020,Unknown,Sanger,high,2840,38,55,78,accepted,True,Most prevalent globally; IBS-D association,0.033643881993080785,False,
OR889377.1,ST3,Macaca thibetana,host_qualifier,China,2020,Unknown,Sanger,high,2840,38,55,78,accepted,True,Most prevalent globally; IBS-D association,0.032738904507713384,False,
OR889376.1,ST3,Macaca thibetana,host_qualifier,China,2020,Unknown,Sanger,high,2840,38,55,78,accepted,True,Most prevalent globally; IBS-D association,0.033643881993080785,False,
OR889375.1,ST3,Macaca thibetana,host_qualifier,China,2020,Unknown,Sanger,high,2840,38,55,78,accepted,True,Most prevalent globally; IBS-D association,0.03545711950366273,False,
OR889374.1,ST3,Macaca thibetana,host_qualifier,China,2020,Unknown,Sanger,high,2840,38,55,78,accepted,True,Most prevalent globally; IBS-D association,0.033643881993080785,False,
OR889373.1,ST3,Macaca thibetana,host_qualifier,China,2020,Unknown,Sanger,high,2840,38,55,78,accepted,True,Most prevalent globally; IBS-D association,0.032738904507713384,False,
OR889372.1,ST3,Macaca thibetana,host_qualifier,China,2020,Unknown,Sanger,high,2840,38,55,78,accepted,True,Most prevalent globally; IBS-D association,0.03545711950366273,False,
OR889371.1,ST2,Macaca thibetana,host_qualifier,China,2020,Unknown,Sanger,high,2840,52,93,194,accepted,True,Common in humans; urticaria association,0.007004720697099539,False,
OR889370.1,ST2,Macaca thibetana,host_qualifier,China,2020,Unknown,Sanger,high,2840,52,93,194,accepted,True,Common in humans; urticaria association,0.007004720697099539,False,
OR889369.1,ST3,Macaca thibetana,host_qualifier,China,2020,Unknown,Sanger,high,2840,38,55,78,accepted,True,Most prevalent globally; IBS-D association,0.03454995277679354,False,
OR889368.1,ST3,Macaca thibetana,host_qualifier,China,2020,Unknown,Sanger,high,2840,38,55,78,accepted,True,Most prevalent globally; IBS-D association,0.03454995277679354,False,
OR889367.1,ST39,Macaca thibetana,host_qualifier,China,2020,Unknown,Sanger,high,2840,58,103,212,tentative,False,Recently proposed,0.0031413658490641013,False,
OR889366.1,ST2,Macaca thibetana,host_qualifier,China,2020,Unknown,Sanger,high,2840,52,93,194,accepted,True,Common in humans; urticaria association,0.00801075706525054,False,
OR889365.1,ST1,Macaca thibetana,host_qualifier,China,2020,Unknown,Sanger,high,2840,59,107,234,accepted,True,Most prevalent globally; IBS association,0.03637076245395787,False,
OR889364.1,ST3,Macaca thibetana,host_qualifier,China,2020,Unknown,Sanger,high,2840,38,55,78,accepted,True,Most prevalent globally; IBS-D association,0.03454995277679354,False,
OR889363.1,ST2,Macaca thibetana,host_qualifier,China,2020,Unknown,Sanger,high,2840,52,93,194,accepted,True,Common in humans; urticaria association,0.007004720697099539,False,
OR889362.1,ST3,Macaca thibetana,host_qualifier,China,2020,Unknown,Sanger,high,2840,38,55,78,accepted,True,Most prevalent globally; IBS-D association,0.03818522193572946,False,
OR889361.1,ST3,Macaca thibetana,host_qualifier,China,2020,Unknown,Sanger,high,2840,38,55,78,accepted,True,Most prevalent globally; IBS-D association,0.04092328399717647,False,
OR889360.1,ST3,Macaca thibetana,host_qualifier,China,2020,Unknown,Sanger,high,2840,38,55,78,accepted,True,Most prevalent globally; IBS-D association,0.037274751414204395,False,
OR889359.1,ST3,Macaca thibetana,host_qualifier,China,2020,Unknown,Sanger,high,2840,38,55,78,accepted,True,Most prevalent globally; IBS-D association,0.03916641857668201,False,
OR889358.1,ST3,Macaca thibetana,host_qualifier,China,2020,Unknown,Sanger,high,2840,38,55,78,accepted,True,Most prevalent globally; IBS-D association,0.03737428031090682,False,
OR889357.1,ST3,Macaca thibetana,host_qualifier,China,2020,Unknown,Sanger,high,2840,38,55,78,accepted,True,Most prevalent globally; IBS-D association,0.041912836049088645,False,
OR889356.1,ST3,Macaca thibetana,host_qualifier,China,2020,Unknown,Sanger,high,2840,38,58,85,accepted,True,Most prevalent globally; IBS-D association,0.02641117971829988,False,
LC888081.1,ST1,Homo sapiens,Unknown,"Japan: Wakayama, Wakayama",2024,stool,Unknown,high,2840,59,108,241,accepted,True,Most prevalent globally; IBS association,0.001974984683070493,False,
LC888080.1,ST1,Homo sapiens,host_qualifier,"Japan: Wakayama, Wakayama",2024,stool,Unknown,high,2840,59,108,241,accepted,True,Most prevalent globally; IBS association,0.001974984683070493,False,
LC888079.1,ST1,Homo sapiens,Unknown,"Japan: Wakayama, Wakayama",2024,stool,Unknown,high,2840,59,108,241,accepted,True,Most prevalent globally; IBS association,0.001974984683070493,False,
LC888078.1,ST1,Homo sapiens,host_qualifier,"Japan: Wakayama, Wakayama",2024,stool,Unknown,high,2840,59,108,241,accepted,True,Most prevalent globally; IBS association,0.001974984683070493,False,
PV065470.1,ST49,Roe deer,host_qualifier,Portugal,1998/2021,feces,ONT,high,2840,49,87,179,unknown,False,,,False,
PV065468.1,ST13,Roe deer,host_qualifier,Portugal,1998/2021,feces,ONT,high,2840,48,85,176,accepted,True,Rare; occasional human reports,0.0029615043415622483,False,
PV788964.1,ST10,Tibetan Pig,host_qualifier,China: Xinjiang,2024,feces,Sanger,high,2840,31,44,60,accepted,True,Artiodactyls; rare human reports; now split ST42-44,0.011330131846607513,False,
PV788963.1,ST1,Tibetan Pig,host_qualifier,China: Xinjiang,2024,feces,Sanger,high,2840,59,108,241,accepted,True,Most prevalent globally; IBS association,0.002964430736867519,False,
PV788962.1,ST5,Tibetan Pig,host_qualifier,China: Xinjiang,2024,feces,Sanger,high,2840,46,79,152,accepted,True,Predominantly pigs; zoonotic in humans,0.004050154490620749,False,
PV335996.1,ST8,Homo sapiens,Unknown,Singapore,15-Mar-2024,Unknown,Unknown,Unknown,2840,34,51,71,accepted,True,Non-human primates; rare in humans,0.0019126564398411253,False,
PV335995.1,ST2,Homo sapiens,Unknown,Singapore,13-Jun-2023,Unknown,Unknown,Unknown,2840,52,93,194,accepted,True,Common in humans; urticaria association,0.0023183944272546437,False,
PV335994.1,ST2,Homo sapiens,Unknown,Singapore,04-Sep-2018,"National Public Health Laboratory, Ministry of Health",Unknown,Unknown,2840,52,93,194,accepted,True,Common in humans; urticaria association,0.0023183944272546437,False,
PV335993.1,ST1,Homo sapiens,Unknown,Singapore,27-Aug-2020,Unknown,Unknown,Unknown,2840,59,108,241,accepted,True,Most prevalent globally; IBS association,0.001974984683070493,False,
PV335992.1,ST1,Homo sapiens,Unknown,Singapore,01-Apr-2020,"Tan Tock Seng Hospital, Department of Laboratory Medicine",Unknown,Unknown,2840,59,108,241,accepted,True,Most prevalent globally; IBS association,0.0009868422476399764,False,
PV335991.1,ST3,Homo sapiens,Unknown,Singapore,22-Feb-2018,"National Public Health Laboratory, Ministry of Health",Unknown,Unknown,2840,38,59,93,accepted,True,Most prevalent globally; IBS-D association,0.0036900443440873194,False,
OR117661.1,ST43,Ovis aries,host_qualifier,Portugal,Unknown,feces,ONT,high,2840,31,44,59,accepted,False,ST10 split; Santin et al. 2024,-0.0,False,
OM865776.1,ST40,Ovibos moschatus,Unknown,Greenland,Unknown,Unknown,ONT,high,2840,47,83,174,tentative,False,Recently proposed; Algeria study,,False,
PP847212.1,ST48,Pan troglodytes,Unknown,Czech Republic,Unknown,feces,ONT,high,2840,53,95,203,unknown,False,,,False,
PP847211.1,ST47,Pan troglodytes,Unknown,Czech Republic,Unknown,feces,ONT,high,2840,55,99,207,unknown,False,,,False,
PP393495.1,ST3,Homo sapiens,Unknown,Peru,Unknown,human feces,Sanger,high,2840,38,59,90,accepted,True,Most prevalent globally; IBS-D association,0.004157438583571504,False,
PP393494.1,ST3,Homo sapiens,Unknown,Peru,Unknown,human feces,Sanger,high,2840,38,59,90,accepted,True,Most prevalent globally; IBS-D association,0.004136800338976747,False,
PP393493.1,ST3,Homo sapiens,Unknown,Peru,Unknown,human feces,Sanger,high,2840,38,59,90,accepted,True,Most prevalent globally; IBS-D association,0.0008365868128992071,False,
PP393492.1,ST3,Homo sapiens,Unknown,Peru,Unknown,human feces,Sanger,high,2840,38,59,90,accepted,True,Most prevalent globally; IBS-D association,-0.0,False,
PP393491.1,ST3,Homo sapiens,Unknown,Peru,Unknown,human feces,Sanger,high,2840,38,59,90,accepted,True,Most prevalent globally; IBS-D association,-0.0,False,
PP393489.1,ST3,Homo sapiens,Unknown,Peru,Unknown,human feces,Sanger,high,2840,38,59,90,accepted,True,Most prevalent globally; IBS-D association,0.000825536682139137,False,
PP393488.1,ST3,Homo sapiens,Unknown,Peru,Unknown,human feces,Sanger,high,2840,38,59,90,accepted,True,Most prevalent globally; IBS-D association,0.0008365868128992071,False,
PP393487.1,ST3,Homo sapiens,Unknown,Peru,Unknown,human feces,Sanger,high,2840,38,59,90,accepted,True,Most prevalent globally; IBS-D association,0.0016741078379555875,False,
PP393486.1,ST3,Homo sapiens,Unknown,Peru,Unknown,human feces,Sanger,high,2840,38,59,90,accepted,True,Most prevalent globally; IBS-D association,-0.0,False,
PP393482.1,ST3,Homo sapiens,Unknown,Peru,Unknown,human feces,Sanger,high,2840,38,59,90,accepted,True,Most prevalent globally; IBS-D association,0.0008365868128992071,False,
PP393480.1,ST3,Homo sapiens,Unknown,Peru,Unknown,human feces,Sanger,high,2840,38,57,80,accepted,True,Most prevalent globally; IBS-D association,0.022060413904720005,False,
PP393479.1,ST3,Homo sapiens,Unknown,Peru,Unknown,human feces,Sanger,high,2840,38,56,79,accepted,True,Most prevalent globally; IBS-D association,0.034213457595762276,False,
PP393453.1,ST2,Homo sapiens,Unknown,Peru,Unknown,human feces,Sanger,high,2840,52,93,193,accepted,True,Common in humans; urticaria association,0.001974984683070493,False,
PP393452.1,ST2,Homo sapiens,Unknown,Peru,Unknown,human feces,Sanger,high,2840,52,93,193,accepted,True,Common in humans; urticaria association,0.001974984683070493,False,
PP393451.1,ST2,Homo sapiens,Unknown,Peru,Unknown,human feces,Sanger,high,2840,52,93,194,accepted,True,Common in humans; urticaria association,0.001974984683070493,False,
PP393450.1,ST2,Homo sapiens,Unknown,Peru,Unknown,human feces,Sanger,high,2840,52,93,194,accepted,True,Common in humans; urticaria association,-0.0,False,
PP393448.1,ST2,Homo sapiens,Unknown,Peru,Unknown,human feces,Sanger,high,2840,52,92,192,accepted,True,Common in humans; urticaria association,0.010905677941883685,True,minority cluster (92)
PP393445.1,ST2,Homo sapiens,Unknown,Peru,Unknown,human feces,Sanger,high,2840,52,93,193,accepted,True,Common in humans; urticaria association,0.0019710918047021017,False,
PP393443.1,ST2,Homo sapiens,Unknown,Peru,Unknown,human feces,Sanger,high,2840,52,93,193,accepted,True,Common in humans; urticaria association,-0.0,False,
PP393442.1,ST2,Homo sapiens,Unknown,Peru,Unknown,human feces,Sanger,high,2840,52,92,192,accepted,True,Common in humans; urticaria association,0.010905677941883685,True,minority cluster (92)
PP393438.1,ST2,Homo sapiens,Unknown,Peru,Unknown,human feces,Sanger,high,2840,52,93,193,accepted,True,Common in humans; urticaria association,-0.0,False,
PP393437.1,ST2,Homo sapiens,Unknown,Peru,Unknown,human feces,Sanger,high,2840,52,93,193,accepted,True,Common in humans; urticaria association,0.0019710918047021017,False,
PP393234.1,ST1,Homo sapiens,Unknown,Peru,Unknown,human feces,Sanger,high,2840,59,108,241,accepted,True,Most prevalent globally; IBS association,0.0009868422476399764,False,
PP393233.1,ST1,Homo sapiens,Unknown,Peru,Unknown,human feces,Sanger,high,2840,59,108,241,accepted,True,Most prevalent globally; IBS association,-0.0,False,
PP393232.1,ST1,Homo sapiens,Unknown,Peru,Unknown,human feces,Sanger,high,2840,59,108,241,accepted,True,Most prevalent globally; IBS association,-0.0,False,
PP393231.1,ST1,Homo sapiens,Unknown,Peru,Unknown,human feces,Sanger,high,2840,59,107,226,accepted,True,Most prevalent globally; IBS association,0.021001372161369814,False,
PP393229.1,ST1,Homo sapiens,Unknown,Peru,Unknown,human feces,Sanger,high,2840,59,108,241,accepted,True,Most prevalent globally; IBS association,0.0009868422476399764,False,
PP393228.1,ST1,Homo sapiens,Unknown,Peru,Unknown,human feces,Sanger,high,2840,59,108,241,accepted,True,Most prevalent globally; IBS association,0.001974984683070493,False,
PP393227.1,ST1,Homo sapiens,Unknown,Peru,Unknown,human feces,Sanger,high,2840,59,108,241,accepted,True,Most prevalent globally; IBS association,0.002964430736867519,False,
PP393226.1,ST1,Homo sapiens,Unknown,Peru,Unknown,human feces,Sanger,high,2840,59,108,241,accepted,True,Most prevalent globally; IBS association,0.001974984683070493,False,
PP393225.1,ST1,Homo sapiens,Unknown,Peru,Unknown,human feces,Sanger,high,2840,59,108,241,accepted,True,Most prevalent globally; IBS association,-0.0,False,
PP393224.1,ST1,Homo sapiens,Unknown,Peru,Unknown,human feces,Sanger,high,2840,59,108,241,accepted,True,Most prevalent globally; IBS association,-0.0,False,
PP393219.1,ST1,Homo sapiens,Unknown,Peru,Unknown,human feces,Sanger,high,2840,59,107,223,accepted,True,Most prevalent globally; IBS association,0.025069178743391516,False,
PP393218.1,ST1,Homo sapiens,Unknown,Peru,Unknown,human feces,Sanger,high,2840,59,108,241,accepted,True,Most prevalent globally; IBS association,0.0009868422476399764,False,
PP393217.1,ST1,Homo sapiens,Unknown,Peru,Unknown,human feces,Sanger,high,2840,59,108,241,accepted,True,Most prevalent globally; IBS association,-0.0,False,
PP393216.1,ST1,Homo sapiens,Unknown,Peru,Unknown,human feces,Sanger,high,2840,59,108,241,accepted,True,Most prevalent globally; IBS association,-0.0,False,
PP393214.1,ST1,Homo sapiens,Unknown,Peru,Unknown,human feces,Sanger,high,2840,59,108,241,accepted,True,Most prevalent globally; IBS association,0.002964430736867519,False,
PP393212.1,ST1,Homo sapiens,Unknown,Peru,Unknown,human feces,Sanger,high,2840,59,108,241,accepted,True,Most prevalent globally; IBS association,-0.0,False,
PP393211.1,ST1,Homo sapiens,Unknown,Peru,Unknown,human feces,Sanger,high,2840,59,108,241,accepted,True,Most prevalent globally; IBS association,0.0009868422476399764,False,
PP393210.1,ST1,Homo sapiens,Unknown,Peru,Unknown,human feces,Sanger,high,2840,59,107,226,accepted,True,Most prevalent globally; IBS association,0.021001372161369814,False,
PP393209.1,ST1,Homo sapiens,Unknown,Peru,Unknown,human feces,Sanger,high,2840,59,108,241,accepted,True,Most prevalent globally; IBS association,0.0009868422476399764,False,
PP393208.1,ST1,Homo sapiens,Unknown,Peru,Unknown,human feces,Sanger,high,2840,59,108,241,accepted,True,Most prevalent globally; IBS association,-0.0,False,
PP393207.1,ST1,Homo sapiens,Unknown,Peru,Unknown,human feces,Sanger,high,2840,59,108,241,accepted,True,Most prevalent globally; IBS association,-0.0,False,
PP393205.1,ST1,Homo sapiens,Unknown,Peru,Unknown,human feces,Sanger,high,2840,59,108,241,accepted,True,Most prevalent globally; IBS association,-0.0,False,
PP393204.1,ST1,Homo sapiens,Unknown,Peru,Unknown,human feces,Sanger,high,2840,59,108,241,accepted,True,Most prevalent globally; IBS association,0.001974984683070493,False,
PP393203.1,ST1,Homo sapiens,Unknown,Peru,Unknown,human feces,Sanger,high,2840,59,108,241,accepted,True,Most prevalent globally; IBS association,-0.0,False,
PP393202.1,ST1,Homo sapiens,Unknown,Peru,Unknown,human feces,Sanger,high,2840,59,108,241,accepted,True,Most prevalent globally; IBS association,-0.0,False,
PP393200.1,ST1,Homo sapiens,Unknown,Peru,Unknown,human feces,Sanger,high,2840,59,108,241,accepted,True,Most prevalent globally; IBS association,0.0009868422476399764,False,
PP393196.1,ST1,Homo sapiens,Unknown,Peru,Unknown,human feces,Sanger,high,2840,59,107,224,accepted,True,Most prevalent globally; IBS association,0.013935371040076867,False,
PP393194.1,ST1,Homo sapiens,Unknown,Peru,Unknown,human feces,Sanger,high,2840,59,108,241,accepted,True,Most prevalent globally; IBS association,0.0009868422476399764,False,
PP393191.1,ST1,Homo sapiens,Unknown,Peru,Unknown,human feces,Sanger,high,2840,59,107,226,accepted,True,Most prevalent globally; IBS association,0.021001372161369814,False,
PP393190.1,ST1,Homo sapiens,Unknown,Peru,Unknown,human feces,Sanger,high,2840,59,108,241,accepted,True,Most prevalent globally; IBS association,0.0009868422476399764,False,
PP393189.1,ST1,Homo sapiens,Unknown,Peru,Unknown,human feces,Sanger,high,2840,59,108,241,accepted,True,Most prevalent globally; IBS association,-0.0,False,
PP393188.1,ST1,Homo sapiens,Unknown,Peru,Unknown,human feces,Sanger,high,2840,59,108,241,accepted,True,Most prevalent globally; IBS association,-0.0,False,
PP393187.1,ST1,Homo sapiens,Unknown,Peru,Unknown,human feces,Sanger,high,2840,59,108,241,accepted,True,Most prevalent globally; IBS association,-0.0,False,
OR192520.1,ST13,Eastern grey kangaroo,Unknown,Australia,Unknown,feces,Unknown,Unknown,2840,48,86,177,accepted,True,Rare; occasional human reports,0.02912987498719792,False,
OR192519.1,ST46,Eastern grey kangaroo,Unknown,Australia,Unknown,feces,Unknown,Unknown,2840,33,49,69,unknown,False,,,False,
OR192518.1,ST46,Eastern grey kangaroo,Unknown,Australia,Unknown,feces,Unknown,Unknown,2840,33,50,70,unknown,False,,,False,
OR192517.1,ST45,Eastern grey kangaroo,Unknown,Australia,Unknown,feces,Unknown,Unknown,2840,14,16,21,unknown,False,,,False,
OR192516.1,ST24,Sambar deer,Unknown,Australia,Unknown,feces,Sanger,Unknown,2840,49,89,187,tentative,False,Cattle (USA),0.020166377203800042,False,
OR192515.1,ST13,Eastern grey kangaroo,Unknown,Australia,Unknown,feces,Unknown,Unknown,2840,48,86,178,accepted,True,Rare; occasional human reports,0.041564689028943766,False,
OR117711.1,ST14,Ovis aries,Unknown,Portugal,Unknown,feces,ONT,high,2840,49,88,181,accepted,True,Cattle/artiodactyls; rare in humans,0.001694915975578109,False,
OR117708.1,ST14,Ovis aries,Unknown,Portugal,Unknown,feces,ONT,high,2840,49,88,181,accepted,True,Cattle/artiodactyls; rare in humans,-0.0,False,
OR117707.1,ST21,Bos taurus,Unknown,Portugal,Unknown,feces,ONT,high,2840,47,81,169,accepted,False,Avian; accepted after full-length validation,0.003386010265894937,False,
OR117706.1,ST26,Bos taurus,Unknown,USA,Unknown,feces,ONT,high,2840,43,68,121,accepted,False,Cattle (USA); dominant in several US states,0.0019461574332442038,False,
OR117705.1,ST25,Bos taurus,Unknown,USA,Unknown,feces,ONT,Unknown,2840,49,88,182,tentative,False,Cattle,-0.0,False,
OR117704.1,ST30,Ovis aries,host_qualifier,Portugal,Unknown,feces,ONT,high,2840,47,83,173,tentative,False,Limited data,0.0011288807399387792,False,
OR117703.1,ST30,Ovis aries,host_qualifier,Portugal,Unknown,feces,ONT,high,2840,47,83,173,tentative,False,Limited data,0.0005639098010019902,False,
OR117702.1,ST30,Capra hircus,Unknown,Portugal,Unknown,feces,ONT,high,2840,47,83,173,tentative,False,Limited data,-0.0,False,
OR117701.1,ST26,Ovis aries,host_qualifier,Portugal,Unknown,feces,ONT,high,2840,43,68,121,accepted,False,Cattle (USA); dominant in several US states,0.007815114672347741,False,
OR117698.1,ST26,Bos taurus,host_qualifier,USA,Unknown,feces,ONT,high,2840,43,68,121,accepted,False,Cattle (USA); dominant in several US states,0.0009724474620067098,False,
OR117696.1,ST26,Bos taurus,host_qualifier,USA,Unknown,feces,ONT,high,2840,43,68,121,accepted,False,Cattle (USA); dominant in several US states,0.0009724474620067098,False,
OR117695.1,ST26,Bos taurus,host_qualifier,USA,Unknown,feces,ONT,high,2840,43,68,121,accepted,False,Cattle (USA); dominant in several US states,0.0009724474620067098,False,
OR117692.1,ST25,Ovis aries,host_qualifier,Portugal,Unknown,feces,ONT,high,2840,49,88,182,tentative,False,Cattle,0.008513144751517172,False,
OR117691.1,ST21,Ovis aries,host_qualifier,Portugal,Unknown,feces,ONT,high,2840,47,81,169,accepted,False,Avian; accepted after full-length validation,0.0005635919859424285,False,
OR117690.1,ST25,Red deer,host_qualifier,Spain,Unknown,feces,ONT,high,2840,49,88,183,tentative,False,Cattle,0.011378940059051598,False,
OR117689.1,ST25,Capra hircus,Unknown,Portugal,Unknown,feces,ONT,high,2840,49,88,182,tentative,False,Cattle,0.00908413830783689,False,
OR117688.1,ST25,Bos taurus,host_qualifier,USA,Unknown,feces,ONT,high,2840,49,88,182,tentative,False,Cattle,-0.0,False,
OR117686.1,ST25,Bos taurus,host_qualifier,USA,Unknown,feces,ONT,high,2840,49,88,182,tentative,False,Cattle,0.0005642279747019386,False,
OR117685.1,ST25,Bos taurus,host_qualifier,USA,Unknown,feces,ONT,high,2840,49,88,182,tentative,False,Cattle,0.0005642279747019386,False,
OR117674.1,ST21,Ovis aries,Unknown,Portugal,Unknown,feces,ONT,high,2840,47,81,169,accepted,False,Avian; accepted after full-length validation,-0.0,False,
OR117673.1,ST21,Ovis aries,Unknown,Portugal,Unknown,feces,ONT,high,2840,47,81,169,accepted,False,Avian; accepted after full-length validation,-0.0,False,
OR117672.1,ST21,Capra hircus,Unknown,Portugal,Unknown,feces,ONT,high,2840,47,81,169,accepted,False,Avian; accepted after full-length validation,0.0005635919859424285,False,
OR117671.1,ST14,Ovis aries,host_qualifier,Portugal,Unknown,feces,ONT,high,2840,49,88,181,accepted,True,Cattle/artiodactyls; rare in humans,0.0016968333029771282,False,
OR117670.1,ST14,Ovis aries,host_qualifier,Portugal,Unknown,feces,ONT,high,2840,49,88,181,accepted,True,Cattle/artiodactyls; rare in humans,0.002262018679812421,False,
OR117667.1,ST23,Capra hircus,Unknown,Portugal,Unknown,feces,ONT,high,2840,31,43,56,accepted,True,"Reported in humans (Colombia, Thailand)",-0.0,False,
OR117666.1,ST23,Capra hircus,Unknown,Portugal,Unknown,feces,ONT,high,2840,31,43,56,accepted,True,"Reported in humans (Colombia, Thailand)",-0.0,False,
OR117665.1,ST23,Ovis aries,host_qualifier,Portugal,Unknown,feces,ONT,high,2840,31,43,56,accepted,True,"Reported in humans (Colombia, Thailand)",0.0005661445824595625,False,
OR117664.1,ST23,Ovis aries,host_qualifier,Portugal,Unknown,feces,ONT,high,2840,31,43,56,accepted,True,"Reported in humans (Colombia, Thailand)",-0.0,False,
OR117663.1,ST43,Ovis aries,host_qualifier,Portugal,Unknown,feces,ONT,high,2840,31,44,59,accepted,False,ST10 split; Santin et al. 2024,-0.0,False,
OR117662.1,ST43,Ovis aries,host_qualifier,Portugal,Unknown,feces,ONT,high,2840,31,44,59,accepted,False,ST10 split; Santin et al. 2024,0.0005655042680737605,False,
OR117660.1,ST43,Ovis aries,host_qualifier,Portugal,Unknown,feces,ONT,high,2840,31,44,59,accepted,False,ST10 split; Santin et al. 2024,-0.0,False,
OR117652.1,ST44,Ovis aries,host_qualifier,Portugal,Unknown,feces,ONT,high,2840,31,44,57,accepted,False,ST10 split; Santin et al. 2024,-0.0,False,
OR117651.1,ST44,Ovis aries,host_qualifier,Portugal,Unknown,feces,ONT,high,2840,31,44,57,accepted,False,ST10 split; Santin et al. 2024,-0.0,False,
OR117650.1,ST44,Ovis aries,host_qualifier,Portugal,Unknown,feces,ONT,high,2840,31,44,57,accepted,False,ST10 split; Santin et al. 2024,-0.0,False,
OR117625.1,ST44,Bos taurus,host_qualifier,USA,Unknown,feces,ONT,high,2840,31,44,57,accepted,False,ST10 split; Santin et al. 2024,0.0022645799428224664,False,
OR117624.1,ST44,Bos taurus,host_qualifier,USA,Unknown,feces,ONT,high,2840,31,44,57,accepted,False,ST10 split; Santin et al. 2024,0.0016977935942911052,False,
OM883876.1,ST24,Ovis aries,Unknown,Greenland,Unknown,Unknown,ONT,high,2840,49,89,188,tentative,False,Cattle (USA),-0.0,False,
OM883875.1,ST21,Ovis aries,Unknown,Greenland,Unknown,Unknown,ONT,high,2840,47,81,169,accepted,False,Avian; accepted after full-length validation,-0.0,False,
OM883874.1,ST24,Ovis aries,Unknown,Greenland,Unknown,Unknown,ONT,high,2840,49,89,184,tentative,False,Cattle (USA),0.01599755947092539,False,
OM883872.1,ST10,Ovis aries,Unknown,Greenland,Unknown,Unknown,ONT,high,2840,31,44,57,accepted,True,Artiodactyls; rare human reports; now split ST42-44,0.016238794037279135,False,
OM883871.1,ST10,Ovis aries,Unknown,Greenland,Unknown,Unknown,ONT,high,2840,31,44,60,accepted,True,Artiodactyls; rare human reports; now split ST42-44,0.011330131846607513,False,
OM883869.1,ST21,Ovibos moschatus,Unknown,Greenland,Unknown,Unknown,ONT,high,2840,47,81,169,accepted,False,Avian; accepted after full-length validation,0.002823798516497716,False,
OP563853.1,ST39,Macaca mulatta,host_qualifier,China,Unknown,Unknown,Sanger,high,2840,58,103,212,tentative,False,Recently proposed,0.002512039191622726,False,
OP563852.1,ST39,Macaca mulatta,host_qualifier,China,Unknown,Unknown,Sanger,high,2840,58,103,212,tentative,False,Recently proposed,0.0031413658490641013,False,
OP563851.1,ST39,Macaca mulatta,host_qualifier,China,Unknown,Unknown,Sanger,high,2840,58,103,212,tentative,False,Recently proposed,0.002512039191622726,False,
OP563850.1,ST39,Macaca mulatta,host_qualifier,China,Unknown,Unknown,Sanger,high,2840,58,103,212,tentative,False,Recently proposed,0.0044016055910799014,False,
OP563849.1,ST39,Macaca mulatta,host_qualifier,China,Unknown,Unknown,Sanger,high,2840,58,103,212,tentative,False,Recently proposed,0.008829195932384128,False,
OP563848.1,ST39,Macaca mulatta,host_qualifier,China,Unknown,Unknown,Sanger,high,2840,58,103,211,tentative,False,Recently proposed,0.013283079647193108,False,
OP563847.1,ST39,Macaca mulatta,host_qualifier,China,Unknown,Unknown,Sanger,high,2840,58,103,212,tentative,False,Recently proposed,0.0075615007224771645,False,
OP563846.1,ST39,Macaca mulatta,host_qualifier,China,Unknown,Unknown,Sanger,high,2840,58,103,212,tentative,False,Recently proposed,0.006928455738702186,False,
OP563845.1,ST3,Macaca mulatta,Unknown,China,Unknown,Unknown,Sanger,high,2840,38,55,78,accepted,True,Most prevalent globally; IBS-D association,0.0335251341884302,False,
OP563844.1,ST3,Macaca mulatta,Unknown,China,Unknown,Unknown,Sanger,high,2840,38,55,78,accepted,True,Most prevalent globally; IBS-D association,0.031812804677503706,False,
OP563843.1,ST3,Macaca mulatta,Unknown,China,Unknown,Unknown,Sanger,high,2840,38,55,78,accepted,True,Most prevalent globally; IBS-D association,0.031812804677503706,False,
OP563842.1,ST3,Macaca mulatta,Unknown,China,Unknown,Unknown,Sanger,high,2840,38,55,78,accepted,True,Most prevalent globally; IBS-D association,0.030958103730303478,False,
OP563841.1,ST3,Macaca mulatta,Unknown,China,Unknown,Unknown,Sanger,high,2840,38,55,78,accepted,True,Most prevalent globally; IBS-D association,0.031812804677503706,False,
OP563840.1,ST3,Macaca mulatta,Unknown,China,Unknown,Unknown,Sanger,high,2840,38,58,85,accepted,True,Most prevalent globally; IBS-D association,0.02242692013040239,False,
OP563839.1,ST3,Macaca mulatta,Unknown,China,Unknown,Unknown,Sanger,high,2840,38,59,90,accepted,True,Most prevalent globally; IBS-D association,0.0073952941005601056,False,
OP563838.1,ST3,Macaca mulatta,Unknown,China,Unknown,Unknown,Sanger,high,2840,38,59,90,accepted,True,Most prevalent globally; IBS-D association,0.009048642799880149,False,
OP563837.1,ST3,Macaca mulatta,Unknown,China,Unknown,Unknown,Sanger,high,2840,38,58,85,accepted,True,Most prevalent globally; IBS-D association,0.024115159447641615,False,
OP563836.1,ST3,Macaca mulatta,Unknown,China,Unknown,Unknown,Sanger,high,2840,38,58,85,accepted,True,Most prevalent globally; IBS-D association,0.021584223412532553,False,
OP563835.1,ST2,Macaca mulatta,Unknown,China,Unknown,Unknown,Sanger,high,2840,52,93,194,accepted,True,Common in humans; urticaria association,0.001984784486159898,False,
OP563834.1,ST2,Macaca mulatta,Unknown,China,Unknown,Unknown,Sanger,high,2840,52,93,194,accepted,True,Common in humans; urticaria association,0.006969847704532177,False,
OP563833.1,ST2,Macaca mulatta,Unknown,China,Unknown,Unknown,Sanger,high,2840,52,93,194,accepted,True,Common in humans; urticaria association,0.003974835404988641,False,
OP563832.1,ST2,Macaca mulatta,Unknown,China,Unknown,Unknown,Sanger,high,2840,52,93,194,accepted,True,Common in humans; urticaria association,0.003974835404988641,False,
OP563831.1,ST2,Macaca mulatta,Unknown,China,Unknown,Unknown,Sanger,high,2840,52,93,194,accepted,True,Common in humans; urticaria association,0.001984784486159898,False,
OP563830.1,ST2,Macaca mulatta,Unknown,China,Unknown,Unknown,Sanger,high,2840,52,93,194,accepted,True,Common in humans; urticaria association,0.001984784486159898,False,
OP563829.1,ST2,Macaca mulatta,Unknown,China,Unknown,Unknown,Sanger,high,2840,52,93,194,accepted,True,Common in humans; urticaria association,0.001984784486159898,False,
OP563828.1,ST1,Macaca mulatta,Unknown,China,Unknown,Unknown,Sanger,high,2840,59,107,230,accepted,True,Most prevalent globally; IBS association,0.026089587064061656,False,
OP563827.1,ST1,Macaca mulatta,Unknown,China,Unknown,Unknown,Sanger,high,2840,59,107,230,accepted,True,Most prevalent globally; IBS association,0.02915916842937642,False,
OP563826.1,ST1,Macaca mulatta,Unknown,China,Unknown,Unknown,Sanger,high,2840,59,107,230,accepted,True,Most prevalent globally; IBS association,0.03121255780238037,False,
OP563825.1,ST1,Macaca mulatta,Unknown,China,Unknown,Unknown,Sanger,high,2840,59,107,230,accepted,True,Most prevalent globally; IBS association,0.02711138558723332,False,
OP563824.1,ST1,Macaca mulatta,Unknown,China,Unknown,Unknown,Sanger,high,2840,59,107,227,accepted,True,Most prevalent globally; IBS association,0.025069178743391516,False,
OP563823.1,ST1,Macaca mulatta,Unknown,China,Unknown,Unknown,Sanger,high,2840,59,107,230,accepted,True,Most prevalent globally; IBS association,0.02405015684749689,False,
OP563822.1,ST1,Macaca mulatta,Unknown,China,Unknown,Unknown,Sanger,high,2840,59,107,227,accepted,True,Most prevalent globally; IBS association,0.025069178743391516,False,
OP563821.1,ST1,Macaca mulatta,Unknown,China,Unknown,Unknown,Sanger,high,2840,59,107,230,accepted,True,Most prevalent globally; IBS association,0.028134578106093912,False,
OP720872.1,ST37,Heteromyidae,host_qualifier,Mexico,Unknown,feces,ONT,high,2840,21,30,42,accepted,False,Wild rodent (Heteromyidae),,False,
OP720871.1,ST36,Sturnira lilium,host_qualifier,Mexico,Unknown,feces,ONT,high,2840,20,28,40,accepted,False,Wild bat (S. lilium),,False,
OP720870.1,ST35,Homo sapiens,host_qualifier,Brazil,Unknown,feces,ONT,high,2840,20,29,41,accepted,True,Human isolate 168; Nanopore full-length validated,0.1582827822661552,False,
OP720869.1,ST38,Arvicola amphibius,Unknown,United Kingdom,Unknown,feces,ONT,high,2840,22,31,43,accepted,False,European water vole,,False,
ON932571.1,ST34,Equus caballus,host_qualifier,Colombia,Unknown,feces,ONT,high,2840,25,34,46,tentative,False,Limited data,0.10471717320933974,False,
ON932570.1,ST33,Equus caballus,host_qualifier,Colombia,Unknown,feces,ONT,high,2840,24,33,45,tentative,False,Limited data,,False,
ON932569.1,ST33,Equus caballus,host_qualifier,Colombia,Unknown,feces,ONT,high,2840,24,33,45,tentative,False,Limited data,,False,
OP001723.1,ST2,Homo sapiens,host_qualifier,Iran,Unknown,Unknown,Sanger,high,2840,52,93,193,accepted,True,Common in humans; urticaria association,0.004937476686898087,False,
OP001722.1,ST3,Homo sapiens,host_qualifier,Iran,Unknown,Unknown,Sanger,high,2840,38,58,86,accepted,True,Most prevalent globally; IBS-D association,0.015282030055133173,False,
MZ265408.1,ST26,Capra hircus,host_qualifier,Colombia,Unknown,feces,ONT,high,2840,43,68,121,accepted,False,Cattle (USA); dominant in several US states,0.007822756709154334,False,
MZ265407.1,ST24,Capra hircus,host_qualifier,Colombia,Unknown,feces,ONT,high,2840,49,89,188,tentative,False,Cattle (USA),0.00113143525134964,False,
MZ265406.1,ST23,Capra hircus,host_qualifier,Colombia,Unknown,feces,ONT,high,2840,31,43,56,accepted,True,"Reported in humans (Colombia, Thailand)",0.000567429571231395,False,
MZ265404.1,ST10,Capra hircus,host_qualifier,Colombia,Unknown,feces,ONT,high,2840,31,44,60,accepted,True,Artiodactyls; rare human reports; now split ST42-44,0.011330131846607513,False,
MZ265403.1,ST32,Capra hircus,host_qualifier,Colombia,Unknown,feces,ONT,high,2840,47,84,175,tentative,False,Limited data,,False,
MZ267679.1,ST10,Odocoileus virginianus (white-tailed deer),Unknown,USA,Unknown,feces,Illumina,Unknown,2840,31,44,57,accepted,True,Artiodactyls; rare human reports; now split ST42-44,0.016238794037279135,False,
MZ267678.1,ST30,Odocoileus virginianus (white-tailed deer),Unknown,USA,Unknown,feces,Illumina,Unknown,2840,47,83,173,tentative,False,Limited data,0.0005635919859424285,False,
MZ267677.1,ST30,Odocoileus virginianus (white-tailed deer),Unknown,USA,Unknown,feces,Illumina,Unknown,2840,47,83,173,tentative,False,Limited data,-0.0,False,
MZ267676.1,ST31,Odocoileus virginianus (white-tailed deer),Unknown,USA,Unknown,feces,Illumina,Unknown,2840,49,87,180,tentative,False,Limited data,,False,
MZ267675.1,ST10,Odocoileus virginianus (white-tailed deer),Unknown,USA,Unknown,feces,Illumina,Unknown,2840,31,44,57,accepted,True,Artiodactyls; rare human reports; now split ST42-44,0.016238794037279135,False,
MZ267674.1,ST30,Odocoileus virginianus (white-tailed deer),Unknown,USA,Unknown,feces,Illumina,Unknown,2840,47,83,173,tentative,False,Limited data,0.0005635919859424285,False,
MZ452062.1,ST23,Bos taurus,Unknown,China,Unknown,feces,Sanger,high,2840,32,48,68,accepted,True,"Reported in humans (Colombia, Thailand)",0.054295897102721195,True,d_medoid=0.0543 > 0.0200; minority cluster (48)
MZ452061.1,ST21,Bos taurus,Unknown,China,Unknown,feces,Sanger,high,2840,50,90,190,accepted,False,Avian; accepted after full-length validation,0.06033402391405441,True,d_medoid=0.0603 > 0.0200; minority cluster (90)
MT453999.1,ST26,Bos taurus,Unknown,China,Unknown,feces,Sanger,high,2840,43,68,121,accepted,False,Cattle (USA); dominant in several US states,0.0029325550558822505,False,
MT453998.1,ST26,Bos taurus,Unknown,China,Unknown,feces,Sanger,high,2840,43,68,121,accepted,False,Cattle (USA); dominant in several US states,-0.0,False,
MW887935.1,ST28,Indian peafowl,host_qualifier,Brazil,Unknown,feces,ONT,high,2840,8,8,10,accepted,False,Full-length MinION validated,,False,
MW887934.1,ST27,Indian peafowl,host_qualifier,Brazil,Unknown,feces,ONT,high,2840,13,15,20,accepted,False,Full-length MinION validated,,False,
MW887933.1,ST25,Bos taurus,host_qualifier,USA,Unknown,feces,ONT,high,2840,49,88,182,tentative,False,Cattle,-0.0,False,
MW887932.1,ST26,Bos taurus,host_qualifier,USA,Unknown,feces,ONT,high,2840,43,68,121,accepted,False,Cattle (USA); dominant in several US states,0.0039049876697671466,False,
MW887931.1,ST23,Bos taurus,host_qualifier,USA,Unknown,feces,ONT,high,2840,31,43,56,accepted,True,"Reported in humans (Colombia, Thailand)",-0.0,False,
MW887930.1,ST24,White-tailed deer,host_qualifier,USA,Unknown,feces,ONT,high,2840,49,89,184,tentative,False,Cattle (USA),0.016575260250499477,False,
MW887929.1,ST21,White-tailed deer,host_qualifier,USA,Unknown,feces,ONT,high,2840,47,81,169,accepted,False,Avian; accepted after full-length validation,-0.0,False,
MW887928.1,ST24,White-tailed deer,host_qualifier,USA,Unknown,feces,ONT,high,2840,49,89,184,tentative,False,Cattle (USA),0.016575260250499477,False,
MW538478.1,ST6,Gallus gallus,host_qualifier,Brazil,Unknown,feces,Sanger,high,2840,12,12,15,accepted,True,Primarily birds/poultry,0.0019986687377825593,False,
MW538477.1,ST7,Gallus gallus,host_qualifier,Brazil,Unknown,feces,Sanger,high,2840,16,20,27,accepted,True,Primarily birds/poultry,0.05054176642873267,True,d_medoid=0.0505 > 0.0450; minority cluster (20)
MW538476.1,ST7,Gallus gallus,host_qualifier,Brazil,Unknown,feces,Sanger,high,2840,16,19,25,accepted,True,Primarily birds/poultry,0.04871276972086988,True,d_medoid=0.0487 > 0.0450; minority cluster (19)
MW538475.1,ST7,Gallus gallus,host_qualifier,Brazil,Unknown,feces,Sanger,high,2840,17,23,35,accepted,True,Primarily birds/poultry,0.04450457983973158,True,minority cluster (23)
MW538474.1,ST7,Gallus gallus,host_qualifier,Brazil,Unknown,feces,Sanger,high,2840,16,21,29,accepted,True,Primarily birds/poultry,0.060721728973133916,True,d_medoid=0.0607 > 0.0450; minority cluster (21)
MW538473.1,ST29,Gallus gallus,host_qualifier,Brazil,Unknown,feces,Sanger,high,2840,29,39,52,accepted,False,Full-length MinION validated,,False,
MW737700.1,ST14,Bos taurus,Unknown,China: Yunnan,Aug-2020,feces,Sanger,high,2840,49,89,189,accepted,True,Cattle/artiodactyls; rare in humans,0.03805694417129823,True,minority cluster (89)
MW737699.1,ST14,Bos taurus,Unknown,China: Yunnan,Aug-2020,feces,Sanger,high,2840,49,89,185,accepted,True,Cattle/artiodactyls; rare in humans,0.0411814322973714,True,minority cluster (89)
MW737696.1,ST12,Bos taurus,Unknown,China: Yunnan,Aug-2020,feces,Sanger,high,2840,43,68,122,accepted,True,Non-human primates; occasional in humans,0.0653899157678714,True,d_medoid=0.0654 > 0.0621; minority cluster (68)
MW737693.1,ST10,Bos taurus,Unknown,China: Yunnan,Aug-2020,feces,Sanger,high,2840,31,45,62,accepted,True,Artiodactyls; rare human reports; now split ST42-44,0.024703756514527456,True,minority cluster (45)
MW737692.1,ST10,Bos taurus,Unknown,China: Yunnan,Aug-2020,feces,Sanger,high,2840,31,44,60,accepted,True,Artiodactyls; rare human reports; now split ST42-44,0.019819485258975304,False,
MW737690.1,ST10,Bos taurus,Unknown,China: Yunnan,Aug-2020,feces,Sanger,high,2840,31,41,54,accepted,True,Artiodactyls; rare human reports; now split ST42-44,0.046303275454334665,True,minority cluster (41)
MW737689.1,ST10,Bos taurus,Unknown,China: Yunnan,Aug-2020,feces,Sanger,high,2840,31,45,63,accepted,True,Artiodactyls; rare human reports; now split ST42-44,0.014706353541282234,True,minority cluster (45)
MW737688.1,ST3,Bos taurus,Unknown,China: Yunnan,Aug-2020,feces,Sanger,high,2840,39,62,111,accepted,True,Most prevalent globally; IBS-D association,0.014851970472134816,False,
MT898459.1,ST14,Bos taurus,host_qualifier,USA,Unknown,feces,ONT,high,2840,49,88,181,accepted,True,Cattle/artiodactyls; rare in humans,-0.0,False,
MT898458.1,ST14,Bos taurus,host_qualifier,USA,Unknown,feces,ONT,high,2840,49,88,181,accepted,True,Cattle/artiodactyls; rare in humans,-0.0,False,
MT898457.1,ST10,Bos taurus,host_qualifier,USA,Unknown,feces,ONT,high,2840,31,44,61,accepted,True,Artiodactyls; rare human reports; now split ST42-44,0.002413517770650548,False,
MT898456.1,ST10,Bos taurus,host_qualifier,USA,Unknown,feces,ONT,high,2840,31,44,61,accepted,True,Artiodactyls; rare human reports; now split ST42-44,0.002413517770650548,False,
MT898455.1,ST11,Elephant,host_qualifier,USA,Unknown,feces,ONT,high,2840,55,98,206,accepted,False,Non-human primates,0.11282962628053528,True,d_medoid=0.1128 > 0.0200; minority cluster (98)
MT898454.1,ST11,Elephant,host_qualifier,USA,Unknown,feces,ONT,high,2840,55,97,205,accepted,False,Non-human primates,0.11508781391049747,True,d_medoid=0.1151 > 0.0200; minority cluster (97)
MT898453.1,ST4,Homo sapiens,host_qualifier,Spain,Unknown,feces,ONT,high,2840,35,52,73,accepted,True,Europe-dominant; possible immunoprotective role,0.000806885500097344,False,
MT898452.1,ST4,Homo sapiens,host_qualifier,USA,Unknown,culture,ONT,high,2840,35,52,73,accepted,True,Europe-dominant; possible immunoprotective role,-0.0,False,
MT898451.1,ST1,Homo sapiens,host_qualifier,USA,Unknown,culture,ONT,high,2840,59,108,241,accepted,True,Most prevalent globally; IBS association,0.000987817067395785,False,
MW228072.1,ST10,Bos taurus,Unknown,China,Unknown,feces,Sanger,high,2840,31,47,67,accepted,True,Artiodactyls; rare human reports; now split ST42-44,0.03484947447242359,True,minority cluster (47)
MW228071.1,ST10,Bos taurus,Unknown,China,Unknown,feces,Sanger,high,2840,31,44,58,accepted,True,Artiodactyls; rare human reports; now split ST42-44,0.02587477308127173,False,
MN914082.1,ST3,human feaces,Unknown,Germany,Unknown,human feaces,Ion Torrent,high,2840,38,59,90,accepted,True,Most prevalent globally; IBS-D association,0.0008075370901290517,False,
MN914081.1,ST3,human feaces,Unknown,Germany,Unknown,human feaces,Ion Torrent,high,2840,38,59,90,accepted,True,Most prevalent globally; IBS-D association,0.00572209860086763,False,
MN914080.1,ST3,human feaces,Unknown,Germany,Unknown,human feaces,Ion Torrent,high,2840,38,59,90,accepted,True,Most prevalent globally; IBS-D association,0.0056988062517148025,False,
MN914078.1,ST1,human feaces,Unknown,Germany,Unknown,human feaces,Ion Torrent,high,2840,59,108,241,accepted,True,Most prevalent globally; IBS association,0.007039944414677564,False,
MN914076.1,ST1,human feaces,Unknown,Germany,Unknown,human feaces,Ion Torrent,high,2840,59,108,241,accepted,True,Most prevalent globally; IBS association,0.002964430736867519,False,
MN914075.1,ST1,human feaces,Unknown,Germany,Unknown,human feaces,Ion Torrent,high,2840,59,108,241,accepted,True,Most prevalent globally; IBS association,0.002964430736867519,False,
MN914073.1,ST3,human feaces,Unknown,Germany,Unknown,human feaces,Ion Torrent,high,2840,38,59,90,accepted,True,Most prevalent globally; IBS-D association,-0.0,False,
MN914072.1,ST1,human feaces,Unknown,Germany,Unknown,human feaces,Ion Torrent,high,2840,59,108,241,accepted,True,Most prevalent globally; IBS association,0.002964430736867519,False,
MK801422.1,ST15,Sus scrofa domesticus,Unknown,Germany,Unknown,feces,Ion Torrent,Unknown,2840,7,7,9,accepted,False,Non-human primates,0.001627781431162271,False,
MK801421.1,ST5,Sus scrofa domesticus,Unknown,Germany,Unknown,feces,Ion Torrent,Unknown,2840,46,79,152,accepted,True,Predominantly pigs; zoonotic in humans,-0.0,False,
MK801420.1,ST15,Sus scrofa domesticus,Unknown,Romania,Unknown,feces,Ion Torrent,Unknown,2840,7,7,9,accepted,False,Non-human primates,-0.0,False,
MK801419.1,ST5,Sus scrofa domesticus,Unknown,Romania,Unknown,feces,Unknown,Unknown,2840,46,79,152,accepted,True,Predominantly pigs; zoonotic in humans,0.003387922192364859,False,
MK801418.1,ST5,Sus scrofa domesticus,Unknown,Romania,Unknown,feces,Ion Torrent,Unknown,2840,46,79,152,accepted,True,Predominantly pigs; zoonotic in humans,0.001145038390349931,False,
MK801417.1,ST5,Sus scrofa domesticus,Unknown,Austria,Unknown,feces,Ion Torrent,Unknown,2840,46,79,152,accepted,True,Predominantly pigs; zoonotic in humans,0.00230370693699015,False,
MK801416.1,ST15,Sus scrofa domesticus,Unknown,Austria,Unknown,feces,Ion Torrent,Unknown,2840,7,7,9,accepted,False,Non-human primates,0.006528876920498091,False,
MK801415.1,ST5,Sus scrofa domesticus,Unknown,Austria,Unknown,feces,Ion Torrent,Unknown,2840,46,79,152,accepted,True,Predominantly pigs; zoonotic in humans,0.0022905152370755587,False,
MK801414.1,ST5,Sus scrofa domesticus,Unknown,Austria,Unknown,feces,Ion Torrent,Unknown,2840,46,79,152,accepted,True,Predominantly pigs; zoonotic in humans,0.0011463510065164338,False,
MK801413.1,ST15,Sus scrofa domesticus,Unknown,Austria,Unknown,feces,Ion Torrent,Unknown,2840,7,7,9,accepted,False,Non-human primates,0.002155948304583352,False,
MK801412.1,ST5,Sus scrofa domesticus,Unknown,Austria,Unknown,feces,Ion Torrent,Unknown,2840,46,79,152,accepted,True,Predominantly pigs; zoonotic in humans,-0.0,False,
MK801411.1,ST1,Sus scrofa domesticus,Unknown,Austria,Unknown,feces,Ion Torrent,Unknown,2840,59,108,241,accepted,True,Most prevalent globally; IBS association,0.004947247489914933,False,
MK801410.1,ST5,Sus scrofa domesticus,Unknown,Germany,Unknown,feces,Ion Torrent,Unknown,2840,46,79,152,accepted,True,Predominantly pigs; zoonotic in humans,0.0016920480950119875,False,
MK801409.1,ST3,Sus scrofa domesticus,Unknown,Germany,Unknown,feces,Ion Torrent,Unknown,2840,38,59,90,accepted,True,Most prevalent globally; IBS-D association,0.0024252244252986827,False,
MK801408.1,ST1,Sus scrofa domesticus,Unknown,Germany,Unknown,feces,Ion Torrent,Unknown,2840,59,108,241,accepted,True,Most prevalent globally; IBS association,0.0009868422476399764,False,
MK801407.1,ST5,Sus scrofa domesticus,Unknown,Germany,Unknown,feces,Ion Torrent,Unknown,2840,46,79,152,accepted,True,Predominantly pigs; zoonotic in humans,0.005645491466184721,False,
MK801406.1,ST5,Sus scrofa domesticus,Unknown,Germany,Unknown,feces,Ion Torrent,Unknown,2840,46,79,152,accepted,True,Predominantly pigs; zoonotic in humans,0.0011549569173650571,False,
MK801405.1,ST15,Sus scrofa domesticus,Unknown,Germany,Unknown,feces,Ion Torrent,Unknown,2840,7,7,9,accepted,False,Non-human primates,0.001077199467043106,False,
MK801404.1,ST5,Sus scrofa domesticus,Unknown,Germany,Unknown,feces,Ion Torrent,Unknown,2840,46,79,152,accepted,True,Predominantly pigs; zoonotic in humans,0.0023023809332163685,False,
MK801403.1,ST3,Sus scrofa domesticus,Unknown,Germany,Unknown,feces,Ion Torrent,Unknown,2840,38,59,90,accepted,True,Most prevalent globally; IBS-D association,0.0008049370238706588,False,
MK801402.1,ST1,Sus scrofa domesticus,Unknown,Germany,Unknown,feces,Ion Torrent,Unknown,2840,59,108,241,accepted,True,Most prevalent globally; IBS association,0.0009868422476399764,False,
MK801401.1,ST5,Sus scrofa domesticus,Unknown,Germany,Unknown,feces,Ion Torrent,Unknown,2840,46,79,152,accepted,True,Predominantly pigs; zoonotic in humans,-0.0,False,
MK801400.1,ST1,Sus scrofa domesticus,Unknown,Germany,Unknown,feces,Ion Torrent,Unknown,2840,59,108,239,accepted,True,Most prevalent globally; IBS association,0.006935320224598055,False,
MK801399.1,ST5,Sus scrofa domesticus,Unknown,Germany,Unknown,feces,Ion Torrent,Unknown,2840,46,79,152,accepted,True,Predominantly pigs; zoonotic in humans,-0.0,False,
MK801398.1,ST15,Sus scrofa domesticus,Unknown,Germany,Unknown,feces,Ion Torrent,Unknown,2840,7,7,9,accepted,False,Non-human primates,0.001627781431162271,False,
MK801397.1,ST5,Sus scrofa domesticus,Unknown,Germany,Unknown,feces,Ion Torrent,Unknown,2840,46,79,152,accepted,True,Predominantly pigs; zoonotic in humans,0.0017152666138464984,False,
MK801396.1,ST1,Sus scrofa domesticus,Unknown,Germany,Unknown,feces,Ion Torrent,Unknown,2840,59,108,239,accepted,True,Most prevalent globally; IBS association,0.01192868087974835,False,
MK801395.1,ST15,Sus scrofa domesticus,Unknown,Germany,Unknown,feces,Ion Torrent,Unknown,2840,7,7,9,accepted,False,Non-human primates,0.005566921086643126,False,
MK801394.1,ST5,Sus scrofa domesticus,Unknown,Germany,Unknown,feces,Ion Torrent,Unknown,2840,46,79,152,accepted,True,Predominantly pigs; zoonotic in humans,0.007526114871995354,False,
MK801393.1,ST15,Sus scrofa domesticus,Unknown,Germany,Unknown,feces,Ion Torrent,Unknown,2840,7,7,9,accepted,False,Non-human primates,0.002722326037934043,False,
MK801392.1,ST5,Sus scrofa domesticus,Unknown,Germany,Unknown,feces,Ion Torrent,Unknown,2840,46,79,152,accepted,True,Predominantly pigs; zoonotic in humans,0.0011522952141833059,False,
MK801391.1,ST5,Sus scrofa domesticus,Unknown,Germany,Unknown,feces,Ion Torrent,Unknown,2840,46,79,152,accepted,True,Predominantly pigs; zoonotic in humans,-0.0,False,
MK801389.1,ST3,Sus scrofa domesticus,Unknown,Germany,Unknown,feces,Ion Torrent,Unknown,2840,38,59,90,accepted,True,Most prevalent globally; IBS-D association,0.0016120371601083374,False,
MK801387.1,ST15,Sus scrofa domesticus,Unknown,Germany,Unknown,feces,Ion Torrent,Unknown,2840,7,7,9,accepted,False,Non-human primates,0.002695905131361455,False,
MK801386.1,ST5,Sus scrofa domesticus,Unknown,Germany,Unknown,feces,Ion Torrent,Unknown,2840,46,79,152,accepted,True,Predominantly pigs; zoonotic in humans,-0.0,False,
MK801385.1,ST1,Sus scrofa domesticus,Unknown,Germany,Unknown,feces,Ion Torrent,Unknown,2840,59,108,239,accepted,True,Most prevalent globally; IBS association,0.01494073312091582,False,
MK801384.1,ST15,Sus scrofa domesticus,Unknown,Germany,Unknown,feces,Ion Torrent,Unknown,2840,7,7,9,accepted,False,Non-human primates,0.004379574488669496,False,
MK801383.1,ST5,Sus scrofa domesticus,Unknown,Germany,Unknown,feces,Ion Torrent,Unknown,2840,46,79,152,accepted,True,Predominantly pigs; zoonotic in humans,0.003422709876371374,False,
MK801382.1,ST15,Sus scrofa domesticus,Unknown,Germany,Unknown,feces,Ion Torrent,Unknown,2840,7,7,9,accepted,False,Non-human primates,0.0027119899374787545,False,
MK801381.1,ST5,Sus scrofa domesticus,Unknown,Germany,Unknown,feces,Ion Torrent,Unknown,2840,46,79,152,accepted,True,Predominantly pigs; zoonotic in humans,0.0022918276046084134,False,
MK801380.1,ST1,Sus scrofa domesticus,Unknown,Germany,Unknown,feces,Ion Torrent,Unknown,2840,59,108,239,accepted,True,Most prevalent globally; IBS association,0.013935371040076867,False,
MK801379.1,ST5,Sus scrofa domesticus,Unknown,Germany,Unknown,feces,Ion Torrent,Unknown,2840,46,79,152,accepted,True,Predominantly pigs; zoonotic in humans,0.002897434548161654,False,
MK801378.1,ST5,Sus scrofa domesticus,Unknown,Germany,Unknown,feces,Ion Torrent,Unknown,2840,46,79,152,accepted,True,Predominantly pigs; zoonotic in humans,0.0034602137501345406,False,
MK801377.1,ST1,Sus scrofa domesticus,Unknown,Germany,Unknown,feces,Ion Torrent,Unknown,2840,59,108,241,accepted,True,Most prevalent globally; IBS association,0.003955183853202694,False,
MK801376.1,ST5,Sus scrofa domesticus,Unknown,Germany,Unknown,feces,Ion Torrent,Unknown,2840,46,79,152,accepted,True,Predominantly pigs; zoonotic in humans,0.002884064311489169,False,
MK801375.1,ST5,Sus scrofa domesticus,Unknown,Germany,Unknown,feces,Ion Torrent,Unknown,2840,46,79,152,accepted,True,Predominantly pigs; zoonotic in humans,0.007521760248423552,False,
MK801374.1,ST5,Sus scrofa domesticus,Unknown,Germany,Unknown,feces,Ion Torrent,Unknown,2840,46,79,152,accepted,True,Predominantly pigs; zoonotic in humans,0.0023790662296079928,False,
MK801373.1,ST15,Sus scrofa domesticus,Unknown,Germany,Unknown,feces,Ion Torrent,Unknown,2840,7,7,9,accepted,False,Non-human primates,0.001627781431162271,False,
MK801372.1,ST5,Sus scrofa domesticus,Unknown,Germany,Unknown,feces,Ion Torrent,Unknown,2840,46,79,152,accepted,True,Predominantly pigs; zoonotic in humans,0.002864238730342406,False,
MK801371.1,ST5,Sus scrofa domesticus,Unknown,Germany,Unknown,feces,Ion Torrent,Unknown,2840,46,79,152,accepted,True,Predominantly pigs; zoonotic in humans,0.005779261884744879,False,
MK801370.1,ST15,Sus scrofa domesticus,Unknown,Germany,Unknown,feces,Ion Torrent,Unknown,2840,7,7,9,accepted,False,Non-human primates,0.0016172513005095457,False,
MK801369.1,ST5,Sus scrofa domesticus,Unknown,Germany,Unknown,feces,Ion Torrent,Unknown,2840,46,79,152,accepted,True,Predominantly pigs; zoonotic in humans,0.004617175028543823,False,
MK801368.1,ST2,Sus scrofa domesticus,Unknown,Germany,Unknown,feces,Ion Torrent,Unknown,2840,52,93,194,accepted,True,Common in humans; urticaria association,0.0041308193925631755,False,
MK801367.1,ST5,Sus scrofa domesticus,Unknown,Germany,Unknown,feces,Ion Torrent,Unknown,2840,46,79,152,accepted,True,Predominantly pigs; zoonotic in humans,0.002301056455049784,False,
MK801366.1,ST3,Sus scrofa domesticus,Unknown,Germany,Unknown,feces,Ion Torrent,Unknown,2840,38,59,90,accepted,True,Most prevalent globally; IBS-D association,0.000806885500097344,False,
MK801365.1,ST2,Sus scrofa domesticus,Unknown,Germany,Unknown,feces,Ion Torrent,Unknown,2840,52,94,202,accepted,True,Common in humans; urticaria association,0.023697026161970985,True,minority cluster (94)
MK801364.1,ST1,Sus scrofa domesticus,Unknown,Germany,Unknown,feces,Ion Torrent,Unknown,2840,59,108,241,accepted,True,Most prevalent globally; IBS association,0.0009868422476399764,False,
MK801363.1,ST5,Sus scrofa domesticus,Unknown,Germany,Unknown,feces,Ion Torrent,Unknown,2840,46,79,152,accepted,True,Predominantly pigs; zoonotic in humans,-0.0,False,
MK801362.1,ST3,Sus scrofa domesticus,Unknown,Germany,Unknown,feces,Ion Torrent,Unknown,2840,38,59,90,accepted,True,Most prevalent globally; IBS-D association,0.0024232654360848154,False,
MK801361.1,ST1,Sus scrofa domesticus,Unknown,Germany,Unknown,feces,Ion Torrent,Unknown,2840,59,108,241,accepted,True,Most prevalent globally; IBS association,0.001974984683070493,False,
MK801360.1,ST5,Sus scrofa domesticus,Unknown,Germany,Unknown,feces,Ion Torrent,Unknown,2840,46,79,152,accepted,True,Predominantly pigs; zoonotic in humans,-0.0,False,
MK801359.1,ST3,Sus scrofa domesticus,Unknown,Germany,Unknown,feces,Ion Torrent,Unknown,2840,38,59,90,accepted,True,Most prevalent globally; IBS-D association,0.0016146400208258173,False,
MK801358.1,ST1,Sus scrofa domesticus,Unknown,Germany,Unknown,feces,Ion Torrent,Unknown,2840,59,108,241,accepted,True,Most prevalent globally; IBS association,0.0009868422476399764,False,
MK801357.1,ST15,Sus scrofa domesticus,Unknown,Germany,Unknown,feces,Ion Torrent,Unknown,2840,7,7,9,accepted,False,Non-human primates,0.0016286651351308467,False,
MK801356.1,ST5,Sus scrofa domesticus,Unknown,Germany,Unknown,feces,Ion Torrent,Unknown,2840,46,79,152,accepted,True,Predominantly pigs; zoonotic in humans,-0.0,False,
MH358367.1,ST12,Bos grunniens,Unknown,China,Unknown,feces,Sanger,high,2840,43,71,126,accepted,True,Non-human primates; occasional in humans,0.07460195310071775,True,d_medoid=0.0746 > 0.0621; minority cluster (71)
MH358363.1,ST10,Bos grunniens,Unknown,China,Unknown,feces,Sanger,high,2840,31,42,55,accepted,True,Artiodactyls; rare human reports; now split ST42-44,0.0542252895262302,True,minority cluster (42)
MH358361.1,ST14,Bos grunniens,Unknown,China,Unknown,feces,Sanger,high,2840,49,89,186,accepted,True,Cattle/artiodactyls; rare in humans,0.042504290324183146,True,minority cluster (89)
MH127500.1,ST4,Ruttus novercious,Unknown,"Japan: Hyogo, Nishinomiya",2012,Unknown,Sanger,Unknown,2840,35,52,74,accepted,True,Europe-dominant; possible immunoprotective role,0.005666513733337126,False,
MH127499.1,ST4,Ruttus novercious,Unknown,"Japan: Hyogo, Nishinomiya",2012,Unknown,Sanger,Unknown,2840,35,52,74,accepted,True,Europe-dominant; possible immunoprotective role,0.0048543858792131096,False,
MH127498.1,ST4,Ruttus novercious,Unknown,"Japan: Osaka, Tennouji",2012,Unknown,Sanger,high,2840,35,52,74,accepted,True,Europe-dominant; possible immunoprotective role,0.005666513733337126,False,
MH127491.1,ST4,Ruttus novercious,Unknown,"Japan: Osaka, Tennouji",2012,Unknown,Sanger,high,2840,35,52,74,accepted,True,Europe-dominant; possible immunoprotective role,0.005666513733337126,False,
MH127488.1,ST4,Rattus exulans,Unknown,Indonesia: Sumba Island,Aug-2012,Unknown,Sanger,high,2840,35,52,74,accepted,True,Europe-dominant; possible immunoprotective role,0.007293412418996058,False,
MH127487.1,ST4,Rattus exulans,Unknown,Indonesia: Sumba Island,Aug-2011,Unknown,Sanger,high,2840,35,52,74,accepted,True,Europe-dominant; possible immunoprotective role,0.007293412418996058,False,
MH127485.1,ST4,Rattus exulans,Unknown,Indonesia: Sumba Island,Aug-2011,Unknown,Sanger,high,2840,35,52,74,accepted,True,Europe-dominant; possible immunoprotective role,0.007293412418996058,False,
MH127480.1,ST4,Rattus exulans,Unknown,Indonesia: Sumba Island,Aug-2009,Unknown,Sanger,high,2840,35,52,74,accepted,True,Europe-dominant; possible immunoprotective role,0.007293412418996058,False,
MH127479.1,ST4,Rattus exulans,Unknown,Indonesia: Sumba Island,Aug-2009,Unknown,Sanger,high,2840,35,52,74,accepted,True,Europe-dominant; possible immunoprotective role,0.007293412418996058,False,
MH127478.1,ST4,Rattus exulans,Unknown,Indonesia: Sumba Island,Aug-2009,Unknown,Sanger,high,2840,35,52,74,accepted,True,Europe-dominant; possible immunoprotective role,0.007293412418996058,False,
KY610205.1,ST1,Sus scrofa,Unknown,Philippines,Unknown,Unknown,Sanger,high,2840,59,108,241,accepted,True,Most prevalent globally; IBS association,0.001974984683070493,False,
KY610204.1,ST2,Sus scrofa,Unknown,Philippines,Unknown,Unknown,Sanger,high,2840,54,96,204,accepted,True,Common in humans; urticaria association,0.014911027915371699,True,minority cluster (96)
KX618192.1,ST3,Homo sapiens,Unknown,Singapore,18-Feb-2016,stool from an asymptomatic patient during health screening,Unknown,Unknown,2840,38,59,90,accepted,True,Most prevalent globally; IBS-D association,0.0007966012432375673,False,
KY290430.1,ST3,Unknown,Unknown,Malaysia,Unknown,feces,Sanger,high,2840,38,57,80,accepted,True,Most prevalent globally; IBS-D association,0.02548888764623624,False,
KY290429.1,ST3,Unknown,Unknown,Malaysia,Unknown,feces,Sanger,high,2840,38,57,80,accepted,True,Most prevalent globally; IBS-D association,0.026157838685084797,False,
KY290428.1,ST3,Unknown,unknown,Malaysia,Unknown,feces,Sanger,high,2840,38,57,80,accepted,True,Most prevalent globally; IBS-D association,0.027163462720928837,False,
KY290427.1,ST3,Unknown,unknown,Malaysia,Unknown,feces,Sanger,high,2840,38,57,80,accepted,True,Most prevalent globally; IBS-D association,0.027045675426823446,False,
KY290407.1,ST3,Unknown,unknown,Malaysia,Unknown,feces,Sanger,high,2840,38,57,80,accepted,True,Most prevalent globally; IBS-D association,0.02550986444319349,False,
KY290406.1,ST3,Unknown,unknown,Malaysia,Unknown,feces,Sanger,high,2840,38,57,80,accepted,True,Most prevalent globally; IBS-D association,0.024653000125886077,False,
KY290403.1,ST3,Unknown,unknown,Malaysia,Unknown,feces,Sanger,high,2840,38,57,80,accepted,True,Most prevalent globally; IBS-D association,0.03071053388166308,False,
KY290402.1,ST3,Unknown,unknown,Malaysia,Unknown,feces,Sanger,high,2840,38,57,80,accepted,True,Most prevalent globally; IBS-D association,0.03071053388166308,False,
KY290401.1,ST3,Unknown,unknown,Malaysia,Unknown,feces,Sanger,high,2840,38,57,80,accepted,True,Most prevalent globally; IBS-D association,0.023818043179087856,False,
KY290400.1,ST3,Unknown,unknown,Malaysia,Unknown,feces,Sanger,high,2840,38,57,80,accepted,True,Most prevalent globally; IBS-D association,0.023818043179087856,False,
KX234639.1,ST10,bird,Unknown,Malaysia,Unknown,feces,Sanger,high,2840,31,44,61,accepted,True,Artiodactyls; rare human reports; now split ST42-44,0.006027586978231899,False,
KX234638.1,ST10,Capra hircus,Unknown,Malaysia,Unknown,feces,Sanger,high,2840,31,44,61,accepted,True,Artiodactyls; rare human reports; now split ST42-44,0.004026855311293573,False,
KX234634.1,ST4,Canis lupus familiaris,Unknown,Malaysia,Unknown,feces,Sanger,high,2840,35,52,74,accepted,True,Europe-dominant; possible immunoprotective role,0.009534944950301239,False,
KX234625.1,ST3,Gallus gallus,Unknown,Malaysia,Unknown,feces,Sanger,high,2840,38,57,80,accepted,True,Most prevalent globally; IBS-D association,0.025271051706217743,False,
KX234621.1,ST7,Gallus gallus,Unknown,Malaysia,Unknown,feces,Sanger,high,2840,17,22,30,accepted,True,Primarily birds/poultry,0.021726960152040568,False,
KX234619.1,ST7,Gallus gallus,Unknown,Malaysia,Unknown,feces,Sanger,high,2840,17,22,30,accepted,True,Primarily birds/poultry,0.022360697032819746,False,
KX234618.1,ST4,Canis lupus familiaris,Unknown,Malaysia,Unknown,feces,Sanger,high,2840,35,52,74,accepted,True,Europe-dominant; possible immunoprotective role,0.011697897610250946,False,
KX234616.1,ST10,Canis lupus familiaris,Unknown,Malaysia,Unknown,feces,Sanger,high,2840,31,44,61,accepted,True,Artiodactyls; rare human reports; now split ST42-44,-0.0,False,
KX234613.1,ST8,Canis lupus familiaris,Unknown,Malaysia,Unknown,feces,Sanger,high,2840,34,51,71,accepted,True,Non-human primates; rare in humans,0.005089078050095595,False,
KX234612.1,ST8,Canis lupus familiaris,Unknown,Malaysia,Unknown,feces,Sanger,high,2840,34,51,71,accepted,True,Non-human primates; rare in humans,0.003994683212005571,False,
KX234611.1,ST3,Canis lupus familiaris,Unknown,Malaysia,Unknown,feces,Sanger,high,2840,38,57,80,accepted,True,Most prevalent globally; IBS-D association,0.027045675426823446,False,
KX234607.1,ST7,Anas platyrhynchos,Unknown,Malaysia,Unknown,feces,Sanger,high,2840,17,22,33,accepted,True,Primarily birds/poultry,0.003602528691795161,False,
KX234594.1,ST7,Gallus gallus,Unknown,Malaysia,Unknown,feces,Sanger,high,2840,17,22,33,accepted,True,Primarily birds/poultry,0.0030226741165659413,False,
KX234593.1,ST7,Gallus gallus,Unknown,Malaysia,Unknown,feces,Sanger,high,2840,17,22,33,accepted,True,Primarily birds/poultry,0.005558522002231601,False,
KX352032.1,ST3,Unknown,Unknown,Malaysia,Unknown,water,Sanger,high,2840,38,57,80,accepted,True,Most prevalent globally; IBS-D association,0.029741506207489856,False,
KX352030.1,ST3,Unknown,Unknown,Malaysia,Unknown,water,Sanger,high,2840,38,57,80,accepted,True,Most prevalent globally; IBS-D association,0.028799349700902015,False,
KX352028.1,ST3,Unknown,Unknown,Malaysia,Unknown,water,Sanger,high,2840,38,57,82,accepted,True,Most prevalent globally; IBS-D association,0.03648135541675937,False,
KX352027.1,ST3,Unknown,Unknown,Malaysia,Unknown,water,Sanger,high,2840,38,57,80,accepted,True,Most prevalent globally; IBS-D association,0.030778640523835513,False,
KX352026.1,ST4,Unknown,Unknown,Malaysia,Unknown,water,Sanger,high,2840,35,52,74,accepted,True,Europe-dominant; possible immunoprotective role,0.010850098813315032,False,
KX352025.1,ST3,Unknown,Unknown,Malaysia,Unknown,water,Sanger,high,2840,38,57,80,accepted,True,Most prevalent globally; IBS-D association,0.02949441719013403,False,
KX352024.1,ST3,Unknown,Unknown,Malaysia,Unknown,water,Sanger,high,2840,38,57,80,accepted,True,Most prevalent globally; IBS-D association,0.02652210055605171,False,
KX352018.1,ST3,Unknown,Unknown,Malaysia,Unknown,water,Sanger,high,2840,38,57,80,accepted,True,Most prevalent globally; IBS-D association,0.027958974174104954,False,
KX352013.1,ST3,Unknown,Unknown,Malaysia,Unknown,water,Sanger,high,2840,38,57,80,accepted,True,Most prevalent globally; IBS-D association,0.026536291515275815,False,
KX352006.1,ST10,Unknown,Unknown,Malaysia,Unknown,water,Sanger,high,2840,31,44,61,accepted,True,Artiodactyls; rare human reports; now split ST42-44,0.004062848505314755,False,
KX351987.1,ST4,Homo sapiens,Unknown,Malaysia,Unknown,feces,Sanger,high,2840,35,52,74,accepted,True,Europe-dominant; possible immunoprotective role,0.012062293314965672,False,
KX351986.1,ST3,Homo sapiens,Unknown,Malaysia,Unknown,feces,Sanger,high,2840,38,57,80,accepted,True,Most prevalent globally; IBS-D association,0.028950962772609036,False,
KX351985.1,ST3,Homo sapiens,Unknown,Malaysia,Unknown,feces,Sanger,high,2840,38,57,80,accepted,True,Most prevalent globally; IBS-D association,0.030839888480624564,False,
KX351984.1,ST3,Homo sapiens,Unknown,Malaysia,Unknown,feces,Sanger,high,2840,38,57,80,accepted,True,Most prevalent globally; IBS-D association,0.02696292842084257,False,
KX351983.1,ST3,Homo sapiens,Unknown,Malaysia,Unknown,feces,Sanger,high,2840,38,57,83,accepted,True,Most prevalent globally; IBS-D association,0.032451715092438,False,
KX351982.1,ST3,Homo sapiens,Unknown,Malaysia,Unknown,feces,Sanger,high,2840,38,57,80,accepted,True,Most prevalent globally; IBS-D association,0.03172279027509127,False,
KX234637.1,ST4,Capra hircus,Unknown,Malaysia,Unknown,feces,Sanger,high,2840,35,52,74,accepted,True,Europe-dominant; possible immunoprotective role,0.009213875095933268,False,
KX234624.1,ST3,Gallus gallus,Unknown,Malaysia,Unknown,feces,Sanger,high,2840,38,57,80,accepted,True,Most prevalent globally; IBS-D association,0.02966632904887287,False,
KX234601.1,ST8,Capra hircus,Unknown,Malaysia,Unknown,feces,Sanger,high,2840,34,51,71,accepted,True,Non-human primates; rare in humans,0.005621011321695291,False,
KX234596.1,ST9,Gallus gallus,Unknown,Malaysia,Unknown,feces,Sanger,high,2840,12,14,19,accepted,True,Human-specific; rare,0.0016741078379555875,False,
JQ974945.1,ST8,Pan troglodytes,Unknown,Czech Republic: ZOO Liberec,Unknown,feces,Unknown,high,2840,34,51,71,accepted,True,Non-human primates; rare in humans,-0.0,False,
KF447173.1,ST7,Unknown,unknown,Unknown,Unknown,Unknown,Sanger,high,2840,17,22,33,accepted,True,Primarily birds/poultry,0.0005545286759089746,False,
KF447172.1,ST7,Unknown,unknown,Unknown,Unknown,Unknown,Sanger,high,2840,17,22,32,accepted,True,Primarily birds/poultry,0.009504413440324853,False,
KF447171.1,ST7,Unknown,unknown,Unknown,Unknown,Unknown,Sanger,high,2840,17,22,32,accepted,True,Primarily birds/poultry,0.008941983717679609,False,
KF447170.1,ST7,Unknown,unknown,Unknown,Unknown,Unknown,Sanger,high,2840,17,22,33,accepted,True,Primarily birds/poultry,0.0011094676579418777,False,
KF447169.1,ST7,Unknown,unknown,Unknown,Unknown,Unknown,Sanger,high,2840,17,22,30,accepted,True,Primarily birds/poultry,0.010067265249105496,False,
KF447168.1,ST7,Unknown,unknown,Unknown,Unknown,Unknown,Sanger,high,2840,17,22,33,accepted,True,Primarily birds/poultry,0.0038903384745861617,False,
KF447167.1,ST7,Unknown,unknown,Unknown,Unknown,Unknown,Sanger,high,2840,17,22,31,accepted,True,Primarily birds/poultry,0.011175472180983491,False,
KF447166.1,ST7,Unknown,unknown,Unknown,Unknown,Unknown,Sanger,high,2840,17,22,33,accepted,True,Primarily birds/poultry,0.00614643037720286,False,
KF447165.1,ST7,Unknown,unknown,Unknown,Unknown,Unknown,Sanger,high,2840,17,22,33,accepted,True,Primarily birds/poultry,0.004450226296311626,False,
KF447164.1,ST7,Unknown,unknown,Unknown,Unknown,Unknown,Sanger,high,2840,17,22,33,accepted,True,Primarily birds/poultry,0.005579345053261825,False,
KF447163.1,ST7,Unknown,unknown,Unknown,Unknown,Unknown,Sanger,high,2840,17,22,33,accepted,True,Primarily birds/poultry,-0.0,False,
KF447162.1,ST7,Unknown,unknown,Unknown,Unknown,Unknown,Sanger,high,2840,17,22,33,accepted,True,Primarily birds/poultry,0.0067002120655444974,False,
KF447161.1,ST7,Unknown,unknown,Unknown,Unknown,Unknown,Sanger,high,2840,17,22,32,accepted,True,Primarily birds/poultry,0.008927016309211042,False,
KF447160.1,ST7,Unknown,unknown,Unknown,Unknown,Unknown,Sanger,high,2840,17,22,33,accepted,True,Primarily birds/poultry,0.0022205789722741,False,
KF447159.1,ST7,Unknown,unknown,Unknown,Unknown,Unknown,Sanger,high,2840,17,22,32,accepted,True,Primarily birds/poultry,0.00950973024139537,False,
KF447158.1,ST7,Unknown,unknown,Unknown,Unknown,Unknown,Sanger,high,2840,17,22,32,accepted,True,Primarily birds/poultry,0.010636491016705085,False,
KF447157.1,ST7,Unknown,unknown,Unknown,Unknown,Unknown,Sanger,high,2840,17,22,33,accepted,True,Primarily birds/poultry,0.0072734624510962,False,
KC138681.1,ST9,Homo sapiens,host_qualifier,Unknown,Unknown,feces,Sanger,high,2840,12,14,19,accepted,True,Human-specific; rare,-0.0,False,
KC148211.1,ST15,Hylobates lar,Unknown,Unknown,Unknown,Gibbon,Sanger,high,2840,7,7,9,accepted,False,Non-human primates,0.0021664575454174205,False,
KC148210.1,ST15,Camelus dromedarius,Unknown,Unknown,Unknown,Camelus dromedarius,Sanger,high,2840,7,7,9,accepted,False,Non-human primates,0.002155948304583352,False,
KC148209.1,ST13,Tragulus javanicus,Unknown,Unknown,Unknown,Tragulus javanicus,Sanger,high,2840,48,85,176,accepted,True,Rare; occasional human reports,0.0029615043415622483,False,
KC148208.1,ST17,Ctenodactylus gundi,Unknown,Unknown,Unknown,Ctenodactylus gundi,Sanger,high,2840,4,4,5,accepted,False,Rodents; cattle,0.11021279645310761,False,
KC148207.1,ST10,Camelus dromedarius,Unknown,Unknown,Unknown,Camelus dromedarius,Sanger,high,2840,31,44,61,accepted,True,Artiodactyls; rare human reports; now split ST42-44,0.0008036432593198368,False,
KC148206.1,ST14,Unknown,Unknown,Unknown,Unknown,Ovis orientalis musimon,Sanger,high,2840,49,89,188,accepted,True,Cattle/artiodactyls; rare in humans,0.027443904902765562,True,minority cluster (89)
KC148205.1,ST14,Bos taurus,Unknown,Unknown,Unknown,Bos taurus,Sanger,high,2840,49,88,181,accepted,True,Cattle/artiodactyls; rare in humans,0.002828590944716746,False,
JQ665872.1,ST1,Homo sapiens,host_qualifier,Thailand,Nov-2008,Unknown,Sanger,high,2840,59,107,223,accepted,True,Most prevalent globally; IBS association,0.02303251761402947,False,
JQ665869.1,ST1,Homo sapiens,host_qualifier,Thailand,Nov-2008,Unknown,Sanger,high,2840,59,107,223,accepted,True,Most prevalent globally; IBS association,0.023455344560325747,False,
JQ665868.1,ST1,Homo sapiens,host_qualifier,Thailand,Nov-2008,Unknown,Sanger,high,2840,59,107,223,accepted,True,Most prevalent globally; IBS association,0.02624763152782216,False,
JQ665867.1,ST1,Homo sapiens,host_qualifier,Thailand,Nov-2008,Unknown,Sanger,high,2840,59,107,223,accepted,True,Most prevalent globally; IBS association,0.02312515632719415,False,
JQ665866.1,ST1,Homo sapiens,host_qualifier,Thailand,Nov-2008,Unknown,Sanger,high,2840,59,108,241,accepted,True,Most prevalent globally; IBS association,0.0029910308834666588,False,
JQ665865.1,ST1,Homo sapiens,host_qualifier,Thailand,Nov-2008,Unknown,Sanger,high,2840,59,108,241,accepted,True,Most prevalent globally; IBS association,-0.0,False,
JQ665864.1,ST1,Homo sapiens,host_qualifier,Thailand,Nov-2008,Unknown,Sanger,high,2840,59,108,241,accepted,True,Most prevalent globally; IBS association,0.0009868422476399764,False,
JQ665863.1,ST1,Homo sapiens,host_qualifier,Thailand,Nov-2008,Unknown,Sanger,high,2840,59,108,241,accepted,True,Most prevalent globally; IBS association,-0.0,False,
JQ665862.1,ST1,Homo sapiens,host_qualifier,Thailand,Nov-2008,Unknown,Sanger,high,2840,59,108,241,accepted,True,Most prevalent globally; IBS association,-0.0,False,
JQ665860.1,ST1,Homo sapiens,host_qualifier,Thailand,Nov-2008,Unknown,Sanger,high,2840,59,108,241,accepted,True,Most prevalent globally; IBS association,0.002997006985036482,False,
JQ665858.1,ST1,Homo sapiens,host_qualifier,Thailand,Nov-2008,Unknown,Sanger,high,2840,59,108,241,accepted,True,Most prevalent globally; IBS association,0.001974984683070493,False,
JQ665857.1,ST1,Homo sapiens,host_qualifier,Thailand,Nov-2008,Unknown,Sanger,high,2840,59,108,241,accepted,True,Most prevalent globally; IBS association,0.0019769368942424404,False,
JQ665856.1,ST1,Homo sapiens,host_qualifier,Thailand,Nov-2008,Unknown,Sanger,high,2840,59,108,241,accepted,True,Most prevalent globally; IBS association,0.0019828167530474344,False,
JQ665853.1,ST1,Homo sapiens,host_qualifier,Thailand,Nov-2008,Unknown,Sanger,high,2840,59,108,241,accepted,True,Most prevalent globally; IBS association,0.0010006672598524577,False,
JQ665851.1,ST1,Homo sapiens,host_qualifier,Thailand,Nov-2008,Unknown,Sanger,high,2840,59,107,223,accepted,True,Most prevalent globally; IBS association,0.030276563046859876,False,
JQ665850.1,ST6,Homo sapiens,host_qualifier,Thailand,Nov-2008,Unknown,Sanger,high,2840,12,12,15,accepted,True,Primarily birds/poultry,-0.0,False,
JQ665849.1,ST6,Homo sapiens,host_qualifier,Thailand,Nov-2008,Unknown,Sanger,high,2840,12,12,15,accepted,True,Primarily birds/poultry,0.002997006985036482,False,
JQ665848.1,ST2,Homo sapiens,host_qualifier,Thailand,Nov-2008,Unknown,Sanger,high,2840,52,93,194,accepted,True,Common in humans; urticaria association,0.002467107487799068,False,
JQ665847.1,ST1,Homo sapiens,host_qualifier,Thailand,Nov-2008,Unknown,Sanger,high,2840,59,107,223,accepted,True,Most prevalent globally; IBS association,0.024367625568340788,False,
JQ665846.1,ST1,Homo sapiens,host_qualifier,Thailand,Nov-2008,Unknown,Sanger,high,2840,59,107,223,accepted,True,Most prevalent globally; IBS association,0.02312515632719415,False,
JQ665844.1,ST1,Homo sapiens,host_qualifier,Thailand,Nov-2008,Unknown,Sanger,high,2840,59,108,241,accepted,True,Most prevalent globally; IBS association,-0.0,False,
HQ909891.1,ST3,Colobus abyssinicus,Unknown,Unknown,Unknown,Unknown,Unknown,high,2840,38,57,84,accepted,True,Most prevalent globally; IBS-D association,0.034745667146344236,False,
HQ909890.1,ST3,Papio sp.,Unknown,Unknown,Unknown,Unknown,Unknown,high,2840,38,58,85,accepted,True,Most prevalent globally; IBS-D association,0.0213362309681379,False,
JN682513.1,ST4,Homo sapiens,Unknown,USA,Unknown,Unknown,Unknown,high,2840,35,52,74,accepted,True,Europe-dominant; possible immunoprotective role,0.007293412418996058,False,
GU256937.1,ST12,western grey kangaroo,Unknown,Australia,Unknown,Unknown,Unknown,high,2840,42,65,114,accepted,True,Non-human primates; occasional in humans,0.10239517620324076,True,d_medoid=0.1024 > 0.0621; minority cluster (65)
GU256936.1,ST12,western grey kangaroo,Unknown,Australia,Unknown,Unknown,Unknown,high,2840,42,65,115,accepted,True,Non-human primates; occasional in humans,0.1060587405373714,True,d_medoid=0.1061 > 0.0621; minority cluster (65)
GU256935.1,ST13,quokka,host_qualifier,Australia,Unknown,Unknown,Unknown,high,2840,48,85,176,accepted,True,Rare; occasional human reports,-0.0,False,
GU256913.1,ST12,giraffe,host_qualifier,Belgium,Unknown,Unknown,Unknown,high,2840,42,66,117,accepted,True,Non-human primates; occasional in humans,0.08338984452587928,True,d_medoid=0.0834 > 0.0621; minority cluster (66)
GU256911.1,ST12,giraffe,host_qualifier,Belgium,Unknown,Unknown,Unknown,high,2840,42,66,116,accepted,True,Non-human primates; occasional in humans,0.07348530627015284,True,d_medoid=0.0735 > 0.0621; minority cluster (66)
GU256905.1,ST12,giraffe,host_qualifier,Australia,Unknown,Unknown,Unknown,high,2840,42,66,116,accepted,True,Non-human primates; occasional in humans,0.0643251163180688,True,d_medoid=0.0643 > 0.0621; minority cluster (66)
GU256904.1,ST11,elephant,host_qualifier,Australia,Unknown,Unknown,Unknown,high,2840,55,97,205,accepted,False,Non-human primates,0.1174014482612258,True,d_medoid=0.1174 > 0.0200; minority cluster (97)
PV866592.1,ST1,Red-crowned Cranes (Grus japonensis),Unknown,China,2025,Unknown,Sanger,low,2840,59,107,227,accepted,True,Most prevalent globally; IBS association,0.026089587064061656,False,
PV866591.1,ST1,Red-crowned Cranes (Grus japonensis),Unknown,China,2025,Unknown,Sanger,low,2840,59,107,228,accepted,True,Most prevalent globally; IBS association,0.03224136454806604,False,
PV866590.1,ST1,Red-crowned Cranes (Grus japonensis),Unknown,China,2025,Unknown,Sanger,low,2840,59,107,227,accepted,True,Most prevalent globally; IBS association,0.028134578106093912,False,
PV263255.1,ST3,Homo sapiens,organism,Iraq: Erbil,Sep-2022,stool,Sanger,low,2840,38,59,90,accepted,True,Most prevalent globally; IBS-D association,0.0007966012432375673,False,
PV263254.1,ST3,Homo sapiens,organism,Iraq: Erbil,Jul-2021,stool,Sanger,low,2840,38,59,90,accepted,True,Most prevalent globally; IBS-D association,0.0015940494842351083,False,
PV263253.1,ST3,Homo sapiens,organism,Iraq: Erbil,May-2020,stool,Sanger,low,2840,38,59,90,accepted,True,Most prevalent globally; IBS-D association,0.002392346526075112,False,
PV263252.1,ST3,Homo sapiens,organism,Iraq: Erbil,May-2019,stool,Sanger,low,2840,38,59,90,accepted,True,Most prevalent globally; IBS-D association,0.0015940494842351083,False,
PV263251.1,ST3,Homo sapiens,organism,Iraq: Erbil,Apr-2018,stool,Sanger,low,2840,38,59,90,accepted,True,Most prevalent globally; IBS-D association,0.0007966012432375673,False,
PV263250.1,ST3,Homo sapiens,organism,Iraq: Erbil,Apr-2017,stool,Sanger,low,2840,38,59,90,accepted,True,Most prevalent globally; IBS-D association,0.0007966012432375673,False,
PV263249.1,ST3,Homo sapiens,organism,Iraq: Erbil,Feb-2002,stool,Sanger,low,2840,38,59,90,accepted,True,Most prevalent globally; IBS-D association,-0.0,False,
MK880048.1,ST6,Saltator similis,host_qualifier,Brazil,Unknown,feces,Sanger,high,2840,12,12,15,accepted,True,Primarily birds/poultry,0.0040554340109117595,False,
OR603934.1,ST13,Dugong dugon,host_qualifier,Qatar,Unknown,Unknown,Sanger,low,2840,1,1,1,accepted,True,Rare; occasional human reports,0.29062778747524415,True,d_medoid=0.2906 > 0.1247
OR603933.1,ST13,Dugong dugon,host_qualifier,Qatar,Unknown,Unknown,Sanger,low,2840,1,1,1,accepted,True,Rare; occasional human reports,0.2977158138301918,True,d_medoid=0.2977 > 0.1247
OR117713.1,ST24,Ovis aries,Unknown,Portugal,Unknown,feces,ONT,high,2840,49,89,184,tentative,False,Cattle (USA),0.01656579150996811,False,
OR117712.1,ST24,Ovis aries,Unknown,Portugal,Unknown,feces,ONT,high,2840,49,89,188,tentative,False,Cattle (USA),-0.0,False,
OR117710.1,ST24,Ovis aries,Unknown,Portugal,Unknown,feces,ONT,high,2840,49,89,184,tentative,False,Cattle (USA),0.01656579150996811,False,
OR117709.1,ST24,Ovis aries,Unknown,Portugal,Unknown,feces,ONT,high,2840,49,89,188,tentative,False,Cattle (USA),0.0005651846537246389,False,
OR117684.1,ST24,Ovis aries,host_qualifier,Portugal,Unknown,feces,ONT,high,2840,49,89,188,tentative,False,Cattle (USA),-0.0,False,
OR117683.1,ST24,Ovis aries,host_qualifier,Portugal,Unknown,feces,ONT,high,2840,49,89,188,tentative,False,Cattle (USA),0.0028301920377296185,False,
OR117682.1,ST24,Capra hircus,Unknown,Portugal,Unknown,feces,ONT,high,2840,49,89,188,tentative,False,Cattle (USA),-0.0,False,
OR117680.1,ST24,Ovis aries,host_qualifier,Portugal,Unknown,feces,ONT,high,2840,49,89,187,tentative,False,Cattle (USA),0.015988424275911694,False,
OR117679.1,ST24,Capra hircus,Unknown,Portugal,Unknown,feces,ONT,high,2840,49,89,187,tentative,False,Cattle (USA),0.015988424275911694,False,
OR117675.1,ST24,Bos taurus,host_qualifier,USA,Unknown,feces,ONT,high,2840,49,89,184,tentative,False,Cattle (USA),0.014835021511105412,False,
OR117657.1,ST42,Bos taurus,host_qualifier,Portugal,Unknown,feces,ONT,low,2840,31,41,54,accepted,False,ST10 split; Santin et al. 2024,0.006251220126268505,False,
OR117655.1,ST42,Bos taurus,host_qualifier,Portugal,Unknown,feces,ONT,low,2840,31,41,54,accepted,False,ST10 split; Santin et al. 2024,0.0056807694427491165,False,
OR117654.1,ST42,Bos taurus,host_qualifier,Portugal,Unknown,feces,ONT,low,2840,31,41,54,accepted,False,ST10 split; Santin et al. 2024,0.0022658627506321584,False,
OR117647.1,ST10,Ovis aries,host_qualifier,Portugal,Unknown,feces,ONT,high,2840,31,44,61,accepted,True,Artiodactyls; rare human reports; now split ST42-44,0.0016081485657444535,False,
OR117646.1,ST10,Ovis aries,host_qualifier,Portugal,Unknown,feces,ONT,high,2840,31,44,61,accepted,True,Artiodactyls; rare human reports; now split ST42-44,0.0016081485657444535,False,
OR117645.1,ST10,Ovis aries,host_qualifier,Portugal,Unknown,feces,ONT,high,2840,31,44,61,accepted,True,Artiodactyls; rare human reports; now split ST42-44,0.0016081485657444535,False,
OR117644.1,ST10,Ovis aries,host_qualifier,Portugal,Unknown,feces,ONT,high,2840,31,44,61,accepted,True,Artiodactyls; rare human reports; now split ST42-44,0.0008036432593198368,False,
OR117643.1,ST10,Ovis aries,Unknown,Portugal,Unknown,feces,ONT,Unknown,2840,31,44,61,accepted,True,Artiodactyls; rare human reports; now split ST42-44,0.001609442677707578,False,
OR117642.1,ST10,Roe deer,host_qualifier,Portugal,Unknown,feces,ONT,high,2840,31,44,61,accepted,True,Artiodactyls; rare human reports; now split ST42-44,0.0016081485657444535,False,
OR117641.1,ST10,Capra hircus,Unknown,Portugal,Unknown,feces,ONT,high,2840,31,44,61,accepted,True,Artiodactyls; rare human reports; now split ST42-44,0.0008036432593198368,False,
OR117639.1,ST10,Ovis aries,host_qualifier,Portugal,Unknown,feces,ONT,high,2840,31,44,60,accepted,True,Artiodactyls; rare human reports; now split ST42-44,0.011330131846607513,False,
OR117637.1,ST10,Ovis aries,host_qualifier,Portugal,Unknown,feces,ONT,high,2840,31,44,60,accepted,True,Artiodactyls; rare human reports; now split ST42-44,0.011330131846607513,False,
OR117636.1,ST10,Ovis aries,host_qualifier,Portugal,Unknown,feces,ONT,high,2840,31,44,60,accepted,True,Artiodactyls; rare human reports; now split ST42-44,0.011330131846607513,False,
OR117634.1,ST10,Capra hircus,Unknown,Portugal,Unknown,feces,ONT,high,2840,31,44,60,accepted,True,Artiodactyls; rare human reports; now split ST42-44,0.011330131846607513,False,
OR117630.1,ST42,Bos taurus,Unknown,USA,Unknown,feces,ONT,Unknown,2840,31,41,54,accepted,False,ST10 split; Santin et al. 2024,0.0017006810008354093,False,
OR117628.1,ST42,Bos taurus,host_qualifier,USA,Unknown,feces,ONT,low,2840,31,41,54,accepted,False,ST10 split; Santin et al. 2024,-0.0,False,
OR117627.1,ST42,Bos taurus,Unknown,USA,Unknown,feces,ONT,Unknown,2840,31,41,54,accepted,False,ST10 split; Santin et al. 2024,0.0034013663740434467,False,
OR117623.1,ST10,Bos taurus,host_qualifier,USA,Unknown,feces,ONT,high,2840,31,44,60,accepted,True,Artiodactyls; rare human reports; now split ST42-44,0.011330131846607513,False,
OQ703608.1,ST17,Homo sapiens,host_qualifier,Colombia,Unknown,feces,ONT,low,2840,4,4,6,accepted,False,Rodents; cattle,0.10840701708958733,False,
OR053705.1,ST3,Homo sapiens,organism,Iran,01-Aug-2022,human stool,Sanger,low,2840,38,57,80,accepted,True,Most prevalent globally; IBS-D association,0.03131979077144451,False,
OR053704.1,ST1,Homo sapiens,organism,Iran,01-Aug-2022,human stool,Sanger,high,2840,59,108,241,accepted,True,Most prevalent globally; IBS association,0.0009868422476399764,False,
OR053703.1,ST1,Homo sapiens,Unknown,Iran,01-Aug-2022,human stool,Sanger,medium,2840,59,108,241,accepted,True,Most prevalent globally; IBS association,0.0009937066707082088,False,
OQ693813.1,ST11,iguana,host_qualifier,Thailand,2022,Unknown,Sanger,low,2840,41,64,113,accepted,False,Non-human primates,-0.0,False,
OQ693812.1,ST11,iguana,host_qualifier,Thailand,2022,Unknown,Sanger,low,2840,41,64,113,accepted,False,Non-human primates,-0.0,False,
OQ693811.1,ST11,iguana,host_qualifier,Thailand,2022,Unknown,Sanger,low,2840,41,64,113,accepted,False,Non-human primates,-0.0,False,
OQ693810.1,ST11,iguana,host_qualifier,Thailand,2022,Unknown,Sanger,low,2840,41,64,113,accepted,False,Non-human primates,-0.0,False,
OQ693809.1,ST11,iguana,host_qualifier,Thailand,2022,Unknown,Sanger,low,2840,41,64,113,accepted,False,Non-human primates,-0.0,False,
OQ693808.1,ST11,iguana,host_qualifier,Thailand,2022,Unknown,Sanger,low,2840,41,64,113,accepted,False,Non-human primates,-0.0,False,
OQ693807.1,ST11,iguana,host_qualifier,Thailand,2022,Unknown,Sanger,low,2840,41,64,113,accepted,False,Non-human primates,-0.0,False,
OQ693806.1,ST11,iguana,host_qualifier,Thailand,2022,Unknown,Sanger,low,2840,41,64,113,accepted,False,Non-human primates,-0.0,False,
OQ693805.1,ST11,iguana,host_qualifier,Thailand,2022,Unknown,Sanger,low,2840,41,64,113,accepted,False,Non-human primates,-0.0,False,
OQ693804.1,ST11,iguana,host_qualifier,Thailand,2022,Unknown,Sanger,low,2840,41,64,113,accepted,False,Non-human primates,-0.0,False,
OQ693803.1,ST11,iguana,host_qualifier,Thailand,2022,Unknown,Sanger,low,2840,41,64,113,accepted,False,Non-human primates,-0.0,False,
OQ693802.1,ST11,iguana,host_qualifier,Thailand,2022,Unknown,Sanger,low,2840,41,64,113,accepted,False,Non-human primates,-0.0,False,
OQ693801.1,ST11,iguana,host_qualifier,Thailand,2022,Unknown,Sanger,low,2840,41,64,113,accepted,False,Non-human primates,-0.0,False,
OQ693799.1,ST11,iguana,host_qualifier,Thailand,2022,Unknown,Sanger,low,2840,41,64,113,accepted,False,Non-human primates,-0.0,False,
OQ693797.1,ST11,iguana,host_qualifier,Thailand,2022,Unknown,Sanger,low,2840,41,64,113,accepted,False,Non-human primates,-0.0,False,
OQ693795.1,ST11,iguana,host_qualifier,Thailand,2022,Unknown,Sanger,low,2840,41,64,113,accepted,False,Non-human primates,0.0019274022814374197,False,
OQ693794.1,ST11,iguana,host_qualifier,Thailand,2022,Unknown,Sanger,low,2840,41,64,113,accepted,False,Non-human primates,-0.0,False,
OQ693793.1,ST11,iguana,host_qualifier,Thailand,2022,Unknown,Sanger,low,2840,41,64,113,accepted,False,Non-human primates,-0.0,False,
OQ693792.1,ST11,iguana,host_qualifier,Thailand,2022,Unknown,Sanger,low,2840,41,64,113,accepted,False,Non-human primates,-0.0,False,
OQ693791.1,ST11,iguana,host_qualifier,Thailand,2022,Unknown,Sanger,low,2840,41,64,113,accepted,False,Non-human primates,-0.0,False,
OQ693789.1,ST11,iguana,host_qualifier,Thailand,2022,Unknown,Sanger,low,2840,41,64,113,accepted,False,Non-human primates,-0.0,False,
OQ693788.1,ST11,iguana,host_qualifier,Thailand,2022,Unknown,Sanger,low,2840,41,64,113,accepted,False,Non-human primates,-0.0,False,
OQ693787.1,ST11,iguana,host_qualifier,Thailand,2022,Unknown,Sanger,low,2840,41,64,113,accepted,False,Non-human primates,-0.0,False,
OQ693784.1,ST11,iguana,host_qualifier,Thailand,2022,Unknown,Sanger,low,2840,41,64,113,accepted,False,Non-human primates,-0.0,False,
OQ693783.1,ST11,iguana,host_qualifier,Thailand,2022,Unknown,Sanger,low,2840,41,64,113,accepted,False,Non-human primates,-0.0,False,
OQ693782.1,ST11,iguana,host_qualifier,Thailand,2022,Unknown,Sanger,low,2840,41,64,113,accepted,False,Non-human primates,0.0009696187517288951,False,
OQ693779.1,ST11,iguana,host_qualifier,Thailand,2022,Unknown,Sanger,low,2840,41,64,113,accepted,False,Non-human primates,-0.0,False,
OQ693777.1,ST11,iguana,host_qualifier,Thailand,2022,Unknown,Sanger,low,2840,41,64,113,accepted,False,Non-human primates,-0.0,False,
OQ693776.1,ST11,iguana,host_qualifier,Thailand,2022,Unknown,Sanger,low,2840,41,64,113,accepted,False,Non-human primates,-0.0,False,
OQ693774.1,ST11,iguana,host_qualifier,Thailand,2022,Unknown,Sanger,low,2840,41,64,113,accepted,False,Non-human primates,-0.0,False,
OQ693773.1,ST11,iguana,host_qualifier,Thailand,2022,Unknown,Sanger,low,2840,41,64,113,accepted,False,Non-human primates,-0.0,False,
OQ693772.1,ST11,iguana,host_qualifier,Thailand,2022,Unknown,Sanger,low,2840,41,64,113,accepted,False,Non-human primates,-0.0,False,
OQ693771.1,ST11,iguana,host_qualifier,Thailand,2022,Unknown,Sanger,low,2840,41,64,113,accepted,False,Non-human primates,-0.0,False,
OQ693770.1,ST11,iguana,host_qualifier,Thailand,2022,Unknown,Sanger,low,2840,41,64,113,accepted,False,Non-human primates,-0.0,False,
OQ693769.1,ST11,iguana,host_qualifier,Thailand,2022,Unknown,Sanger,low,2840,40,63,112,accepted,False,Non-human primates,0.05610090981202381,True,d_medoid=0.0561 > 0.0200; minority cluster (63)
OQ693766.1,ST11,iguana,host_qualifier,Thailand,2022,Unknown,Sanger,low,2840,41,64,113,accepted,False,Non-human primates,-0.0,False,
OQ693765.1,ST11,iguana,host_qualifier,Thailand,2022,Unknown,Sanger,low,2840,41,64,113,accepted,False,Non-human primates,-0.0,False,
OQ693764.1,ST11,iguana,host_qualifier,Thailand,2022,Unknown,Sanger,low,2840,41,64,113,accepted,False,Non-human primates,-0.0,False,
OQ693762.1,ST11,iguana,host_qualifier,Thailand,2022,Unknown,Sanger,low,2840,41,64,113,accepted,False,Non-human primates,0.0009621553596668643,False,
OQ693761.1,ST11,iguana,host_qualifier,Thailand,2022,Unknown,Sanger,low,2840,40,63,112,accepted,False,Non-human primates,0.05522735038167925,True,d_medoid=0.0552 > 0.0200; minority cluster (63)
OQ693760.1,ST11,iguana,host_qualifier,Thailand,2022,Unknown,Sanger,low,2840,40,63,112,accepted,False,Non-human primates,0.05567479361288073,True,d_medoid=0.0557 > 0.0200; minority cluster (63)
OQ693758.1,ST11,iguana,host_qualifier,Thailand,2022,Unknown,Sanger,low,2840,41,64,113,accepted,False,Non-human primates,-0.0,False,
OQ693757.1,ST11,iguana,host_qualifier,Thailand,2022,Unknown,Sanger,low,2840,41,64,113,accepted,False,Non-human primates,-0.0,False,
OQ693756.1,ST11,iguana,host_qualifier,Thailand,2022,Unknown,Sanger,low,2840,41,64,113,accepted,False,Non-human primates,-0.0,False,
OQ693755.1,ST11,iguana,host_qualifier,Thailand,2022,Unknown,Sanger,low,2840,41,64,113,accepted,False,Non-human primates,0.0009630819942967109,False,
OQ693754.1,ST11,iguana,host_qualifier,Thailand,2022,Unknown,Sanger,low,2840,41,64,113,accepted,False,Non-human primates,0.0028901769869924747,False,
OQ693753.1,ST11,iguana,host_qualifier,Thailand,2022,Unknown,Sanger,low,2840,41,64,113,accepted,False,Non-human primates,-0.0,False,
OQ693751.1,ST11,iguana,host_qualifier,Thailand,2022,Unknown,Sanger,low,2840,41,64,113,accepted,False,Non-human primates,-0.0,False,
OQ693749.1,ST11,iguana,host_qualifier,Thailand,2022,Unknown,Sanger,low,2840,41,64,113,accepted,False,Non-human primates,-0.0,False,
OQ693748.1,ST11,iguana,host_qualifier,Thailand,2022,Unknown,Sanger,low,2840,41,64,113,accepted,False,Non-human primates,-0.0,False,
OQ693747.1,ST11,iguana,host_qualifier,Thailand,2022,Unknown,Sanger,low,2840,41,64,113,accepted,False,Non-human primates,-0.0,False,
OQ693746.1,ST11,iguana,host_qualifier,Thailand,2022,Unknown,Sanger,low,2840,41,64,113,accepted,False,Non-human primates,-0.0,False,
OQ693745.1,ST11,iguana,host_qualifier,Thailand,2022,Unknown,Sanger,low,2840,41,64,113,accepted,False,Non-human primates,-0.0,False,
OQ693744.1,ST11,iguana,host_qualifier,Thailand,2022,Unknown,Sanger,low,2840,41,64,113,accepted,False,Non-human primates,-0.0,False,
OQ693743.1,ST11,iguana,host_qualifier,Thailand,2022,Unknown,Sanger,low,2840,41,64,113,accepted,False,Non-human primates,-0.0,False,
OQ693742.1,ST11,iguana,host_qualifier,Thailand,2022,Unknown,Sanger,low,2840,41,64,113,accepted,False,Non-human primates,-0.0,False,
OQ693741.1,ST11,iguana,host_qualifier,Thailand,2022,Unknown,Sanger,low,2840,41,64,113,accepted,False,Non-human primates,-0.0,False,
OQ693739.1,ST11,iguana,host_qualifier,Thailand,2022,Unknown,Sanger,low,2840,40,63,112,accepted,False,Non-human primates,0.05610090981202381,True,d_medoid=0.0561 > 0.0200; minority cluster (63)
OQ693738.1,ST11,iguana,host_qualifier,Thailand,2022,Unknown,Sanger,low,2840,41,64,113,accepted,False,Non-human primates,-0.0,False,
OQ693737.1,ST11,iguana,host_qualifier,Thailand,2022,Unknown,Sanger,low,2840,41,64,113,accepted,False,Non-human primates,-0.0,False,
OQ693736.1,ST11,iguana,host_qualifier,Thailand,2022,Unknown,Sanger,low,2840,40,63,112,accepted,False,Non-human primates,0.0572484886450531,True,d_medoid=0.0572 > 0.0200; minority cluster (63)
OQ693735.1,ST11,iguana,host_qualifier,Thailand,2022,Unknown,Sanger,low,2840,41,64,113,accepted,False,Non-human primates,-0.0,False,
OQ693734.1,ST11,iguana,host_qualifier,Thailand,2022,Unknown,Sanger,low,2840,41,64,113,accepted,False,Non-human primates,-0.0,False,
OQ693733.1,ST11,iguana,host_qualifier,Thailand,2022,Unknown,Sanger,low,2840,41,64,113,accepted,False,Non-human primates,-0.0,False,
OQ693731.1,ST11,iguana,host_qualifier,Thailand,2022,Unknown,Sanger,low,2840,41,64,113,accepted,False,Non-human primates,0.0038560496253139892,False,
OQ693730.1,ST11,iguana,host_qualifier,Thailand,2022,Unknown,Sanger,low,2840,41,64,113,accepted,False,Non-human primates,0.0009621553596668643,False,
OQ693729.1,ST11,iguana,host_qualifier,Thailand,2022,Unknown,Sanger,low,2840,41,64,113,accepted,False,Non-human primates,0.0009621553596668643,False,
OQ693728.1,ST11,iguana,host_qualifier,Thailand,2022,Unknown,Sanger,low,2840,41,64,113,accepted,False,Non-human primates,-0.0,False,
OQ693727.1,ST11,iguana,host_qualifier,Thailand,2022,Unknown,Sanger,low,2840,41,64,113,accepted,False,Non-human primates,0.002892964049818448,False,
OQ693726.1,ST11,iguana,host_qualifier,Thailand,2022,Unknown,Sanger,low,2840,41,64,113,accepted,False,Non-human primates,-0.0,False,
OQ693725.1,ST11,iguana,host_qualifier,Thailand,2022,Unknown,Sanger,low,2840,41,64,113,accepted,False,Non-human primates,-0.0,False,
OQ594924.1,ST1,Homo sapiens,Unknown,Iraq: salahaddin,Dec-2022,stool,Sanger,low,2840,59,104,213,accepted,True,Most prevalent globally; IBS association,0.02719331101696819,False,
OQ589912.1,ST3,Homo sapiens,Unknown,Iraq: salahaddin,Dec-2022,stool,Sanger,medium,2840,38,59,90,accepted,True,Most prevalent globally; IBS-D association,-0.0,False,
OQ586443.1,ST2,Homo sapiens,Unknown,Iraq: salahaddin,Dec-2022,Unknown,Sanger,medium,2840,52,93,193,accepted,True,Common in humans; urticaria association,0.0024311204431282166,False,
OQ384914.1,ST1,Unknown,unknown,Unknown,Unknown,Unknown,Sanger,medium,2840,59,108,244,accepted,True,Most prevalent globally; IBS association,0.006949090084342593,False,
OQ192094.1,ST8,Homo sapiens,Unknown,Argentina,Unknown,fecal samples,Sanger,low,2840,34,51,71,accepted,True,Non-human primates; rare in humans,0.0021865904700930144,False,
OQ192092.1,ST1,Homo sapiens,Unknown,Argentina,Unknown,fecal samples,Sanger,low,2840,59,108,245,accepted,True,Most prevalent globally; IBS association,0.01271216873532999,False,
MZ783086.1,ST2,Unknown,unknown,Argentina,2019,Unknown,Sanger,medium,2840,52,93,194,accepted,True,Common in humans; urticaria association,-0.0,False,
MZ396570.1,ST3,Unknown,unknown,Unknown,Unknown,Unknown,Sanger,medium,2840,38,59,93,accepted,True,Most prevalent globally; IBS-D association,0.0076531276306813015,False,
MZ396568.1,ST1,Unknown,unknown,Unknown,Unknown,Unknown,Sanger,medium,2840,59,108,241,accepted,True,Most prevalent globally; IBS association,0.0029703009120726786,False,
MZ396567.1,ST1,Unknown,unknown,Unknown,Unknown,Unknown,Sanger,medium,2840,59,108,241,accepted,True,Most prevalent globally; IBS association,0.0019769368942424404,False,
MZ396562.1,ST1,Unknown,unknown,Unknown,Unknown,Unknown,Sanger,medium,2840,59,107,230,accepted,True,Most prevalent globally; IBS association,0.02915916842937642,False,
MT947108.1,ST1,Unknown,unknown,Unknown,Unknown,Unknown,Sanger,high,2840,59,108,240,accepted,True,Most prevalent globally; IBS association,0.007104247976521873,False,
MT330277.1,ST3,Homo sapiens,host_qualifier,Thailand,Unknown,stool,Sanger,medium,2840,38,59,93,accepted,True,Most prevalent globally; IBS-D association,0.00892488219735371,False,
MT330276.1,ST3,Homo sapiens,host_qualifier,Thailand,Unknown,stool,Sanger,medium,2840,38,59,93,accepted,True,Most prevalent globally; IBS-D association,0.010208579558239709,False,
MT330275.1,ST3,Homo sapiens,host_qualifier,Thailand,Unknown,stool,Sanger,medium,2840,38,59,93,accepted,True,Most prevalent globally; IBS-D association,0.010208579558239709,False,
MT330274.1,ST3,Homo sapiens,host_qualifier,Thailand,Unknown,stool,Sanger,medium,2840,38,59,93,accepted,True,Most prevalent globally; IBS-D association,0.010208579558239709,False,
MT330273.1,ST3,Homo sapiens,host_qualifier,Thailand,Unknown,stool,Sanger,medium,2840,38,59,93,accepted,True,Most prevalent globally; IBS-D association,0.01022162329170434,False,
MT330272.1,ST3,Homo sapiens,host_qualifier,Thailand,Unknown,stool,Sanger,medium,2840,38,59,103,accepted,True,Most prevalent globally; IBS-D association,0.010208579558239709,False,
MT330271.1,ST3,Homo sapiens,host_qualifier,Thailand,Unknown,stool,Sanger,medium,2840,38,59,97,accepted,True,Most prevalent globally; IBS-D association,0.008913517478635656,False,
MT330270.1,ST1,Homo sapiens,host_qualifier,Thailand,Unknown,stool,Sanger,medium,2840,59,108,241,accepted,True,Most prevalent globally; IBS association,0.0029673629213057768,False,
MT330269.1,ST3,Homo sapiens,host_qualifier,Thailand,Unknown,stool,Sanger,low,2840,38,59,88,accepted,True,Most prevalent globally; IBS-D association,0.01022162329170434,False,
MT330268.1,ST3,Homo sapiens,host_qualifier,Thailand,Unknown,stool,Sanger,medium,2840,38,59,92,accepted,True,Most prevalent globally; IBS-D association,0.00892488219735371,False,
MT330267.1,ST1,Homo sapiens,host_qualifier,Thailand,Unknown,stool,Sanger,medium,2840,59,108,246,accepted,True,Most prevalent globally; IBS association,0.00396302110995395,False,
MT330266.1,ST3,Homo sapiens,host_qualifier,Thailand,Unknown,stool,Sanger,low,2840,38,59,102,accepted,True,Most prevalent globally; IBS-D association,0.01147981596200666,False,
MT330265.1,ST3,Homo sapiens,host_qualifier,Thailand,Unknown,stool,Sanger,low,2840,38,59,104,accepted,True,Most prevalent globally; IBS-D association,0.012733752400813429,False,
MT330264.1,ST3,Homo sapiens,host_qualifier,Thailand,Unknown,stool,Sanger,low,2840,38,59,98,accepted,True,Most prevalent globally; IBS-D association,0.011465191422679238,False,
MT330263.1,ST1,Homo sapiens,host_qualifier,Thailand,Unknown,stool,Sanger,medium,2840,59,108,237,accepted,True,Most prevalent globally; IBS association,0.005940625118582997,False,
MT330262.1,ST3,Homo sapiens,host_qualifier,Thailand,Unknown,stool,Sanger,medium,2840,38,59,93,accepted,True,Most prevalent globally; IBS-D association,0.01022162329170434,False,
MT330261.1,ST3,Homo sapiens,host_qualifier,Thailand,Unknown,stool,Sanger,medium,2840,38,59,95,accepted,True,Most prevalent globally; IBS-D association,0.011494477858670115,False,
MT330260.1,ST1,Homo sapiens,host_qualifier,Thailand,Unknown,stool,Sanger,medium,2840,59,108,241,accepted,True,Most prevalent globally; IBS association,0.0019769368942424404,False,
MT330259.1,ST1,Homo sapiens,host_qualifier,Thailand,Unknown,stool,Sanger,medium,2840,59,108,241,accepted,True,Most prevalent globally; IBS association,-0.0,False,
MT330258.1,ST3,Homo sapiens,host_qualifier,Thailand,Unknown,stool,Sanger,low,2840,38,59,100,accepted,True,Most prevalent globally; IBS-D association,0.010195569072872388,False,
MT305811.1,ST10,Tibetan antelopes,Unknown,Unknown,Unknown,Tibetan antelopes,Sanger,low,2840,31,44,59,accepted,True,Artiodactyls; rare human reports; now split ST42-44,0.021506849982499732,False,
MK375243.1,ST12,Sus scrofa,Unknown,China: Yunnan,Unknown,feces of farmed pigs,Unknown,low,2840,46,79,138,accepted,True,Non-human primates; occasional in humans,0.007658011651467678,False,
MK375242.1,ST12,Sus scrofa,Unknown,China: Yunnan,Unknown,feces of farmed pigs,Unknown,low,2840,46,79,150,accepted,True,Non-human primates; occasional in humans,0.005736165628692634,False,
MK375241.1,ST12,Sus scrofa,Unknown,China: Yunnan,Unknown,feces of farmed pigs,Unknown,low,2840,46,79,156,accepted,True,Non-human primates; occasional in humans,0.0038192316777844936,False,
MK375240.1,ST12,Sus scrofa,Unknown,China: Yunnan,Unknown,feces of farmed pigs,Unknown,low,2840,46,79,157,accepted,True,Non-human primates; occasional in humans,0.004781654704924209,False,
MK375239.1,ST1,Sus scrofa,Unknown,China: Yunnan,Unknown,feces of farmed pigs,Unknown,medium,2840,59,108,241,accepted,True,Most prevalent globally; IBS association,0.001974984683070493,False,
MK375238.1,ST12,Sus scrofa,Unknown,China: Yunnan,Unknown,feces of farmed pigs,Unknown,low,2840,46,79,150,accepted,True,Non-human primates; occasional in humans,0.007658011651467678,False,
MK375237.1,ST12,Sus scrofa,Unknown,China: Yunnan,Unknown,feces of farmed pigs,Unknown,low,2840,46,79,161,accepted,True,Non-human primates; occasional in humans,0.011527604457493977,False,
MK375236.1,ST12,Sus scrofa,Unknown,China: Yunnan,Unknown,feces of farmed pigs,Unknown,low,2840,46,79,153,accepted,True,Non-human primates; occasional in humans,0.007665349382140014,False,
MK375235.1,ST12,Sus scrofa,Unknown,China: Yunnan,Unknown,feces of farmed pigs,Unknown,low,2840,46,79,156,accepted,True,Non-human primates; occasional in humans,0.004781654704924209,False,
MK375234.1,ST12,Sus scrofa,Unknown,China: Yunnan,Unknown,feces of farmed pigs,Unknown,low,2840,46,79,156,accepted,True,Non-human primates; occasional in humans,0.0028625988950256405,False,
MK375233.1,ST1,Sus scrofa,Unknown,China: Yunnan,Unknown,feces of farmed pigs,Unknown,high,2840,59,108,241,accepted,True,Most prevalent globally; IBS association,-0.0,False,
MK375232.1,ST12,Sus scrofa,Unknown,China: Yunnan,Unknown,feces of farmed pigs,Unknown,low,2840,46,79,156,accepted,True,Non-human primates; occasional in humans,0.0019071847530841865,False,
MK375231.1,ST1,Sus scrofa,Unknown,China: Yunnan,Unknown,feces of farmed pigs,Unknown,medium,2840,59,108,248,accepted,True,Most prevalent globally; IBS association,0.013935371040076867,False,
MK375230.1,ST1,Sus scrofa,Unknown,China: Yunnan,Unknown,feces of farmed pigs,Unknown,high,2840,59,108,241,accepted,True,Most prevalent globally; IBS association,0.0009868422476399764,False,
MK375229.1,ST12,Sus scrofa,Unknown,China: Yunnan,Unknown,feces of farmed pigs,Unknown,low,2840,46,79,156,accepted,True,Non-human primates; occasional in humans,0.004777086214109867,False,
MK375228.1,ST12,Sus scrofa,Unknown,China: Yunnan,Unknown,feces of farmed pigs,Unknown,low,2840,46,79,153,accepted,True,Non-human primates; occasional in humans,0.004777086214109867,False,
MK375227.1,ST12,Sus scrofa,Unknown,China: Yunnan,Unknown,feces of farmed pigs,Unknown,low,2840,46,79,158,accepted,True,Non-human primates; occasional in humans,0.004777086214109867,False,
MK375226.1,ST3,Sus scrofa,Unknown,China: Yunnan,Unknown,feces of farmed pigs,Unknown,medium,2840,38,59,93,accepted,True,Most prevalent globally; IBS-D association,0.010195569072872388,False,
MK375225.1,ST3,Sus scrofa,Unknown,China: Yunnan,Unknown,feces of farmed pigs,Unknown,low,2840,38,59,93,accepted,True,Most prevalent globally; IBS-D association,0.003826538912921633,False,
MK375224.1,ST3,Sus scrofa,Unknown,China: Yunnan,Unknown,feces of farmed pigs,Unknown,medium,2840,38,59,93,accepted,True,Most prevalent globally; IBS-D association,0.012798945415640237,False,
MK375223.1,ST12,Sus scrofa,Unknown,China: Yunnan,Unknown,feces of farmed pigs,Unknown,low,2840,46,79,156,accepted,True,Non-human primates; occasional in humans,0.00575818567427573,False,
MK375222.1,ST12,Sus scrofa,Unknown,China: Yunnan,Unknown,feces of farmed pigs,Unknown,low,2840,46,79,156,accepted,True,Non-human primates; occasional in humans,0.003833874163200362,False,
MK375220.1,ST12,Sus scrofa,Unknown,China: Yunnan,Unknown,feces of farmed pigs,Unknown,low,2840,46,79,156,accepted,True,Non-human primates; occasional in humans,-0.0,False,
MK375219.1,ST12,Sus scrofa,Unknown,China: Yunnan,Unknown,feces of farmed pigs,Unknown,low,2840,46,79,150,accepted,True,Non-human primates; occasional in humans,0.00862905012507741,False,
MK375218.1,ST12,Sus scrofa,Unknown,China: Yunnan,Unknown,feces of farmed pigs,Unknown,low,2840,46,79,139,accepted,True,Non-human primates; occasional in humans,0.0067028853424526864,False,
MN264521.1,ST10,Felis catus domesticus,Unknown,Iran,Jul-2017,feces,Sanger,low,2840,31,44,61,accepted,True,Artiodactyls; rare human reports; now split ST42-44,0.007308218606008539,False,
MN264520.1,ST4,Felis catus domesticus,Unknown,Iran,Jul-2017,feces,Sanger,low,2840,35,52,74,accepted,True,Europe-dominant; possible immunoprotective role,0.013761854001147406,False,
MN264517.1,ST10,Canis lupus familiaris,Unknown,Iran,Jul-2017,feces,Sanger,low,2840,31,44,61,accepted,True,Artiodactyls; rare human reports; now split ST42-44,0.006390787298950489,False,
MN264515.1,ST8,Canis lupus familiaris,Unknown,Iran,Jul-2017,feces,Sanger,low,2840,34,51,72,accepted,True,Non-human primates; rare in humans,0.010067265249105496,False,
MN264514.1,ST4,Canis lupus familiaris,Unknown,Iran,Jul-2017,feces,Sanger,medium,2840,35,52,75,accepted,True,Europe-dominant; possible immunoprotective role,0.016605844407910138,False,
MN264513.1,ST3,Canis lupus familiaris,Unknown,Iran,Jul-2017,feces,Sanger,low,2840,38,57,81,accepted,True,Most prevalent globally; IBS-D association,0.036353807649813344,False,
MN264509.1,ST4,Rattus norvegicus,host_qualifier,Iran,Jul-2017,feces,Sanger,low,2840,35,52,74,accepted,True,Europe-dominant; possible immunoprotective role,0.012836499164451048,False,
MK418918.1,ST2,fecal,Unknown,China,10-Nov-2017,Macaca mulattas,Unknown,medium,2840,52,93,199,accepted,True,Common in humans; urticaria association,0.0194342857392297,False,
MK418917.1,ST1,fecal,Unknown,China,10-Nov-2017,Macaca mulattas,Unknown,medium,2840,59,106,217,accepted,True,Most prevalent globally; IBS association,0.02305560763432372,False,
MK418916.1,ST1,fecal,Unknown,China,10-Nov-2017,Macaca mulattas,Unknown,medium,2840,59,107,229,accepted,True,Most prevalent globally; IBS association,0.025094344873406754,False,
MK418915.1,ST1,fecal,host_qualifier,China,10-Nov-2017,Macaca mulattas,Unknown,low,2840,59,107,235,accepted,True,Most prevalent globally; IBS association,0.031275546899207925,False,
MK418914.1,ST3,fecal,host_qualifier,China,10-Nov-2017,Macaca mulattas,Unknown,low,2840,38,57,80,accepted,True,Most prevalent globally; IBS-D association,0.03511694748995141,False,
MG214885.1,ST3,Homo sapiens,host_qualifier,Poland,Unknown,stool,Sanger,medium,2840,38,59,90,accepted,True,Most prevalent globally; IBS-D association,0.0012981396577078635,False,
MG214884.1,ST1,Homo sapiens,host_qualifier,Poland,Unknown,stool,Sanger,high,2840,59,107,223,accepted,True,Most prevalent globally; IBS association,0.025426163756761003,False,
MG214883.1,ST3,Homo sapiens,host_qualifier,Poland,Unknown,stool,Sanger,low,2840,38,59,90,accepted,True,Most prevalent globally; IBS-D association,0.006513284530151032,False,
MG214882.1,ST1,Homo sapiens,host_qualifier,Poland,Unknown,stool,Sanger,high,2840,59,108,241,accepted,True,Most prevalent globally; IBS association,-0.0,False,
MG214880.1,ST2,Homo sapiens,host_qualifier,Poland,Unknown,stool,Sanger,high,2840,52,93,194,accepted,True,Common in humans; urticaria association,0.0025073153314311026,False,
MG214879.1,ST3,Homo sapiens,host_qualifier,Poland,Unknown,stool,Sanger,medium,2840,38,59,90,accepted,True,Most prevalent globally; IBS-D association,-0.0,False,
MG214878.1,ST1,Homo sapiens,host_qualifier,Poland,Unknown,stool,Sanger,high,2840,59,108,241,accepted,True,Most prevalent globally; IBS association,0.004010704744946431,False,
MG214877.1,ST3,Homo sapiens,host_qualifier,Poland,Unknown,stool,Sanger,medium,2840,38,59,93,accepted,True,Most prevalent globally; IBS-D association,0.002598530100517707,False,
MG214876.1,ST3,Homo sapiens,host_qualifier,Poland,Unknown,stool,Sanger,low,2840,38,59,90,accepted,True,Most prevalent globally; IBS-D association,0.005206094656755679,False,
MG214875.1,ST3,Homo sapiens,host_qualifier,Poland,Unknown,stool,Sanger,medium,2840,38,59,90,accepted,True,Most prevalent globally; IBS-D association,0.0012998270151261394,False,
MG214874.1,ST3,Homo sapiens,host_qualifier,Poland,Unknown,stool,Sanger,medium,2840,38,59,93,accepted,True,Most prevalent globally; IBS-D association,0.0026019106755084823,False,
MG214872.1,ST3,Homo sapiens,host_qualifier,Poland,Unknown,stool,Sanger,medium,2840,38,59,90,accepted,True,Most prevalent globally; IBS-D association,0.0012981396577078635,False,
MH104999.1,ST1,Homo sapiens,host_qualifier,Thailand,Unknown,Unknown,Sanger,medium,2840,59,108,241,accepted,True,Most prevalent globally; IBS association,-0.0,False,
MH104998.1,ST2,Homo sapiens,host_qualifier,Thailand,Unknown,Unknown,Sanger,high,2840,52,93,194,accepted,True,Common in humans; urticaria association,0.006968691250574645,False,
MH104997.1,ST2,Homo sapiens,host_qualifier,Thailand,Unknown,Unknown,Sanger,high,2840,52,93,194,accepted,True,Common in humans; urticaria association,0.0023818995804136497,False,
MH104996.1,ST2,Homo sapiens,host_qualifier,Thailand,Unknown,Unknown,Sanger,high,2840,52,93,194,accepted,True,Common in humans; urticaria association,0.0025010444185899552,False,
MH104995.1,ST1,Homo sapiens,host_qualifier,Thailand,Unknown,Unknown,Sanger,high,2840,59,108,241,accepted,True,Most prevalent globally; IBS association,0.0019769368942424404,False,
MH104994.1,ST3,Homo sapiens,host_qualifier,Thailand,Unknown,Unknown,Sanger,medium,2840,38,59,93,accepted,True,Most prevalent globally; IBS-D association,0.01152391429804219,False,
MH104993.1,ST3,Homo sapiens,host_qualifier,Thailand,Unknown,Unknown,Sanger,medium,2840,38,59,93,accepted,True,Most prevalent globally; IBS-D association,0.014054925787925315,False,
MH104992.1,ST3,Homo sapiens,host_qualifier,Thailand,Unknown,Unknown,Sanger,medium,2840,38,59,93,accepted,True,Most prevalent globally; IBS-D association,0.01152391429804219,False,
MH104991.1,ST2,Homo sapiens,host_qualifier,Thailand,Unknown,Unknown,Sanger,medium,2840,52,93,196,accepted,True,Common in humans; urticaria association,0.0012684992453070648,False,
MH104990.1,ST3,Homo sapiens,host_qualifier,Thailand,Unknown,Unknown,Sanger,low,2840,38,59,93,accepted,True,Most prevalent globally; IBS-D association,0.005302717626584771,False,
MH104989.1,ST3,Canis lupus familiaris,host_qualifier,Thailand,Unknown,Unknown,Sanger,low,2840,38,59,106,accepted,True,Most prevalent globally; IBS-D association,0.02085277677828971,False,
MH104986.1,ST12,Sus scrofa,host_qualifier,Thailand,Unknown,Unknown,Sanger,low,2840,46,79,148,accepted,True,Non-human primates; occasional in humans,0.011583241820605224,False,
MH104985.1,ST12,Sus scrofa,host_qualifier,Thailand,Unknown,Unknown,Sanger,low,2840,46,79,150,accepted,True,Non-human primates; occasional in humans,0.007717109886307829,False,
MH104984.1,ST12,Sus scrofa,host_qualifier,Thailand,Unknown,Unknown,Sanger,low,2840,46,79,146,accepted,True,Non-human primates; occasional in humans,0.008662271459454637,False,
MH104982.1,ST12,Sus scrofa,host_qualifier,Thailand,Unknown,Unknown,Sanger,low,2840,46,77,134,accepted,True,Non-human primates; occasional in humans,0.035474592576929594,True,minority cluster (77)
MH104981.1,ST1,Sus scrofa,host_qualifier,Thailand,Unknown,Unknown,Sanger,medium,2840,59,108,240,accepted,True,Most prevalent globally; IBS association,0.004961976418709945,False,
MH104980.1,ST12,Sus scrofa,host_qualifier,Thailand,Unknown,Unknown,Sanger,low,2840,46,78,136,accepted,True,Non-human primates; occasional in humans,0.011583241820605224,True,minority cluster (78)
MH104979.1,ST12,Sus scrofa,host_qualifier,Thailand,Unknown,Unknown,Sanger,low,2840,46,80,168,accepted,True,Non-human primates; occasional in humans,0.03144908811254945,True,minority cluster (80)
MH104978.1,ST12,Sus scrofa,host_qualifier,Thailand,Unknown,Unknown,Sanger,low,2840,46,78,137,accepted,True,Non-human primates; occasional in humans,0.012580940162160575,True,minority cluster (78)
MH104977.1,ST12,Sus scrofa,host_qualifier,Thailand,Unknown,Unknown,Sanger,low,2840,46,79,150,accepted,True,Non-human primates; occasional in humans,0.006761153322161571,False,
MH104976.1,ST12,Sus scrofa,host_qualifier,Thailand,Unknown,Unknown,Sanger,low,2840,46,79,166,accepted,True,Non-human primates; occasional in humans,0.011605647436948023,False,
MH104975.1,ST12,Sus scrofa,host_qualifier,Thailand,Unknown,Unknown,Sanger,low,2840,46,79,146,accepted,True,Non-human primates; occasional in humans,0.006722196089773588,False,
MH104974.1,ST12,Sus scrofa,host_qualifier,Thailand,Unknown,Unknown,Sanger,low,2840,46,79,140,accepted,True,Non-human primates; occasional in humans,0.009658858543736843,False,
MH104972.1,ST12,Sus scrofa,host_qualifier,Thailand,Unknown,Unknown,Sanger,low,2840,46,79,147,accepted,True,Non-human primates; occasional in humans,0.007680067109919525,False,
MH104971.1,ST12,Sus scrofa,host_qualifier,Thailand,Unknown,Unknown,Sanger,low,2840,46,79,146,accepted,True,Non-human primates; occasional in humans,0.01159443380416067,False,
MH104970.1,ST12,Sus scrofa,host_qualifier,Thailand,Unknown,Unknown,Sanger,low,2840,46,79,146,accepted,True,Non-human primates; occasional in humans,0.010590676619974843,False,
MH104969.1,ST12,Sus scrofa,host_qualifier,Thailand,Unknown,Unknown,Sanger,low,2840,46,79,167,accepted,True,Non-human primates; occasional in humans,0.015424708186107729,False,
MH104968.1,ST12,Sus scrofa,host_qualifier,Thailand,Unknown,Unknown,Sanger,low,2840,46,79,160,accepted,True,Non-human primates; occasional in humans,0.01159443380416067,False,
MH104967.1,ST26,Unknown,unknown,Thailand,Unknown,Unknown,Sanger,low,2840,43,70,125,accepted,False,Cattle (USA); dominant in several US states,0.013838942883184643,True,minority cluster (70)
MH104966.1,ST26,Unknown,unknown,Thailand,Unknown,Unknown,Sanger,medium,2840,43,67,118,accepted,False,Cattle (USA); dominant in several US states,0.004898776397411343,True,minority cluster (67)
MH104964.1,ST26,Unknown,unknown,Thailand,Unknown,Unknown,Sanger,low,2840,43,72,127,accepted,False,Cattle (USA); dominant in several US states,0.02719331101696819,True,minority cluster (72)
MH104962.1,ST10,Unknown,unknown,Thailand,Unknown,Unknown,Sanger,low,2840,31,46,66,accepted,True,Artiodactyls; rare human reports; now split ST42-44,0.022223848204778338,True,minority cluster (46)
MH104961.1,ST21,Unknown,unknown,Thailand,Unknown,Unknown,Sanger,low,2840,47,82,170,accepted,False,Avian; accepted after full-length validation,0.022141829449741295,True,d_medoid=0.0221 > 0.0200; minority cluster (82)
MH104960.1,ST26,Unknown,unknown,Thailand,Unknown,Unknown,Sanger,medium,2840,43,67,119,accepted,False,Cattle (USA); dominant in several US states,0.011846248253617032,True,minority cluster (67)
MH104959.1,ST10,Unknown,unknown,Thailand,Unknown,Unknown,Sanger,medium,2840,31,45,64,accepted,True,Artiodactyls; rare human reports; now split ST42-44,0.022196441183096376,True,minority cluster (45)
MH104958.1,ST10,Unknown,unknown,Thailand,Unknown,Unknown,Sanger,low,2840,31,45,65,accepted,True,Artiodactyls; rare human reports; now split ST42-44,0.019673259111652318,True,minority cluster (45)
MH104957.1,ST21,Unknown,unknown,Thailand,Unknown,Unknown,Sanger,low,2840,47,82,171,accepted,False,Avian; accepted after full-length validation,0.020403112924803547,True,d_medoid=0.0204 > 0.0200; minority cluster (82)
MH104956.1,ST26,Unknown,unknown,Thailand,Unknown,Unknown,Sanger,low,2840,43,68,123,accepted,False,Cattle (USA); dominant in several US states,0.014778803309499332,False,
MH104955.1,ST26,Unknown,unknown,Thailand,Unknown,Unknown,Sanger,low,2840,43,67,120,accepted,False,Cattle (USA); dominant in several US states,0.010777455212214506,True,minority cluster (67)
MH104953.1,ST12,Unknown,unknown,Thailand,Unknown,Unknown,Sanger,low,2840,47,82,172,accepted,True,Non-human primates; occasional in humans,0.08869794037030068,True,d_medoid=0.0887 > 0.0621; minority cluster (82)
MH104952.1,ST26,Unknown,unknown,Thailand,Unknown,Unknown,Sanger,low,2840,43,69,124,accepted,False,Cattle (USA); dominant in several US states,0.020731823460003535,True,minority cluster (69)
MF774612.1,ST9,Homo sapiens,host_qualifier,Iran,Unknown,Feces,Sanger,low,2840,12,14,19,accepted,True,Human-specific; rare,0.0058309331603475295,False,
MG333456.1,ST12,Homo sapiens,host_qualifier,Unknown,Unknown,stool,Sanger,low,2840,46,79,155,accepted,True,Non-human primates; occasional in humans,0.0067742396031281234,False,
MG333455.1,ST12,Homo sapiens,host_qualifier,Unknown,Unknown,stool,Sanger,low,2840,46,79,155,accepted,True,Non-human primates; occasional in humans,0.009696321221551884,False,
MG333454.1,ST12,Homo sapiens,host_qualifier,Unknown,Unknown,stool,Sanger,low,2840,46,79,155,accepted,True,Non-human primates; occasional in humans,0.008721028496339324,False,
MG333452.1,ST12,Homo sapiens,host_qualifier,Unknown,Unknown,stool,Sanger,low,2840,46,79,150,accepted,True,Non-human primates; occasional in humans,0.010672883859525585,False,
AB107973.1,ST7,Anser cygnoides,Unknown,Japan: Osaka,Unknown,Unknown,Unknown,medium,2840,16,19,25,accepted,True,Primarily birds/poultry,0.05207411988516306,True,d_medoid=0.0521 > 0.0450; minority cluster (19)
AB107972.1,ST6,Bambusicola thoracica,Unknown,Japan: Osaka,Unknown,Unknown,Unknown,high,2840,12,12,15,accepted,True,Primarily birds/poultry,0.002997006985036482,False,
AB107971.1,ST8,Argusianus argus,Unknown,Japan: Osaka,Unknown,Unknown,Unknown,low,2840,34,51,71,accepted,True,Non-human primates; rare in humans,0.0006709908745474397,False,
AB107970.1,ST8,Varecia variegata,Unknown,Japan: Osaka,Unknown,Unknown,Unknown,low,2840,34,51,71,accepted,True,Non-human primates; rare in humans,0.0013425825916864877,False,
AB107969.1,ST2,Macaca nemestrina,Unknown,Japan: Osaka,Unknown,Unknown,Unknown,medium,2840,52,93,194,accepted,True,Common in humans; urticaria association,0.0019710918047021017,False,
AB107968.1,ST1,Cercopithecus aethiops,Unknown,Japan: Osaka,Unknown,Unknown,Unknown,medium,2840,59,107,230,accepted,True,Most prevalent globally; IBS association,0.026089587064061656,False,
AB107967.1,ST1,Pongo pygmaeus,Unknown,Japan: Osaka,Unknown,Unknown,Unknown,high,2840,59,108,241,accepted,True,Most prevalent globally; IBS association,-0.0,False,
AB107966.1,ST5,Bos taurus,Unknown,Japan: Osaka,Unknown,Cattle,Unknown,high,2840,46,79,152,accepted,True,Predominantly pigs; zoonotic in humans,0.0005607476896729656,False,
AB107965.1,ST3,Bos taurus,Unknown,Japan: Osaka,Unknown,Cattle,Unknown,high,2840,38,59,90,accepted,True,Most prevalent globally; IBS-D association,-0.0,False,
AB107964.1,ST5,Sus scrofa,isolation_source,Japan: Osaka,Unknown,Pig,Unknown,high,2840,46,79,152,accepted,True,Predominantly pigs; zoonotic in humans,-0.0,False,
AB107963.1,ST3,Sus scrofa,isolation_source,Japan: Osaka,Unknown,Pig,Unknown,high,2840,38,59,90,accepted,True,Most prevalent globally; IBS-D association,0.0007966012432375673,False,
AB107962.1,ST1,Homo sapiens,Unknown,Japan: Osaka,Unknown,Unknown,Unknown,high,2840,59,108,241,accepted,True,Most prevalent globally; IBS association,-0.0,False,
AB107961.1,ST1,Sus scrofa,isolation_source,Japan: Osaka,Unknown,Pig,Unknown,medium,2840,59,107,223,accepted,True,Most prevalent globally; IBS association,0.02405015684749689,False,
KT438718.1,ST35,Boa constrictor,Unknown,Japan,24-May-2012,Boa constrictor,Sanger,low,2840,10,10,12,accepted,True,Human isolate 168; Nanopore full-length validated,0.0015424169960697078,False,
KT438717.1,ST35,Morelia viridis,Unknown,Japan,16-Jan-2013,Morelia viridis,Sanger,low,2840,10,10,12,accepted,True,Human isolate 168; Nanopore full-length validated,-0.0,False,
KT438716.1,ST35,Morelia viridis,Unknown,Japan,15-Sep-2013,Morelia viridis,Sanger,low,2840,10,10,12,accepted,True,Human isolate 168; Nanopore full-length validated,0.0030896027214291277,False,
KT438703.1,ST9,Homo sapiens,host_qualifier,Japan,06-Jun-2005,Unknown,Sanger,medium,2840,12,14,18,accepted,True,Human-specific; rare,0.0077412358560399065,False,
KR262953.1,ST2,long-tailed macaque,Unknown,China,01-Apr-2015,Unknown,Sanger,low,2840,56,100,208,accepted,True,Common in humans; urticaria association,0.0353006331434893,True,minority cluster (100)
KR262952.1,ST1,long-tailed macaque,Unknown,China,01-Apr-2015,Unknown,Sanger,low,2840,59,106,215,accepted,True,Most prevalent globally; IBS association,0.02711138558723332,False,
KR262951.1,ST1,long-tailed macaque,Unknown,China,01-Apr-2015,Unknown,Sanger,medium,2840,59,107,227,accepted,True,Most prevalent globally; IBS association,0.028134578106093912,False,
KR262950.1,ST2,long-tailed macaque,Unknown,China,01-Apr-2015,Unknown,Sanger,high,2840,52,93,200,accepted,True,Common in humans; urticaria association,0.01509484914701881,False,
KR262949.1,ST2,long-tailed macaque,Unknown,China,01-Apr-2015,Unknown,Sanger,high,2840,52,93,194,accepted,True,Common in humans; urticaria association,0.0037082893840980585,False,
KR262948.1,ST1,long-tailed macaque,Unknown,China,01-Apr-2015,Unknown,Sanger,low,2840,59,107,230,accepted,True,Most prevalent globally; IBS association,0.030185160381445017,False,
KR262947.1,ST2,long-tailed macaque,Unknown,China,01-Apr-2015,Unknown,Sanger,medium,2840,52,93,197,accepted,True,Common in humans; urticaria association,0.01241750219583574,False,
KR262946.1,ST2,long-tailed macaque,Unknown,China,01-Apr-2015,Unknown,Sanger,low,2840,56,100,208,accepted,True,Common in humans; urticaria association,0.0353452023818142,True,minority cluster (100)
KR262944.1,ST2,long-tailed macaque,Unknown,China,01-Apr-2015,Unknown,Sanger,medium,2840,52,93,194,accepted,True,Common in humans; urticaria association,0.006183052331311549,False,
KR262943.1,ST1,long-tailed macaque,Unknown,China,01-Apr-2015,Unknown,Sanger,low,2840,59,107,227,accepted,True,Most prevalent globally; IBS association,0.030185160381445017,False,
KR262942.1,ST2,long-tailed macaque,Unknown,China,01-Apr-2015,Unknown,Sanger,high,2840,52,93,194,accepted,True,Common in humans; urticaria association,0.006183052331311549,False,
KR262941.1,ST1,long-tailed macaque,Unknown,China,01-Apr-2015,Unknown,Sanger,medium,2840,59,108,243,accepted,True,Most prevalent globally; IBS association,0.008928676879738735,False,
KR262940.1,ST2,long-tailed macaque,Unknown,China,01-Apr-2015,Unknown,Sanger,low,2840,57,102,210,accepted,True,Common in humans; urticaria association,0.05624440242259207,True,d_medoid=0.0562 > 0.0523; minority cluster (102)
KR262939.1,ST1,long-tailed macaque,Unknown,China,01-Apr-2015,Unknown,Sanger,low,2840,59,115,256,accepted,True,Most prevalent globally; IBS association,0.04679483574706912,False,
KR262938.1,ST2,long-tailed macaque,Unknown,China,01-Apr-2015,Unknown,Sanger,high,2840,52,93,194,accepted,True,Common in humans; urticaria association,0.006183052331311549,False,
KR262937.1,ST1,long-tailed macaque,Unknown,China,01-Apr-2015,Unknown,Sanger,high,2840,59,107,229,accepted,True,Most prevalent globally; IBS association,0.02303251761402947,False,
KR262936.1,ST1,long-tailed macaque,Unknown,China,01-Apr-2015,Unknown,Sanger,medium,2840,59,107,229,accepted,True,Most prevalent globally; IBS association,0.02405015684749689,False,
KR262935.1,ST1,long-tailed macaque,Unknown,China,01-Apr-2015,Unknown,Sanger,medium,2840,59,107,230,accepted,True,Most prevalent globally; IBS association,0.026089587064061656,False,
KR262934.1,ST1,long-tailed macaque,Unknown,China,01-Apr-2015,Unknown,Sanger,low,2840,59,110,250,accepted,True,Most prevalent globally; IBS association,0.02405015684749689,False,
KR262933.1,ST2,long-tailed macaque,Unknown,China,01-Apr-2015,Unknown,Sanger,medium,2840,52,93,198,accepted,True,Common in humans; urticaria association,0.008670616800806979,False,
KR262932.1,ST1,long-tailed macaque,Unknown,China,01-Apr-2015,Unknown,Sanger,low,2840,59,106,220,accepted,True,Most prevalent globally; IBS association,0.03327158449027497,False,
KR262931.1,ST1,long-tailed macaque,Unknown,China,01-Apr-2015,Unknown,Sanger,medium,2840,59,107,227,accepted,True,Most prevalent globally; IBS association,0.026089587064061656,False,
KR262930.1,ST1,long-tailed macaque,Unknown,China,01-Apr-2015,Unknown,Sanger,medium,2840,59,107,230,accepted,True,Most prevalent globally; IBS association,0.026089587064061656,False,
KR262929.1,ST1,long-tailed macaque,Unknown,China,01-Apr-2015,Unknown,Sanger,medium,2840,59,107,230,accepted,True,Most prevalent globally; IBS association,0.028134578106093912,False,
KR262928.1,ST1,long-tailed macaque,Unknown,China,01-Apr-2015,Unknown,Sanger,medium,2840,59,107,230,accepted,True,Most prevalent globally; IBS association,0.026089587064061656,False,
KR262927.1,ST1,long-tailed macaque,Unknown,China,01-Apr-2015,Unknown,Sanger,low,2840,59,106,218,accepted,True,Most prevalent globally; IBS association,0.0353362795313288,False,
KR262926.1,ST1,long-tailed macaque,Unknown,China,01-Apr-2015,Unknown,Sanger,low,2840,59,106,218,accepted,True,Most prevalent globally; IBS association,0.0353362795313288,False,
KR262925.1,ST1,long-tailed macaque,Unknown,China,01-Apr-2015,Unknown,Sanger,medium,2840,59,107,230,accepted,True,Most prevalent globally; IBS association,0.02711138558723332,False,
KR262924.1,ST1,long-tailed macaque,Unknown,China,01-Apr-2015,Unknown,Sanger,medium,2840,59,107,230,accepted,True,Most prevalent globally; IBS association,0.026089587064061656,False,
KR262923.1,ST1,long-tailed macaque,Unknown,China,01-Apr-2015,Unknown,Sanger,medium,2840,59,107,230,accepted,True,Most prevalent globally; IBS association,0.026089587064061656,False,
KR262921.1,ST1,long-tailed macaque,Unknown,China,01-Apr-2015,Unknown,Sanger,low,2840,59,107,232,accepted,True,Most prevalent globally; IBS association,0.03327158449027497,False,
KR262920.1,ST1,long-tailed macaque,Unknown,China,01-Apr-2015,Unknown,Sanger,medium,2840,59,108,242,accepted,True,Most prevalent globally; IBS association,0.005952412196802228,False,
KR262919.1,ST1,long-tailed macaque,Unknown,China,01-Apr-2015,Unknown,Sanger,low,2840,59,106,221,accepted,True,Most prevalent globally; IBS association,0.03948280011406652,False,
KR262918.1,ST1,long-tailed macaque,Unknown,China,01-Apr-2015,Unknown,Sanger,medium,2840,59,107,230,accepted,True,Most prevalent globally; IBS association,0.026089587064061656,False,
KR262915.1,ST1,long-tailed macaque,Unknown,China,01-Apr-2015,Unknown,Sanger,medium,2840,59,107,230,accepted,True,Most prevalent globally; IBS association,0.02711138558723332,False,
KR262914.1,ST1,long-tailed macaque,Unknown,China,01-Apr-2015,Unknown,Sanger,low,2840,59,113,254,accepted,True,Most prevalent globally; IBS association,0.026089587064061656,False,
KR262913.1,ST1,long-tailed macaque,Unknown,China,01-Apr-2015,Unknown,Sanger,low,2840,59,111,251,accepted,True,Most prevalent globally; IBS association,0.03637076245395787,False,
KR262912.1,ST1,long-tailed macaque,Unknown,China,01-Apr-2015,Unknown,Sanger,low,2840,59,111,252,accepted,True,Most prevalent globally; IBS association,0.03740667422085674,False,
KR262911.1,ST1,long-tailed macaque,Unknown,China,01-Apr-2015,Unknown,Sanger,low,2840,59,107,231,accepted,True,Most prevalent globally; IBS association,0.03121255780238037,False,
KR262909.1,ST1,long-tailed macaque,Unknown,China,01-Apr-2015,Unknown,Sanger,low,2840,59,112,253,accepted,True,Most prevalent globally; IBS association,0.03740667422085674,False,
KR262908.1,ST2,long-tailed macaque,Unknown,China,01-Apr-2015,Unknown,Sanger,medium,2840,52,93,195,accepted,True,Common in humans; urticaria association,0.011166459370312978,False,
KR262907.1,ST1,long-tailed macaque,Unknown,China,01-Apr-2015,Unknown,Sanger,low,2840,59,107,233,accepted,True,Most prevalent globally; IBS association,0.03430322151675744,False,
KR262906.1,ST2,long-tailed macaque,Unknown,China,01-Apr-2015,Unknown,Sanger,low,2840,56,101,209,accepted,True,Common in humans; urticaria association,0.03788684260267638,True,minority cluster (101)
KR262905.1,ST2,long-tailed macaque,Unknown,China,01-Apr-2015,Unknown,Sanger,high,2840,52,93,194,accepted,True,Common in humans; urticaria association,0.006183052331311549,False,
KR262904.1,ST1,long-tailed macaque,Unknown,China,01-Apr-2015,Unknown,Sanger,medium,2840,59,107,230,accepted,True,Most prevalent globally; IBS association,0.025069178743391516,False,
KR262902.1,ST1,long-tailed macaque,Unknown,China,01-Apr-2015,Unknown,Sanger,medium,2840,59,107,230,accepted,True,Most prevalent globally; IBS association,0.027138639154425437,False,
KR262901.1,ST1,long-tailed macaque,Unknown,China,01-Apr-2015,Unknown,Sanger,low,2840,59,107,236,accepted,True,Most prevalent globally; IBS association,0.03433787166912239,False,
KR262900.1,ST1,long-tailed macaque,Unknown,China,01-Apr-2015,Unknown,Sanger,medium,2840,59,107,227,accepted,True,Most prevalent globally; IBS association,0.02201625729593479,False,
KR262899.1,ST1,long-tailed macaque,Unknown,China,01-Apr-2015,Unknown,Sanger,medium,2840,59,107,229,accepted,True,Most prevalent globally; IBS association,0.02303251761402947,False,
KR262898.1,ST1,long-tailed macaque,Unknown,China,01-Apr-2015,Unknown,Sanger,low,2840,59,106,216,accepted,True,Most prevalent globally; IBS association,0.03121255780238037,False,
KR262897.1,ST1,long-tailed macaque,Unknown,China,01-Apr-2015,Unknown,Sanger,low,2840,59,106,219,accepted,True,Most prevalent globally; IBS association,0.04052302219482808,False,
KR262896.1,ST1,long-tailed macaque,Unknown,China,01-Apr-2015,Unknown,Sanger,medium,2840,59,107,230,accepted,True,Most prevalent globally; IBS association,0.02711138558723332,False,
KU051536.1,ST3,Homo sapiens,Unknown,Thailand,Unknown,Unknown,PacBio,medium,2840,38,59,96,accepted,True,Most prevalent globally; IBS-D association,0.012815348108306878,False,
KU051535.1,ST3,Homo sapiens,Unknown,Thailand,Unknown,Unknown,PacBio,medium,2840,38,59,91,accepted,True,Most prevalent globally; IBS-D association,0.01155350189623985,False,
KU051534.1,ST3,Homo sapiens,Unknown,Thailand,Unknown,Unknown,PacBio,medium,2840,38,59,91,accepted,True,Most prevalent globally; IBS-D association,0.010247811014029884,False,
KU051533.1,ST6,Homo sapiens,Unknown,Thailand,Unknown,Unknown,PacBio,medium,2840,12,12,16,accepted,True,Primarily birds/poultry,0.0030241976459538383,False,
KU051532.1,ST3,Homo sapiens,Unknown,Thailand,Unknown,Unknown,PacBio,medium,2840,38,59,89,accepted,True,Most prevalent globally; IBS-D association,0.008970632361169791,False,
KU051531.1,ST3,Homo sapiens,host_qualifier,Thailand,Unknown,Unknown,PacBio,low,2840,38,59,92,accepted,True,Most prevalent globally; IBS-D association,0.009856404688564004,False,
KU051530.1,ST3,Homo sapiens,Unknown,Thailand,Unknown,Unknown,PacBio,medium,2840,38,59,93,accepted,True,Most prevalent globally; IBS-D association,0.0076531276306813015,False,
KU051528.1,ST3,Homo sapiens,Unknown,Thailand,Unknown,Unknown,PacBio,medium,2840,38,59,94,accepted,True,Most prevalent globally; IBS-D association,0.012798945415640237,False,
KU051527.1,ST3,Homo sapiens,Unknown,Thailand,Unknown,Unknown,PacBio,medium,2840,38,59,105,accepted,True,Most prevalent globally; IBS-D association,0.011494477858670115,False,
KU051526.1,ST2,Homo sapiens,host_qualifier,Thailand,Unknown,Unknown,PacBio,low,2840,52,92,192,accepted,True,Common in humans; urticaria association,0.013069637660762076,True,minority cluster (92)
KT819622.1,ST3,Homo sapiens,Unknown,Thailand,Unknown,stool,PacBio,medium,2840,38,59,99,accepted,True,Most prevalent globally; IBS-D association,0.010195569072872388,False,
KT819620.1,ST3,Homo sapiens,host_qualifier,Thailand,Unknown,stool,PacBio,medium,2840,38,59,93,accepted,True,Most prevalent globally; IBS-D association,0.007633653686817114,False,
KT819619.1,ST12,Unknown,unknown,Thailand,Unknown,water,PacBio,low,2840,46,79,155,accepted,True,Non-human primates; occasional in humans,0.010560174462019983,False,
KT819616.1,ST12,Unknown,unknown,Thailand,Unknown,water,PacBio,low,2840,46,77,133,accepted,True,Non-human primates; occasional in humans,0.031264702558869005,True,minority cluster (77)
KT819615.1,ST12,Sus scrofa,host_qualifier,Thailand,Unknown,stool,PacBio,low,2840,46,79,156,accepted,True,Non-human primates; occasional in humans,0.004006687325415391,False,
KT819614.1,ST12,Sus scrofa,host_qualifier,Thailand,Unknown,stool,PacBio,low,2840,46,79,144,accepted,True,Non-human primates; occasional in humans,0.005741654835996179,False,
KT819613.1,ST12,Sus scrofa,host_qualifier,Thailand,Unknown,stool,PacBio,low,2840,46,79,145,accepted,True,Non-human primates; occasional in humans,0.0086373315461693,False,
KT819612.1,ST12,Sus scrofa,host_qualifier,Thailand,Unknown,stool,PacBio,low,2840,46,79,156,accepted,True,Non-human primates; occasional in humans,0.004809250207596234,False,
KT819611.1,ST12,Sus scrofa,host_qualifier,Thailand,Unknown,stool,PacBio,low,2840,46,79,154,accepted,True,Non-human primates; occasional in humans,0.00959399075351956,False,
KT819610.1,ST12,Sus scrofa,host_qualifier,Thailand,Unknown,stool,PacBio,low,2840,46,79,156,accepted,True,Non-human primates; occasional in humans,0.006696473058225989,False,
KT819609.1,ST12,Sus scrofa,host_qualifier,Thailand,Unknown,stool,PacBio,low,2840,46,79,154,accepted,True,Non-human primates; occasional in humans,0.005736165628692634,False,
KT819608.1,ST12,Sus scrofa,host_qualifier,Thailand,Unknown,stool,PacBio,low,2840,46,79,156,accepted,True,Non-human primates; occasional in humans,0.0038192316777844936,False,
KT819607.1,ST12,Sus scrofa,host_qualifier,Thailand,Unknown,stool,PacBio,low,2840,46,79,162,accepted,True,Non-human primates; occasional in humans,0.009649538062725302,False,
KT819606.1,ST12,Sus scrofa,host_qualifier,Thailand,Unknown,stool,PacBio,low,2840,46,77,132,accepted,True,Non-human primates; occasional in humans,0.02525327586967336,True,minority cluster (77)
KT819605.1,ST12,Sus scrofa,host_qualifier,Thailand,Unknown,stool,PacBio,low,2840,46,77,135,accepted,True,Non-human primates; occasional in humans,0.033393404300226553,True,minority cluster (77)
KT819604.1,ST12,Sus scrofa,host_qualifier,Thailand,Unknown,stool,PacBio,low,2840,46,79,156,accepted,True,Non-human primates; occasional in humans,0.0029615043415622483,False,
KT819603.1,ST12,Sus scrofa,host_qualifier,Thailand,Unknown,stool,PacBio,low,2840,46,79,165,accepted,True,Non-human primates; occasional in humans,0.012520354965048643,False,
KT819602.1,ST12,Sus scrofa,host_qualifier,Thailand,Unknown,stool,PacBio,low,2840,46,79,149,accepted,True,Non-human primates; occasional in humans,0.0067028853424526864,False,
KT819601.1,ST12,Sus scrofa,host_qualifier,Thailand,Unknown,stool,PacBio,low,2840,46,79,151,accepted,True,Non-human primates; occasional in humans,0.006709309918843708,False,
KT819600.1,ST12,Sus scrofa,host_qualifier,Thailand,Unknown,stool,PacBio,low,2840,46,79,156,accepted,True,Non-human primates; occasional in humans,0.005836605331541222,False,
KT819599.1,ST12,Sus scrofa,host_qualifier,Thailand,Unknown,stool,PacBio,low,2840,46,79,159,accepted,True,Non-human primates; occasional in humans,0.004781654704924209,False,
KT819598.1,ST1,Sus scrofa,host_qualifier,Thailand,Unknown,stool,PacBio,low,2840,59,109,249,accepted,True,Most prevalent globally; IBS association,0.012000256009830807,False,
KT819597.1,ST12,Sus scrofa,host_qualifier,Thailand,Unknown,stool,PacBio,low,2840,46,79,163,accepted,True,Non-human primates; occasional in humans,0.00862078456930135,False,
KT819596.1,ST1,Sus scrofa,host_qualifier,Thailand,Unknown,stool,PacBio,low,2840,59,105,214,accepted,True,Most prevalent globally; IBS association,0.0334741155155762,False,
KT819595.1,ST1,Sus scrofa,host_qualifier,Thailand,Unknown,stool,PacBio,medium,2840,59,108,238,accepted,True,Most prevalent globally; IBS association,0.010016843386166801,False,
KT819594.1,ST12,Sus scrofa,host_qualifier,Thailand,Unknown,stool,PacBio,low,2840,46,79,143,accepted,True,Non-human primates; occasional in humans,0.007665349382140014,False,
KT819593.1,ST12,Sus scrofa,host_qualifier,Thailand,Unknown,stool,PacBio,low,2840,46,79,142,accepted,True,Non-human primates; occasional in humans,0.006709309918843708,False,
KT819592.1,ST12,Sus scrofa,host_qualifier,Thailand,Unknown,stool,PacBio,low,2840,46,79,149,accepted,True,Non-human primates; occasional in humans,0.00862078456930135,False,
KT819591.1,ST1,Sus scrofa,host_qualifier,Thailand,Unknown,stool,PacBio,medium,2840,59,108,241,accepted,True,Most prevalent globally; IBS association,0.002973244726431833,False,
KT819590.1,ST1,Sus scrofa,host_qualifier,Thailand,Unknown,stool,PacBio,high,2840,59,108,241,accepted,True,Most prevalent globally; IBS association,0.001978892968635879,False,
KT819589.1,ST1,Sus scrofa,host_qualifier,Thailand,Unknown,stool,PacBio,low,2840,59,108,247,accepted,True,Most prevalent globally; IBS association,0.007962914880653838,False,
KT819588.1,ST3,Sus scrofa,host_qualifier,Thailand,Unknown,stool,PacBio,low,2840,38,60,109,accepted,True,Most prevalent globally; IBS-D association,0.02191819067070635,False,
EU445487.1,ST2,Sus scrofa,host_qualifier,Unknown,Unknown,Unknown,Unknown,medium,2840,52,93,194,accepted,True,Common in humans; urticaria association,0.0019730363236864375,False,
KM216262.1,ST3,Homo sapiens,Unknown,Unknown,Unknown,Unknown,Sanger,low,2840,38,59,90,accepted,True,Most prevalent globally; IBS-D association,0.0013083300308624733,False,
KM216261.1,ST1,Homo sapiens,Unknown,Unknown,Unknown,Unknown,Sanger,medium,2840,59,107,225,accepted,True,Most prevalent globally; IBS association,0.024318239752957993,False,
KM216259.1,ST3,Homo sapiens,Unknown,Unknown,Unknown,Unknown,Sanger,medium,2840,38,59,93,accepted,True,Most prevalent globally; IBS-D association,0.0039318569736374875,False,
KM216258.1,ST2,Homo sapiens,Unknown,Unknown,Unknown,Unknown,Sanger,medium,2840,52,93,194,accepted,True,Common in humans; urticaria association,0.0012145751642272454,False,
KM216257.1,ST3,Homo sapiens,Unknown,Unknown,Unknown,Unknown,Sanger,low,2840,38,57,80,accepted,True,Most prevalent globally; IBS-D association,0.033413097739030374,False,
KM216256.1,ST1,Homo sapiens,Unknown,Unknown,Unknown,Unknown,Sanger,high,2840,59,107,223,accepted,True,Most prevalent globally; IBS association,0.028420179708914074,False,
KM216255.1,ST3,Homo sapiens,Unknown,Unknown,Unknown,Unknown,Sanger,low,2840,38,59,93,accepted,True,Most prevalent globally; IBS-D association,0.007894809740240628,False,
KM216254.1,ST1,Homo sapiens,Unknown,Unknown,Unknown,Unknown,Sanger,medium,2840,59,107,225,accepted,True,Most prevalent globally; IBS association,0.025348813601132714,False,
KM216253.1,ST3,Homo sapiens,Unknown,Unknown,Unknown,Unknown,Sanger,medium,2840,38,59,93,accepted,True,Most prevalent globally; IBS-D association,0.0026223802940469857,False,
KM216252.1,ST1,Homo sapiens,Unknown,Unknown,Unknown,Unknown,Sanger,high,2840,59,108,241,accepted,True,Most prevalent globally; IBS association,0.007011737213980353,False,
JX159034.1,ST2,Gorilla gorilla,host_qualifier,Unknown,Unknown,stool,Sanger,low,2840,27,36,49,accepted,True,Common in humans; urticaria association,0.110822444452671,True,d_medoid=0.1108 > 0.0523; minority cluster (36)
JX159024.1,ST2,Gorilla gorilla,host_qualifier,Unknown,Unknown,stool,Sanger,low,2840,27,36,49,accepted,True,Common in humans; urticaria association,0.11342322729294264,True,d_medoid=0.1134 > 0.0523; minority cluster (36)
KF002561.1,ST1,Homo sapiens,organism,Unknown,Unknown,Unknown,Sanger,medium,2840,59,107,223,accepted,True,Most prevalent globally; IBS association,0.025069178743391516,False,
KF002556.1,ST3,Homo sapiens,organism,Unknown,Unknown,Unknown,Sanger,high,2840,38,59,90,accepted,True,Most prevalent globally; IBS-D association,0.0024390265397830073,False,
KF002548.1,ST2,Homo sapiens,organism,Unknown,Unknown,Unknown,Sanger,medium,2840,52,93,194,accepted,True,Common in humans; urticaria association,0.0009848983687203543,False,
KF002521.1,ST6,Homo sapiens,organism,Unknown,Unknown,Unknown,Sanger,high,2840,12,12,15,accepted,True,Primarily birds/poultry,0.002997006985036482,False,
KF002518.1,ST6,Homo sapiens,organism,Unknown,Unknown,Unknown,Sanger,high,2840,12,12,15,accepted,True,Primarily birds/poultry,0.001996673392258562,False,
KF002512.1,ST4,Homo sapiens,organism,Unknown,Unknown,Unknown,Sanger,medium,2840,35,52,73,accepted,True,Europe-dominant; possible immunoprotective role,0.003471224015372035,False,
KF002511.1,ST4,Homo sapiens,organism,Unknown,Unknown,Unknown,Sanger,high,2840,35,52,73,accepted,True,Europe-dominant; possible immunoprotective role,-0.0,False,
AY618267.1,ST1,Homo sapiens,Unknown,"Thailand: Bangkok, Phayathai Babies Home",Unknown,Unknown,Unknown,medium,2840,59,107,223,accepted,True,Most prevalent globally; IBS association,0.02303251761402947,False,
JX132230.1,ST3,Homo sapiens,host_qualifier,Unknown,Unknown,stool,Sanger,high,2840,38,59,90,accepted,True,Most prevalent globally; IBS-D association,0.0072347827888540875,False,
JX132229.1,ST3,Homo sapiens,host_qualifier,Unknown,Unknown,stool,Sanger,high,2840,38,59,90,accepted,True,Most prevalent globally; IBS-D association,0.005621011321695291,False,
JX132219.1,ST3,Homo sapiens,host_qualifier,Unknown,Unknown,stool,Sanger,medium,2840,38,59,90,accepted,True,Most prevalent globally; IBS-D association,0.008042972522231793,False,
JX132196.1,ST3,Homo sapiens,host_qualifier,Unknown,Unknown,stool,Sanger,medium,2840,38,59,90,accepted,True,Most prevalent globally; IBS-D association,0.008042972522231793,False,
EU427519.1,ST2,Macropus rufogriseus rufogriseus (Bennett's wallaby),Unknown,Unknown,Unknown,Unknown,Unknown,Unknown,2840,52,93,194,accepted,True,Common in humans; urticaria association,0.0009848983687203543,False,
EU427517.1,ST4,Dendrolagus goodfellowi (Goodfellow's tree kangaroo),Unknown,Unknown,Unknown,Unknown,Unknown,Unknown,2840,35,52,73,accepted,True,Europe-dominant; possible immunoprotective role,-0.0,False,
EU427515.1,ST25,Wallabia bicolor mastersii (northern swamp wallaby),Unknown,Unknown,Unknown,Unknown,Unknown,Unknown,2840,42,66,116,tentative,False,Cattle,0.04667135354880703,True,d_medoid=0.0467 > 0.0273; minority cluster (66)
GU992419.1,ST1,Unknown,unknown,Philippines,Unknown,wastewater,Unknown,high,2840,59,108,241,accepted,True,Most prevalent globally; IBS association,0.0010006672598524577,False,
GU992418.1,ST2,Unknown,unknown,Philippines,Unknown,wastewater,Unknown,high,2840,52,93,194,accepted,True,Common in humans; urticaria association,0.0019710918047021017,False,
GU992417.1,ST1,Unknown,unknown,Philippines,Unknown,wastewater,Unknown,high,2840,59,108,241,accepted,True,Most prevalent globally; IBS association,-0.0,False,
GU992416.1,ST1,Unknown,unknown,Philippines,Unknown,wastewater,Unknown,high,2840,59,108,241,accepted,True,Most prevalent globally; IBS association,-0.0,False,
GU992415.1,ST1,Unknown,unknown,Philippines,Unknown,wastewater,Unknown,high,2840,59,108,241,accepted,True,Most prevalent globally; IBS association,0.0009868422476399764,False,
GU992414.1,ST1,Unknown,unknown,Philippines,Unknown,wastewater,Unknown,high,2840,59,108,241,accepted,True,Most prevalent globally; IBS association,-0.0,False,
GU992413.1,ST1,Unknown,unknown,Philippines,Unknown,wastewater,Unknown,high,2840,59,108,241,accepted,True,Most prevalent globally; IBS association,-0.0,False,
GU992412.1,ST2,Unknown,unknown,Philippines,Unknown,wastewater,Unknown,medium,2840,52,92,192,accepted,True,Common in humans; urticaria association,0.010905677941883685,True,minority cluster (92)
GU992411.1,ST1,Unknown,unknown,Philippines,Unknown,wastewater,Unknown,high,2840,59,108,241,accepted,True,Most prevalent globally; IBS association,0.0009868422476399764,False,
EF209020.1,ST48,Geochelone pardalis,Unknown,Czech Republic,Unknown,Unknown,Unknown,low,2840,62,118,259,unknown,False,,,False,
EF209019.1,ST34,Kinixys belliana,Unknown,Czech Republic,Unknown,Unknown,Unknown,low,2840,28,38,51,tentative,False,Limited data,0.0963622951954785,False,
EF209017.1,ST34,Geochelone radiata,Unknown,Czech Republic,Unknown,Unknown,Unknown,low,2840,27,36,49,tentative,False,Limited data,-0.0,False,
GQ223285.1,ST17,Unknown,Unknown,"USA: Fayetteville, AR",Unknown,freshwater stream sediment,Unknown,Unknown,2840,2,2,3,accepted,False,Rodents; cattle,0.012257678356617533,False,
EF468654.1,ST5,Homo sapiens,organism,Unknown,Unknown,Unknown,Unknown,low,2840,46,77,132,accepted,True,Predominantly pigs; zoonotic in humans,0.024540899671162433,True,d_medoid=0.0245 > 0.0200; minority cluster (77)
AF408426.2,ST9,Homo sapiens,Unknown,Japan,Unknown,Unknown,Unknown,medium,2840,12,14,18,accepted,True,Human-specific; rare,0.008349986844259572,False,
AF408425.2,ST9,Homo sapiens,Unknown,Japan,Unknown,Unknown,Unknown,medium,2840,12,14,18,accepted,True,Human-specific; rare,0.008354970030751032,False,
AY135412.1,ST7,Unknown,unknown,Unknown,Unknown,duck feces,Unknown,medium,2840,17,22,31,accepted,True,Primarily birds/poultry,0.013873227931366847,False,
AY135411.1,ST6,Unknown,unknown,Unknown,Unknown,turkey feces,Unknown,medium,2840,12,12,15,accepted,True,Primarily birds/poultry,0.008018786710701638,False,
AY135408.1,ST4,Unknown,unknown,Unknown,Unknown,rat feces,Unknown,high,2840,35,52,74,accepted,True,Europe-dominant; possible immunoprotective role,0.00568492164207683,False,
AY135407.1,ST4,Unknown,unknown,Unknown,Unknown,rat feces,Unknown,high,2840,35,52,74,accepted,True,Europe-dominant; possible immunoprotective role,0.0065005824076260574,False,
AY135406.1,ST1,Unknown,unknown,Unknown,Unknown,pig feces,Unknown,high,2840,59,108,241,accepted,True,Most prevalent globally; IBS association,0.0009868422476399764,False,
AY135405.1,ST1,Unknown,unknown,Unknown,Unknown,pig feces,Unknown,high,2840,59,108,241,accepted,True,Most prevalent globally; IBS association,0.002964430736867519,False,
AY135404.1,ST1,Unknown,Unknown,Unknown,Unknown,pig feces,Unknown,medium,2840,59,107,222,accepted,True,Most prevalent globally; IBS association,0.03121255780238037,False,
AY135403.1,ST1,Unknown,Unknown,Unknown,Unknown,pig feces,Unknown,medium,2840,59,107,223,accepted,True,Most prevalent globally; IBS association,0.026089587064061656,False,
EU679349.1,ST1,Unknown,unknown,USA,Unknown,Unknown,Unknown,high,2840,59,108,241,accepted,True,Most prevalent globally; IBS association,-0.0,False,
EU679348.1,ST8,Unknown,unknown,USA,Unknown,Unknown,Unknown,medium,2840,34,51,71,accepted,True,Non-human primates; rare in humans,0.0008062349607351183,False,
EU679347.1,ST4,Unknown,unknown,USA,Unknown,Unknown,Unknown,low,2840,35,52,73,accepted,True,Europe-dominant; possible immunoprotective role,-0.0,False,
EU679346.1,ST3,Unknown,unknown,USA,Unknown,Unknown,Unknown,high,2840,38,59,90,accepted,True,Most prevalent globally; IBS-D association,0.0033241051645042765,False,
AY618265.1,ST2,Homo sapiens,Unknown,Thailand: Praginburi province,Unknown,Unknown,Unknown,medium,2840,52,93,194,accepted,True,Common in humans; urticaria association,0.0009848983687203543,False,
EU445496.1,ST3,Homo sapiens,host_qualifier,Unknown,Unknown,Unknown,Unknown,high,2840,38,59,90,accepted,True,Most prevalent globally; IBS-D association,-0.0,False,
EU445492.1,ST1,Homo sapiens,host_qualifier,Unknown,Unknown,Unknown,Unknown,high,2840,59,108,241,accepted,True,Most prevalent globally; IBS association,0.0009868422476399764,False,
EU445490.1,ST1,Primates sp.,host_qualifier,Unknown,Unknown,Unknown,Unknown,high,2840,59,108,241,accepted,True,Most prevalent globally; IBS association,0.0009868422476399764,False,
EU445488.1,ST1,Primates sp.,host_qualifier,Unknown,Unknown,Unknown,Unknown,high,2840,59,108,241,accepted,True,Most prevalent globally; IBS association,0.000987817067395785,False,
EU445486.1,ST1,Sus scrofa,host_qualifier,Unknown,Unknown,Unknown,Unknown,high,2840,59,108,241,accepted,True,Most prevalent globally; IBS association,0.0009868422476399764,False,
EU445485.1,ST6,Gallus gallus,host_qualifier,Unknown,Unknown,Unknown,Unknown,high,2840,12,12,15,accepted,True,Primarily birds/poultry,0.002997006985036482,False,
FJ809939.1,ST7,Homo sapiens,organism,Unknown,Unknown,Unknown,Unknown,medium,2840,16,20,27,accepted,True,Primarily birds/poultry,0.04991205040815072,True,d_medoid=0.0499 > 0.0450; minority cluster (20)
AB091251.1,ST4,Brown Norway rat,Unknown,Unknown,Unknown,Brown Norway rat,Unknown,high,2840,35,52,74,accepted,True,Europe-dominant; possible immunoprotective role,0.00488203513913767,False,
AB091250.1,ST5,Sus scrofa,isolation_source,Unknown,Unknown,Pig,Unknown,high,2840,46,79,152,accepted,True,Predominantly pigs; zoonotic in humans,0.0011542903394272956,False,
AB091249.1,ST5,Sus scrofa,isolation_source,Unknown,Unknown,Pig,Unknown,high,2840,46,79,152,accepted,True,Predominantly pigs; zoonotic in humans,0.0017321023864968967,False,
AB091248.1,ST5,Sus scrofa,isolation_source,Unknown,Unknown,Pig,Unknown,high,2840,46,79,152,accepted,True,Predominantly pigs; zoonotic in humans,0.002310359932490395,False,
AB091247.1,ST7,Japanese quail,Unknown,Unknown,Unknown,Japanese quail,Unknown,high,2840,17,22,33,accepted,True,Primarily birds/poultry,0.005723034255872938,False,
AB091246.1,ST7,Japanese quail,Unknown,Unknown,Unknown,Japanese quail,Unknown,high,2840,17,22,33,accepted,True,Primarily birds/poultry,0.003422709876371374,False,
AB091245.1,ST7,Japanese quail,Unknown,Unknown,Unknown,Japanese quail,Unknown,high,2840,17,22,33,accepted,True,Primarily birds/poultry,0.0028511724130106807,False,
AB091244.1,ST7,Japanese quail,Unknown,Unknown,Unknown,Japanese quail,Unknown,medium,2840,17,22,32,accepted,True,Primarily birds/poultry,0.010905108900252208,False,
AB091243.1,ST6,Japanese quail,Unknown,Unknown,Unknown,Japanese quail,Unknown,high,2840,12,12,15,accepted,True,Primarily birds/poultry,0.00399867658300968,False,
AB091242.1,ST6,Gallus gallus,isolation_source,Unknown,Unknown,chicken,Unknown,medium,2840,12,12,15,accepted,True,Primarily birds/poultry,0.0060060381025071,False,
AB091241.1,ST1,Gallus gallus,Unknown,Unknown,Unknown,chicken,Unknown,high,2840,59,107,223,accepted,True,Most prevalent globally; IBS association,0.025069178743391516,False,
AB091240.1,ST1,Gallus gallus,Unknown,Unknown,Unknown,chicken,Unknown,medium,2840,59,107,223,accepted,True,Most prevalent globally; IBS association,0.02303251761402947,False,
AB091239.1,ST7,Homo sapiens,Unknown,Unknown,Unknown,Unknown,Unknown,medium,2840,17,22,32,accepted,True,Primarily birds/poultry,0.012663386026506452,False,
AB091237.1,ST6,Homo sapiens,Unknown,Unknown,Unknown,Unknown,Unknown,high,2840,12,12,15,accepted,True,Primarily birds/poultry,0.004002677946140789,False,
AB091236.1,ST6,Homo sapiens,Unknown,Unknown,Unknown,Unknown,Unknown,medium,2840,12,12,15,accepted,True,Primarily birds/poultry,0.00399867658300968,False,
AB091235.1,ST3,Homo sapiens,Unknown,Unknown,Unknown,Unknown,Unknown,high,2840,38,59,90,accepted,True,Most prevalent globally; IBS-D association,0.001629107347027598,False,
AB091234.1,ST3,Homo sapiens,Unknown,Unknown,Unknown,Unknown,Unknown,high,2840,38,59,90,accepted,True,Most prevalent globally; IBS-D association,0.0024449899404056143,False,
AB091233.1,ST3,Homo sapiens,Unknown,Unknown,Unknown,Unknown,Unknown,high,2840,38,59,90,accepted,True,Most prevalent globally; IBS-D association,0.001629107347027598,False,
EF200010.1,ST2,Homo sapiens,host_qualifier,Thailand,Unknown,stool,Unknown,low,2840,52,92,192,accepted,True,Common in humans; urticaria association,0.014925865737971184,True,minority cluster (92)
EU082109.1,ST7,Homo sapiens,Unknown,Unknown,Unknown,Unknown,Unknown,medium,2840,16,20,28,accepted,True,Primarily birds/poultry,0.05045380133425978,True,d_medoid=0.0505 > 0.0450; minority cluster (20)
AM275395.1,ST6,Homo sapiens,organism,Denmark,01-May-2005,Unknown,Unknown,low,2840,12,13,17,accepted,True,Primarily birds/poultry,0.03479477967728288,True,d_medoid=0.0348 > 0.0200; minority cluster (13)
AM275388.1,ST2,Homo sapiens,organism,Denmark,01-May-2005,Unknown,Unknown,high,2840,52,93,193,accepted,True,Common in humans; urticaria association,0.002442998902729883,False,
AM275387.1,ST2,Homo sapiens,organism,Denmark,01-May-2005,Unknown,Unknown,high,2840,52,93,194,accepted,True,Common in humans; urticaria association,0.0036452076616895956,False,
AM275386.1,ST2,Homo sapiens,organism,Denmark,01-May-2005,Unknown,Unknown,high,2840,52,93,194,accepted,True,Common in humans; urticaria association,0.002442998902729883,False,
AM275385.1,ST2,Homo sapiens,organism,Denmark,01-May-2005,Unknown,Unknown,high,2840,52,93,194,accepted,True,Common in humans; urticaria association,0.0024640679248476584,False,
AM275383.1,ST2,Homo sapiens,organism,Denmark,01-May-2005,Unknown,Unknown,high,2840,52,93,194,accepted,True,Common in humans; urticaria association,0.0012371136825567292,False,
AM275382.1,ST2,Homo sapiens,organism,Denmark,01-May-2005,Unknown,Unknown,high,2840,52,93,193,accepted,True,Common in humans; urticaria association,0.0024549940087268533,False,
AM275380.1,ST2,Homo sapiens,organism,Denmark,01-May-2005,Unknown,Unknown,high,2840,52,93,194,accepted,True,Common in humans; urticaria association,0.0024519842027790626,False,
AM275379.1,ST2,Homo sapiens,organism,Denmark,01-May-2005,Unknown,Unknown,high,2840,52,93,194,accepted,True,Common in humans; urticaria association,0.0024519842027790626,False,
AM275377.1,ST2,Homo sapiens,organism,Denmark,01-May-2005,Unknown,Unknown,high,2840,52,93,194,accepted,True,Common in humans; urticaria association,0.0024885962277007992,False,
AM275376.1,ST2,Homo sapiens,organism,Denmark,01-May-2005,Unknown,Unknown,medium,2840,52,93,193,accepted,True,Common in humans; urticaria association,-0.0,False,
AM275374.1,ST2,Homo sapiens,organism,Denmark,01-May-2005,Unknown,Unknown,medium,2840,52,93,193,accepted,True,Common in humans; urticaria association,-0.0,False,
AM275371.1,ST2,Homo sapiens,organism,Denmark,01-May-2005,Unknown,Unknown,low,2840,52,92,192,accepted,True,Common in humans; urticaria association,0.013453275515000487,True,minority cluster (92)
AM275370.1,ST2,Homo sapiens,organism,Denmark,01-May-2005,Unknown,Unknown,high,2840,52,93,194,accepted,True,Common in humans; urticaria association,0.0037174797299462164,False,
AM275369.1,ST2,Homo sapiens,organism,Denmark,01-May-2005,Unknown,Unknown,medium,2840,52,93,193,accepted,True,Common in humans; urticaria association,-0.0,False,
AM275368.1,ST2,Homo sapiens,organism,Denmark,01-May-2005,Unknown,Unknown,high,2840,52,93,194,accepted,True,Common in humans; urticaria association,0.0024549940087268533,False,
AM275367.1,ST2,Homo sapiens,organism,Denmark,01-May-2005,Unknown,Unknown,high,2840,52,93,194,accepted,True,Common in humans; urticaria association,0.0024701545589542583,False,
AM275366.1,ST6,Homo sapiens,organism,Denmark,01-May-2005,Unknown,Unknown,low,2840,12,13,17,accepted,True,Primarily birds/poultry,0.03381720364738312,True,d_medoid=0.0338 > 0.0200; minority cluster (13)
AM275361.1,ST1,Homo sapiens,organism,Denmark,01-May-2005,Unknown,Unknown,high,2840,59,108,241,accepted,True,Most prevalent globally; IBS association,-0.0,False,
AM275360.1,ST1,Homo sapiens,organism,Denmark,01-May-2005,Unknown,Unknown,high,2840,59,108,241,accepted,True,Most prevalent globally; IBS association,0.000987817067395785,False,
AM275359.1,ST1,Homo sapiens,organism,Denmark,01-May-2005,Unknown,Unknown,high,2840,59,108,241,accepted,True,Most prevalent globally; IBS association,0.000987817067395785,False,
AM275358.1,ST1,Homo sapiens,organism,Denmark,01-May-2005,Unknown,Unknown,high,2840,59,108,241,accepted,True,Most prevalent globally; IBS association,-0.0,False,
AM275357.1,ST1,Homo sapiens,organism,Denmark,01-May-2005,Unknown,Unknown,medium,2840,59,107,226,accepted,True,Most prevalent globally; IBS association,0.021001372161369814,False,
AM275356.1,ST1,Homo sapiens,organism,Denmark,01-May-2005,Unknown,Unknown,high,2840,59,107,223,accepted,True,Most prevalent globally; IBS association,0.025069178743391516,False,
AM275355.1,ST1,Homo sapiens,organism,Denmark,01-May-2005,Unknown,Unknown,high,2840,59,107,226,accepted,True,Most prevalent globally; IBS association,0.021001372161369814,False,
AM275354.1,ST1,Homo sapiens,organism,Denmark,01-May-2005,Unknown,Unknown,high,2840,59,108,241,accepted,True,Most prevalent globally; IBS association,0.0019828167530474344,False,
AM275353.1,ST1,Homo sapiens,organism,Denmark,01-May-2005,Unknown,Unknown,high,2840,59,108,241,accepted,True,Most prevalent globally; IBS association,-0.0,False,
AM275352.1,ST1,Homo sapiens,organism,Denmark,01-May-2005,Unknown,Unknown,high,2840,59,108,241,accepted,True,Most prevalent globally; IBS association,-0.0,False,
AM275351.1,ST1,Homo sapiens,organism,Denmark,01-May-2005,Unknown,Unknown,high,2840,59,108,241,accepted,True,Most prevalent globally; IBS association,-0.0,False,
AM275350.1,ST1,Homo sapiens,organism,Denmark,01-May-2005,Unknown,Unknown,high,2840,59,108,241,accepted,True,Most prevalent globally; IBS association,-0.0,False,
AM275349.1,ST1,Homo sapiens,organism,Denmark,01-May-2005,Unknown,Unknown,high,2840,59,107,223,accepted,True,Most prevalent globally; IBS association,0.02405015684749689,False,
AM275348.1,ST1,Homo sapiens,organism,Denmark,01-May-2005,Unknown,Unknown,high,2840,59,108,241,accepted,True,Most prevalent globally; IBS association,0.0009868422476399764,False,
AM275347.1,ST1,Homo sapiens,organism,Denmark,01-May-2005,Unknown,Unknown,high,2840,59,108,241,accepted,True,Most prevalent globally; IBS association,-0.0,False,
AM275346.1,ST1,Homo sapiens,organism,Denmark,01-May-2005,Unknown,Unknown,high,2840,59,107,223,accepted,True,Most prevalent globally; IBS association,0.02405015684749689,False,
AM275345.1,ST1,Homo sapiens,organism,Denmark,01-May-2005,Unknown,Unknown,high,2840,59,108,241,accepted,True,Most prevalent globally; IBS association,-0.0,False,
AM275344.1,ST1,Homo sapiens,organism,Denmark,01-May-2005,Unknown,Unknown,high,2840,59,108,241,accepted,True,Most prevalent globally; IBS association,-0.0,False,
AM275343.1,ST1,Homo sapiens,organism,Denmark,01-May-2005,Unknown,Unknown,high,2840,59,108,241,accepted,True,Most prevalent globally; IBS association,-0.0,False,
AM275342.1,ST1,Homo sapiens,organism,Denmark,01-May-2005,Unknown,Unknown,high,2840,59,108,241,accepted,True,Most prevalent globally; IBS association,-0.0,False,
DQ186647.1,ST17,cockroach,host_qualifier,Unknown,Unknown,Unknown,Unknown,low,2840,3,3,4,accepted,False,Rodents; cattle,0.12005510330213728,False,
DQ186646.1,ST17,cockroach,host_qualifier,Unknown,Unknown,Unknown,Unknown,low,2840,3,3,4,accepted,False,Rodents; cattle,0.11998795941764068,False,
DQ186645.1,ST17,cockroach,host_qualifier,Unknown,Unknown,Unknown,Unknown,low,2840,2,2,2,accepted,False,Rodents; cattle,-0.0,False,
DQ186644.1,ST17,cockroach,host_qualifier,Unknown,Unknown,Unknown,Unknown,low,2840,2,2,2,accepted,False,Rodents; cattle,0.003552705002120864,False,
EF079872.1,ST7,Homo sapiens,Unknown,China,Unknown,Unknown,Unknown,medium,2840,16,20,26,accepted,True,Primarily birds/poultry,0.0522556040026596,True,d_medoid=0.0523 > 0.0450; minority cluster (20)
DQ366343.1,ST7,Homo sapiens,Unknown,China: Ganzhou,Unknown,Unknown,Unknown,medium,2840,16,20,27,accepted,True,Primarily birds/poultry,0.05039532791392828,True,d_medoid=0.0504 > 0.0450; minority cluster (20)
AY956324.1,ST2,Homo sapiens,organism,Unknown,Unknown,Unknown,Unknown,medium,2840,52,92,192,accepted,True,Common in humans; urticaria association,0.014925865737971184,True,minority cluster (92)
AY590114.1,ST4,Wistar rat,host_qualifier,Unknown,Unknown,Unknown,Unknown,high,2840,35,52,73,accepted,True,Europe-dominant; possible immunoprotective role,-0.0,False,
AY590113.1,ST4,Wistar rat,host_qualifier,Unknown,Unknown,Unknown,Unknown,high,2840,35,52,73,accepted,True,Europe-dominant; possible immunoprotective role,0.0008094981897568457,False,
AY590111.1,ST4,Sprague-Dawley rat,Unknown,Unknown,Unknown,Unknown,Unknown,high,2840,35,52,73,accepted,True,Europe-dominant; possible immunoprotective role,0.0008101540080235059,False,
AY590110.1,ST1,Homo sapiens,host_qualifier,Unknown,Unknown,Unknown,Unknown,high,2840,59,108,241,accepted,True,Most prevalent globally; IBS association,0.002964430736867519,False,
AY590109.1,ST7,Homo sapiens,host_qualifier,Unknown,Unknown,Unknown,Unknown,high,2840,17,22,33,accepted,True,Primarily birds/poultry,0.008024532034295536,False,
AY590108.1,ST7,Homo sapiens,host_qualifier,Unknown,Unknown,Unknown,Unknown,medium,2840,17,22,33,accepted,True,Primarily birds/poultry,0.004569701875035801,False,
AY590107.1,ST7,Homo sapiens,host_qualifier,Unknown,Unknown,Unknown,Unknown,high,2840,17,22,32,accepted,True,Primarily birds/poultry,0.009156924124364562,False,
AY590106.1,ST7,Homo sapiens,host_qualifier,Unknown,Unknown,Unknown,Unknown,high,2840,17,22,33,accepted,True,Primarily birds/poultry,0.00686896615926237,False,
AY590105.1,ST7,Homo sapiens,host_qualifier,Unknown,Unknown,Unknown,Unknown,high,2840,17,22,33,accepted,True,Primarily birds/poultry,0.005723034255872938,False,
AY618268.1,ST3,Homo sapiens,Unknown,Thailand: Chonburi province,Unknown,Unknown,Unknown,high,2840,38,59,90,accepted,True,Most prevalent globally; IBS-D association,0.005071870554222834,False,
AY618266.1,ST1,Homo sapiens,Unknown,Thailand: Luburi province,Unknown,Unknown,Unknown,high,2840,59,108,241,accepted,True,Most prevalent globally; IBS association,0.0009868422476399764,False,
AY266474.1,ST3,Cyclura cornuta (rhino iguana),host_qualifier,Singapore,Unknown,Unknown,Unknown,low,2840,30,40,53,accepted,True,Most prevalent globally; IBS-D association,0.0905834599126773,True,d_medoid=0.0906 > 0.0867
AY266471.1,ST35,Lapemis hardwickii (sea snake),host_qualifier,Singapore,Unknown,Unknown,Unknown,low,2840,19,27,39,accepted,True,Human isolate 168; Nanopore full-length validated,0.16093408505611392,False,
AY266469.1,ST5,Bufo japonicus japonicus (toad),Unknown,Japan,Unknown,Unknown,Unknown,medium,2840,46,79,152,accepted,True,Predominantly pigs; zoonotic in humans,0.004538591762516451,False,
AY266467.1,ST35,Rana nigromaculata (leopard frog),Unknown,Japan,Unknown,Unknown,Unknown,low,2840,23,32,44,accepted,True,Human isolate 168; Nanopore full-length validated,0.1491492306153157,False,
AF408427.1,ST7,Homo sapiens,host_qualifier,Singapore,Unknown,Unknown,Unknown,high,2840,17,22,32,accepted,True,Primarily birds/poultry,0.011751779326311131,False,
AY244620.1,ST4,Homo sapiens,host_qualifier,Germany,Unknown,Unknown,Unknown,high,2840,35,52,73,accepted,True,Europe-dominant; possible immunoprotective role,0.0016146400208258173,False,
AY244619.1,ST4,Homo sapiens,host_qualifier,Germany,Unknown,Unknown,Unknown,high,2840,35,52,73,accepted,True,Europe-dominant; possible immunoprotective role,0.000806885500097344,False,
AB071000.1,ST4,Brown,note,Unknown,Unknown,Unknown,Unknown,high,2840,35,52,74,accepted,True,Europe-dominant; possible immunoprotective role,0.005666513733337126,False,
AB070999.1,ST5,Sus scrofa,note,Unknown,Unknown,Unknown,Unknown,high,2840,46,79,152,accepted,True,Predominantly pigs; zoonotic in humans,0.0022455106594535834,False,
AB070998.1,ST5,Sus scrofa,note,Unknown,Unknown,Unknown,Unknown,high,2840,46,79,152,accepted,True,Predominantly pigs; zoonotic in humans,0.0016835023903678963,False,
AB070997.1,ST2,Japanese,note,Unknown,Unknown,Unknown,Unknown,medium,2840,52,93,194,accepted,True,Common in humans; urticaria association,0.003947377533205983,False,
AB070996.1,ST7,Japanese,note,Unknown,Unknown,Unknown,Unknown,high,2840,17,22,32,accepted,True,Primarily birds/poultry,0.012309116275070846,False,
AB070995.1,ST6,Japanese,note,Unknown,Unknown,Unknown,Unknown,high,2840,12,12,15,accepted,True,Primarily birds/poultry,0.00399867658300968,False,
AB070994.1,ST6,Gallus gallus,note,Unknown,Unknown,Unknown,Unknown,high,2840,12,12,15,accepted,True,Primarily birds/poultry,0.002997006985036482,False,
AB070992.1,ST3,Homo sapiens,note,Unknown,Unknown,Unknown,Unknown,medium,2840,38,56,79,accepted,True,Most prevalent globally; IBS-D association,0.03587640470562259,False,
AB070991.1,ST7,Homo sapiens,note,Unknown,Unknown,Unknown,Unknown,medium,2840,17,22,32,accepted,True,Primarily birds/poultry,0.013460821223127566,False,
AB070989.1,ST1,Homo sapiens,note,Unknown,Unknown,Unknown,Unknown,high,2840,59,108,241,accepted,True,Most prevalent globally; IBS association,-0.0,False,
AB070988.1,ST3,Homo sapiens,note,Unknown,Unknown,Unknown,Unknown,high,2840,38,59,90,accepted,True,Most prevalent globally; IBS-D association,0.0007966012432375673,False,
AB070986.1,ST3,Homo sapiens,note,Unknown,Unknown,Unknown,Unknown,high,2840,38,59,90,accepted,True,Most prevalent globally; IBS-D association,0.0007972363227431369,False,
AF538349.1,ST1,Equus caballus,host_qualifier,Thailand,Unknown,Unknown,Unknown,low,2840,61,117,258,accepted,True,Most prevalent globally; IBS association,0.04331100130132573,False,
AF439782.2,ST1,Homo sapiens,host_qualifier,Thailand,Unknown,Unknown,Unknown,medium,2840,59,108,241,accepted,True,Most prevalent globally; IBS association,0.001980852917729419,False,
AB023578.1,ST1,Homo sapiens,organism,Unknown,Unknown,Unknown,Unknown,medium,2840,59,107,223,accepted,True,Most prevalent globally; IBS association,0.028134578106093912,False,
AB023499.1,ST1,Homo sapiens,organism,Unknown,Unknown,Unknown,Unknown,high,2840,59,107,223,accepted,True,Most prevalent globally; IBS association,0.025069178743391516,False,
U51152.1,ST4,Guinea-pig,host_qualifier,Unknown,Unknown,Unknown,Unknown,high,2840,35,52,73,accepted,True,Europe-dominant; possible immunoprotective role,-0.0,False,
U51151.1,ST1,Homo sapiens,host_qualifier,Unknown,Unknown,Unknown,Unknown,high,2840,59,108,241,accepted,True,Most prevalent globally; IBS association,0.0009868422476399764,False,
U26177.1,ST4,Faeces,note,Unknown,Unknown,Unknown,Unknown,high,2840,35,52,74,accepted,True,Europe-dominant; possible immunoprotective role,0.007293412418996058,False,
PZ726877.1,novel_9,Castor fiber,Unknown,Czechia,2026,Unknown,Sanger,novel_cluster,2840,11,11,13,novel,False,,,False,
PZ726876.1,novel_9,Castor fiber,Unknown,Czechia,2026,Unknown,Sanger,novel_cluster,2840,11,11,14,novel,False,,,False,
PX663658.1,novel_6,Homo sapiens,Unknown,Iraq: Erbil,Dec-2024,Unknown,Sanger,novel_cluster,2840,38,59,87,novel,False,,,False,
PX663657.1,novel_6,Homo sapiens,Unknown,Iraq: Erbil,Dec-2024,Unknown,Sanger,novel_cluster,2840,38,59,87,novel,False,,,False,
PX663630.1,novel_10,Homo sapiens,Unknown,Iraq: Erbil,Dec-2024,Unknown,Sanger,novel_cluster,2840,59,107,223,novel,False,,,False,
PX663510.1,novel_10,Homo sapiens,Unknown,Iraq: Erbil,Dec-2024,Unknown,Sanger,novel_cluster,2840,59,107,223,novel,False,,,False,
PX663509.1,ST_unassigned,Homo sapiens,Unknown,Iraq: Erbil,Dec-2024,Unknown,Sanger,unplaced,2840,38,59,101,unassigned,False,,0.14011459657410513,False,
PX658848.1,novel_11,Homo sapiens,Unknown,Iraq: Erbil,Dec-2024,Unknown,Sanger,novel_cluster,2840,38,59,107,novel,False,,,False,
PX642479.1,ST_unassigned,Homo sapiens,Unknown,Iraq: Erbil,Apr-2025,Unknown,Sanger,unplaced,2840,60,116,257,unassigned,False,,0.1318250134980251,False,
PX642478.1,ST_unassigned,Homo sapiens,Unknown,Iraq: Erbil,Apr-2025,Unknown,Sanger,unplaced,2840,38,61,110,unassigned,False,,0.1519678658122749,False,
PV329864.1,novel_7,Unknown,unknown,Spain,2023,human feces,Sanger,novel_cluster,2840,38,59,90,novel,False,,0.007650687955711,False,
MK880050.1,ST_unassigned,Guaruba guarouba,Unknown,Brazil,Unknown,feces,Sanger,unplaced,2840,17,24,36,unassigned,False,,0.17086756140398043,False,
OR227930.1,novel_12,Homo sapiens,Unknown,Unknown,Unknown,Unknown,Sanger,novel_cluster,2840,37,54,77,novel,False,,,False,
OQ693814.1,novel_13,African spurred tortoise,Unknown,Thailand,2022,Unknown,Sanger,novel_cluster,2840,51,91,191,novel,False,,,False,
OQ693759.1,ST_unassigned,iguana,Unknown,Thailand,2022,Unknown,Sanger,unplaced,2840,27,37,50,unassigned,False,,0.1587789676393952,False,
OQ693732.1,novel_13,African spurred tortoise,Unknown,Thailand,2022,Unknown,Sanger,novel_cluster,2840,51,91,191,novel,False,,,False,
OQ691628.1,novel_12,Homo sapiens,Unknown,Unknown,Unknown,Unknown,Sanger,novel_cluster,2840,37,54,77,novel,False,,,False,
OQ691627.1,ST_unassigned,Homo sapiens,Unknown,Unknown,Unknown,Unknown,Sanger,unplaced,2840,66,122,263,unassigned,False,,0.15511732862682878,False,
OQ594881.1,ST_unassigned,Homo sapiens,Unknown,Iraq: salahaddin,Dec-2022,stool,Sanger,unplaced,2840,64,120,261,unassigned,False,,0.24379599331815416,False,
OQ363210.1,ST_unassigned,Unknown,Unknown,Unknown,Unknown,Unknown,Sanger,unplaced,2840,67,123,264,unassigned,False,,0.33211567098894995,False,
OQ192091.1,novel_14,Homo sapiens,Unknown,Argentina,Unknown,fecal samples,Sanger,novel_cluster,2840,38,59,90,novel,False,,,False,
MZ783085.1,novel_14,Unknown,unknown,Argentina,2019,Unknown,Sanger,novel_cluster,2840,38,59,90,novel,False,,,False,
MK375221.1,novel_3,Sus scrofa,Unknown,China: Yunnan,Unknown,feces of farmed pigs,Unknown,novel_cluster,2840,46,79,155,novel,False,,0.006807178010194442,False,
MN264522.1,ST_unassigned,Felis catus domesticus,Unknown,Iran,Jul-2017,feces,Sanger,unplaced,2840,49,88,181,unassigned,False,,-0.0,False,
MN264519.1,novel_7,Felis catus domesticus,Unknown,Iran,Jul-2017,feces,Sanger,novel_cluster,2840,38,59,90,novel,False,,0.008379975448593893,False,
MN264518.1,novel_15,Felis catus domesticus,Unknown,Iran,Jul-2017,feces,Sanger,novel_cluster,2840,59,107,222,novel,False,,,False,
MN264516.1,ST_unassigned,Canis lupus familiaris,Unknown,Iran,Jul-2017,feces,Sanger,unplaced,2840,15,17,22,unassigned,False,,0.1562535018474232,False,
MN264512.1,ST_unassigned,Canis lupus familiaris,Unknown,Iran,Jul-2017,feces,Sanger,unplaced,2840,52,93,201,unassigned,False,,0.12699172668773626,False,
MN264511.1,novel_15,Rattus norvegicus,Unknown,Iran,Jul-2017,feces,Sanger,novel_cluster,2840,59,107,222,novel,False,,,False,
MN264510.1,novel_7,Rattus norvegicus,Unknown,Iran,Jul-2017,feces,Sanger,novel_cluster,2840,38,59,90,novel,False,,-0.0,False,
MK880049.1,novel_8,Gallus gallus,Unknown,"Brazil: UFMG, Belo Horizonte",Unknown,feces,Sanger,Unknown,2840,17,22,34,novel,False,,0.016904925151440812,False,
MH104988.1,novel_3,Sus scrofa,host_qualifier,Thailand,Unknown,Unknown,Sanger,novel_cluster,2840,46,79,141,novel,False,,0.015514451072844652,False,
MH104987.1,novel_3,Sus scrofa,host_qualifier,Thailand,Unknown,Unknown,Sanger,novel_cluster,2840,46,79,150,novel,False,,-0.0,False,
MH104983.1,novel_3,Sus scrofa,host_qualifier,Thailand,Unknown,Unknown,Sanger,novel_cluster,2840,46,79,150,novel,False,,0.003822881803500879,False,
MH104973.1,novel_3,Sus scrofa,Unknown,Thailand,Unknown,Unknown,Sanger,novel_cluster,2840,46,79,164,novel,False,,0.018405831687088245,False,
MH104965.1,ST_unassigned,Unknown,unknown,Thailand,Unknown,Unknown,Sanger,unplaced,2840,43,74,129,unassigned,False,,0.09771239881546118,False,
MH104963.1,ST_unassigned,Unknown,unknown,Thailand,Unknown,Unknown,Sanger,unplaced,2840,65,121,262,unassigned,False,,0.16245797270444007,False,
MH104954.1,ST_unassigned,Unknown,unknown,Thailand,Unknown,Unknown,Sanger,unplaced,2840,43,73,128,unassigned,False,,0.10412733364066186,False,
MH104951.1,ST_unassigned,Unknown,unknown,Thailand,Unknown,Unknown,Sanger,unplaced,2840,44,75,130,unassigned,False,,0.11237494249712288,False,
MH104950.1,ST_unassigned,Unknown,unknown,Thailand,Unknown,Unknown,Sanger,unplaced,2840,45,76,131,unassigned,False,,0.11864592430683552,False,
KT438715.1,novel_1,Unknown,Unknown,Japan,24-Jul-2012,Platysternon megacephalum megacephalum,Sanger,Unknown,2840,18,25,37,novel,False,,0.0005576208435308641,False,
KT438713.1,novel_1,Unknown,Unknown,Japan,24-May-2012,Platysternon megacephalum megacephalum,Sanger,Unknown,2840,18,25,37,novel,False,,0.0005576208435308641,False,
KT438711.1,novel_1,Carettochelys insculpta,Unknown,Japan,21-May-2012,Carettochelys insculpta,Sanger,Unknown,2840,18,25,37,novel,False,,-0.0,False,
KT438710.1,novel_2,Testudo graeca,Unknown,Japan,10-Jun-2012,Geochelone elegans,Sanger,novel_cluster,2840,26,35,47,novel,False,,-0.0,False,
KT438709.1,novel_2,Geochelone elegans,Unknown,Japan,24-May-2012,Testudo graeca,Sanger,novel_cluster,2840,26,35,47,novel,False,,0.0011456943224688388,False,
KT438708.1,novel_2,Geochelone elegans,Unknown,Japan,21-May-2012,Geochelone elegans,Sanger,novel_cluster,2840,26,35,47,novel,False,,-0.0,False,
KT438707.1,novel_2,Stigmochelys pardalis,Unknown,Japan,07-Nov-2012,Astrochelys radiata,Sanger,novel_cluster,2840,26,35,48,novel,False,,0.013857207125679838,False,
KT438706.1,novel_2,Astrochelys radiata,Unknown,Japan,21-May-2012,Astrochelys radiata,Sanger,novel_cluster,2840,26,35,47,novel,False,,0.0034423468348301726,False,
KT438705.1,novel_2,Agrionemys horsfieldii,Unknown,Japan,21-May-2012,Kinixys homeana,Sanger,novel_cluster,2840,26,35,47,novel,False,,0.0022918276046084134,False,
KR262945.1,ST_unassigned,long-tailed macaque,Unknown,China,01-Apr-2015,Unknown,Sanger,unplaced,2840,63,119,260,unassigned,False,,0.21470744313228446,False,
KU051524.1,ST_unassigned,Homo sapiens,Unknown,Thailand,Unknown,Unknown,PacBio,unplaced,2840,38,59,108,unassigned,False,,0.14655148453149336,False,
KM216260.1,novel_4,Homo sapiens,Unknown,Unknown,Unknown,Unknown,Sanger,novel_cluster,2840,35,52,74,novel,False,,0.007853474900471525,False,
EU427512.1,novel_5,Macropus rufus (red kangaroo),Unknown,Unknown,Unknown,Unknown,Unknown,novel_cluster,2840,36,53,76,novel,False,,,False,
EU427514.1,novel_5,Macropus rufus (red kangaroo),Unknown,Unknown,Unknown,Unknown,Unknown,novel_cluster,2840,36,53,76,novel,False,,,False,
EF209018.1,novel_2,Geochelone carbonaria,Unknown,Czech Republic,Unknown,Unknown,Unknown,novel_cluster,2840,26,35,47,novel,False,,0.0011773942763400134,False,
EF209016.1,ST_unassigned,Geochelone radiata,Unknown,Czech Republic,Unknown,Unknown,Unknown,unplaced,2840,9,9,11,unassigned,False,,0.1645625922571594,False,
AY135410.1,novel_16,Unknown,Unknown,Unknown,Unknown,chicken feces,Unknown,novel_cluster,2840,15,17,22,novel,False,,,False,
AY135409.1,novel_16,Unknown,Unknown,Unknown,Unknown,chicken feces,Unknown,novel_cluster,2840,15,18,23,novel,False,,,False,
AM275394.1,ST_unassigned,Homo sapiens,organism,Denmark,01-May-2005,Unknown,Unknown,unplaced,2840,15,18,24,unassigned,False,,0.15588691136677202,False,
AM275393.1,novel_4,Homo sapiens,organism,Denmark,01-May-2005,Unknown,Unknown,novel_cluster,2840,35,52,73,novel,False,,-0.0,False,
AM275392.1,novel_4,Homo sapiens,organism,Denmark,01-May-2005,Unknown,Unknown,novel_cluster,2840,35,52,73,novel,False,,-0.0,False,
AM275391.1,novel_4,Homo sapiens,organism,Denmark,01-May-2005,Unknown,Unknown,novel_cluster,2840,35,52,73,novel,False,,-0.0,False,
AM275389.1,novel_4,Homo sapiens,organism,Denmark,01-May-2005,Unknown,Unknown,novel_cluster,2840,35,52,73,novel,False,,-0.0,False,
AM275364.1,novel_8,Homo sapiens,organism,Denmark,01-May-2005,Unknown,Unknown,novel_cluster,2840,17,22,33,novel,False,,-0.0,False,
AM275363.1,ST_unassigned,Homo sapiens,organism,Denmark,01-May-2005,Unknown,Unknown,unplaced,2840,16,20,26,unassigned,False,,0.14986681215468228,False,
AM275362.1,novel_8,Homo sapiens,organism,Denmark,01-May-2005,Unknown,Unknown,novel_cluster,2840,17,22,33,novel,False,,0.0038634985628472535,False,
AY590116.1,ST_unassigned,lizard,host_qualifier,Unknown,Unknown,Unknown,Unknown,unplaced,2840,30,40,53,unassigned,False,,0.1327426288478108,False,
AY590115.1,ST_unassigned,sea snake,host_qualifier,Unknown,Unknown,Unknown,Unknown,unplaced,2840,19,27,39,unassigned,False,,0.1698525406557228,False,
AY590112.1,novel_1,python,host_qualifier,Unknown,Unknown,Unknown,Unknown,novel_cluster,2840,18,25,37,novel,False,,0.000572956483174555,False,
AY266475.1,ST_unassigned,Cyclura cornuta (rhino iguana),Unknown,Singapore,Unknown,Unknown,Unknown,unplaced,2840,18,26,38,unassigned,False,,0.1420672972486992,False,
AY266473.1,ST_unassigned,Geochelone carbonaria (red-footed tortoise),Unknown,Singapore,Unknown,Unknown,Unknown,unplaced,2840,6,6,8,unassigned,False,,0.18788582117867958,False,
AY266470.1,novel_17,Bufo japonicus japonicus (toad),Unknown,Japan,Unknown,Unknown,Unknown,novel_cluster,2840,5,5,7,novel,False,,,False,
AY266468.1,novel_17,Rana catesbeiana (bullfrog),Unknown,Japan,Unknown,Unknown,Unknown,novel_cluster,2840,5,5,7,novel,False,,,False,
AF538348.1,ST_unassigned,Sus scrofa,host_qualifier,Thailand,Unknown,Unknown,Unknown,unplaced,2840,59,114,255,unassigned,False,,0.10388920060167124,False,
