accession,subtype,length,md5,host,host_source,country,collection_date,isolation_source,seq_tech,st_confidence,st_validation,acquisition_pass,retrieved_at_utc,ncbi_query
PZ712195.1,ST26,1746,33f3045c04026b2828adb4b0cc3c4532,Bos taurus,host_qualifier,Portugal,2024,stool,Sanger,high,source declares ST26 only,broad_query,2026-08-13T12:29:33.338201+00:00,"Blastocystis[Organism] AND (""18S""[All Fields] OR ""SSU""[All Fields] OR ""small subunit""[All Fields] OR ""18S ribosomal""[All Fields] OR ""SSU rRNA""[All Fields] OR ""ribosomal RNA""[All Fields] OR ""rRNA""[All Fields] OR ""rDNA""[All Fields]) NOT (""whole genome""[Title] OR ""complete genome""[Title] OR ""WGS""[Title] OR ""shotgun""[Title] OR ""mitochondrial""[Title] OR ""mitochondrion""[Title])"
PZ712194.1,ST42,1742,5cfcc01133cba7b736f61300e494fa7f,Bos taurus,host_qualifier,Portugal,2024,stool,Sanger,high,source declares ST42 only,broad_query,2026-08-13T12:29:33.338201+00:00,"Blastocystis[Organism] AND (""18S""[All Fields] OR ""SSU""[All Fields] OR ""small subunit""[All Fields] OR ""18S ribosomal""[All Fields] OR ""SSU rRNA""[All Fields] OR ""ribosomal RNA""[All Fields] OR ""rRNA""[All Fields] OR ""rDNA""[All Fields]) NOT (""whole genome""[Title] OR ""complete genome""[Title] OR ""WGS""[Title] OR ""shotgun""[Title] OR ""mitochondrial""[Title] OR ""mitochondrion""[Title])"
PZ712193.1,ST14,1738,9bc31ba0763bc0567f12c7db46a4625e,Bos taurus,host_qualifier,Portugal,2024,stool,Sanger,high,source declares ST14 only,broad_query,2026-08-13T12:29:33.338201+00:00,"Blastocystis[Organism] AND (""18S""[All Fields] OR ""SSU""[All Fields] OR ""small subunit""[All Fields] OR ""18S ribosomal""[All Fields] OR ""SSU rRNA""[All Fields] OR ""ribosomal RNA""[All Fields] OR ""rRNA""[All Fields] OR ""rDNA""[All Fields]) NOT (""whole genome""[Title] OR ""complete genome""[Title] OR ""WGS""[Title] OR ""shotgun""[Title] OR ""mitochondrial""[Title] OR ""mitochondrion""[Title])"
PZ712192.1,ST10,1745,5c98a34d6e953ceacc7700119b20d900,Bos taurus,host_qualifier,Portugal,2024,stool,Sanger,high,source declares ST10 only,broad_query,2026-08-13T12:29:33.338201+00:00,"Blastocystis[Organism] AND (""18S""[All Fields] OR ""SSU""[All Fields] OR ""small subunit""[All Fields] OR ""18S ribosomal""[All Fields] OR ""SSU rRNA""[All Fields] OR ""ribosomal RNA""[All Fields] OR ""rRNA""[All Fields] OR ""rDNA""[All Fields]) NOT (""whole genome""[Title] OR ""complete genome""[Title] OR ""WGS""[Title] OR ""shotgun""[Title] OR ""mitochondrial""[Title] OR ""mitochondrion""[Title])"
PZ712191.1,ST21,1751,477929524a5c92d17261fee26b94f329,Bos taurus,host_qualifier,Portugal,2024,stool,Sanger,high,source declares ST21 only,broad_query,2026-08-13T12:29:33.338201+00:00,"Blastocystis[Organism] AND (""18S""[All Fields] OR ""SSU""[All Fields] OR ""small subunit""[All Fields] OR ""18S ribosomal""[All Fields] OR ""SSU rRNA""[All Fields] OR ""ribosomal RNA""[All Fields] OR ""rRNA""[All Fields] OR ""rDNA""[All Fields]) NOT (""whole genome""[Title] OR ""complete genome""[Title] OR ""WGS""[Title] OR ""shotgun""[Title] OR ""mitochondrial""[Title] OR ""mitochondrion""[Title])"
OR889405.1,ST39,1595,c9a40962bf7346972931b3b1045280ba,Macaca thibetana,host_qualifier,China,2020,Unknown,Sanger,high,source declares ST39 only,broad_query,2026-08-13T12:29:33.338201+00:00,"Blastocystis[Organism] AND (""18S""[All Fields] OR ""SSU""[All Fields] OR ""small subunit""[All Fields] OR ""18S ribosomal""[All Fields] OR ""SSU rRNA""[All Fields] OR ""ribosomal RNA""[All Fields] OR ""rRNA""[All Fields] OR ""rDNA""[All Fields]) NOT (""whole genome""[Title] OR ""complete genome""[Title] OR ""WGS""[Title] OR ""shotgun""[Title] OR ""mitochondrial""[Title] OR ""mitochondrion""[Title])"
OR889404.1,ST39,1595,ccdfafc17264631777a36f2e196ceca7,Macaca thibetana,host_qualifier,China,2020,Unknown,Sanger,high,source declares ST39 only,broad_query,2026-08-13T12:29:33.338201+00:00,"Blastocystis[Organism] AND (""18S""[All Fields] OR ""SSU""[All Fields] OR ""small subunit""[All Fields] OR ""18S ribosomal""[All Fields] OR ""SSU rRNA""[All Fields] OR ""ribosomal RNA""[All Fields] OR ""rRNA""[All Fields] OR ""rDNA""[All Fields]) NOT (""whole genome""[Title] OR ""complete genome""[Title] OR ""WGS""[Title] OR ""shotgun""[Title] OR ""mitochondrial""[Title] OR ""mitochondrion""[Title])"
OR889403.1,ST39,1595,7c3b524cacea8819f4df78f5a82efda5,Macaca thibetana,host_qualifier,China,2020,Unknown,Sanger,high,source declares ST39 only,broad_query,2026-08-13T12:29:33.338201+00:00,"Blastocystis[Organism] AND (""18S""[All Fields] OR ""SSU""[All Fields] OR ""small subunit""[All Fields] OR ""18S ribosomal""[All Fields] OR ""SSU rRNA""[All Fields] OR ""ribosomal RNA""[All Fields] OR ""rRNA""[All Fields] OR ""rDNA""[All Fields]) NOT (""whole genome""[Title] OR ""complete genome""[Title] OR ""WGS""[Title] OR ""shotgun""[Title] OR ""mitochondrial""[Title] OR ""mitochondrion""[Title])"
OR889402.1,ST39,1595,001a85079b85e0ec6434e7ab8c3a100e,Macaca thibetana,host_qualifier,China,2020,Unknown,Sanger,high,source declares ST39 only,broad_query,2026-08-13T12:29:33.338201+00:00,"Blastocystis[Organism] AND (""18S""[All Fields] OR ""SSU""[All Fields] OR ""small subunit""[All Fields] OR ""18S ribosomal""[All Fields] OR ""SSU rRNA""[All Fields] OR ""ribosomal RNA""[All Fields] OR ""rRNA""[All Fields] OR ""rDNA""[All Fields]) NOT (""whole genome""[Title] OR ""complete genome""[Title] OR ""WGS""[Title] OR ""shotgun""[Title] OR ""mitochondrial""[Title] OR ""mitochondrion""[Title])"
OR889401.1,ST39,1596,d9d1af1c87701a59a373c10b48d0a197,Macaca thibetana,host_qualifier,China,2020,Unknown,Sanger,high,source declares ST39 only,broad_query,2026-08-13T12:29:33.338201+00:00,"Blastocystis[Organism] AND (""18S""[All Fields] OR ""SSU""[All Fields] OR ""small subunit""[All Fields] OR ""18S ribosomal""[All Fields] OR ""SSU rRNA""[All Fields] OR ""ribosomal RNA""[All Fields] OR ""rRNA""[All Fields] OR ""rDNA""[All Fields]) NOT (""whole genome""[Title] OR ""complete genome""[Title] OR ""WGS""[Title] OR ""shotgun""[Title] OR ""mitochondrial""[Title] OR ""mitochondrion""[Title])"
OR889400.1,ST39,1595,fcd00e93d088441f0358ffef9b9912bc,Macaca thibetana,host_qualifier,China,2020,Unknown,Sanger,high,source declares ST39 only,broad_query,2026-08-13T12:29:33.338201+00:00,"Blastocystis[Organism] AND (""18S""[All Fields] OR ""SSU""[All Fields] OR ""small subunit""[All Fields] OR ""18S ribosomal""[All Fields] OR ""SSU rRNA""[All Fields] OR ""ribosomal RNA""[All Fields] OR ""rRNA""[All Fields] OR ""rDNA""[All Fields]) NOT (""whole genome""[Title] OR ""complete genome""[Title] OR ""WGS""[Title] OR ""shotgun""[Title] OR ""mitochondrial""[Title] OR ""mitochondrion""[Title])"
OR889399.1,ST2,1596,ad496e1f1b24a1e84219a283fbc65424,Macaca thibetana,host_qualifier,China,2020,Unknown,Sanger,high,source declares ST2 only,broad_query,2026-08-13T12:29:33.338201+00:00,"Blastocystis[Organism] AND (""18S""[All Fields] OR ""SSU""[All Fields] OR ""small subunit""[All Fields] OR ""18S ribosomal""[All Fields] OR ""SSU rRNA""[All Fields] OR ""ribosomal RNA""[All Fields] OR ""rRNA""[All Fields] OR ""rDNA""[All Fields]) NOT (""whole genome""[Title] OR ""complete genome""[Title] OR ""WGS""[Title] OR ""shotgun""[Title] OR ""mitochondrial""[Title] OR ""mitochondrion""[Title])"
OR889398.1,ST2,1596,86a2baac7645f9d63262d22b967bafd8,Macaca thibetana,host_qualifier,China,2020,Unknown,Sanger,high,source declares ST2 only,broad_query,2026-08-13T12:29:33.338201+00:00,"Blastocystis[Organism] AND (""18S""[All Fields] OR ""SSU""[All Fields] OR ""small subunit""[All Fields] OR ""18S ribosomal""[All Fields] OR ""SSU rRNA""[All Fields] OR ""ribosomal RNA""[All Fields] OR ""rRNA""[All Fields] OR ""rDNA""[All Fields]) NOT (""whole genome""[Title] OR ""complete genome""[Title] OR ""WGS""[Title] OR ""shotgun""[Title] OR ""mitochondrial""[Title] OR ""mitochondrion""[Title])"
OR889397.1,ST2,1596,7eae75e6de01c77d99a55d63c9f2cfe7,Macaca thibetana,host_qualifier,China,2020,Unknown,Sanger,high,source declares ST2 only,broad_query,2026-08-13T12:29:33.338201+00:00,"Blastocystis[Organism] AND (""18S""[All Fields] OR ""SSU""[All Fields] OR ""small subunit""[All Fields] OR ""18S ribosomal""[All Fields] OR ""SSU rRNA""[All Fields] OR ""ribosomal RNA""[All Fields] OR ""rRNA""[All Fields] OR ""rDNA""[All Fields]) NOT (""whole genome""[Title] OR ""complete genome""[Title] OR ""WGS""[Title] OR ""shotgun""[Title] OR ""mitochondrial""[Title] OR ""mitochondrion""[Title])"
OR889396.1,ST2,1596,136e69283fc2aaa101b0a5dc4f4049c4,Macaca thibetana,host_qualifier,China,2020,Unknown,Sanger,high,source declares ST2 only,broad_query,2026-08-13T12:29:33.338201+00:00,"Blastocystis[Organism] AND (""18S""[All Fields] OR ""SSU""[All Fields] OR ""small subunit""[All Fields] OR ""18S ribosomal""[All Fields] OR ""SSU rRNA""[All Fields] OR ""ribosomal RNA""[All Fields] OR ""rRNA""[All Fields] OR ""rDNA""[All Fields]) NOT (""whole genome""[Title] OR ""complete genome""[Title] OR ""WGS""[Title] OR ""shotgun""[Title] OR ""mitochondrial""[Title] OR ""mitochondrion""[Title])"
OR889395.1,ST2,1596,30572c327914d88144461e71ce4e4598,Macaca thibetana,host_qualifier,China,2020,Unknown,Sanger,high,source declares ST2 only,broad_query,2026-08-13T12:29:33.338201+00:00,"Blastocystis[Organism] AND (""18S""[All Fields] OR ""SSU""[All Fields] OR ""small subunit""[All Fields] OR ""18S ribosomal""[All Fields] OR ""SSU rRNA""[All Fields] OR ""ribosomal RNA""[All Fields] OR ""rRNA""[All Fields] OR ""rDNA""[All Fields]) NOT (""whole genome""[Title] OR ""complete genome""[Title] OR ""WGS""[Title] OR ""shotgun""[Title] OR ""mitochondrial""[Title] OR ""mitochondrion""[Title])"
OR889394.1,ST2,1596,3d4f8ce05128fb927a519ea555212d16,Macaca thibetana,host_qualifier,China,2020,Unknown,Sanger,high,source declares ST2 only,broad_query,2026-08-13T12:29:33.338201+00:00,"Blastocystis[Organism] AND (""18S""[All Fields] OR ""SSU""[All Fields] OR ""small subunit""[All Fields] OR ""18S ribosomal""[All Fields] OR ""SSU rRNA""[All Fields] OR ""ribosomal RNA""[All Fields] OR ""rRNA""[All Fields] OR ""rDNA""[All Fields]) NOT (""whole genome""[Title] OR ""complete genome""[Title] OR ""WGS""[Title] OR ""shotgun""[Title] OR ""mitochondrial""[Title] OR ""mitochondrion""[Title])"
OR889393.1,ST39,1596,9d852ae0d3c460efad27d198fcef2a31,Macaca thibetana,host_qualifier,China,2020,Unknown,Sanger,high,source declares ST39 only,broad_query,2026-08-13T12:29:33.338201+00:00,"Blastocystis[Organism] AND (""18S""[All Fields] OR ""SSU""[All Fields] OR ""small subunit""[All Fields] OR ""18S ribosomal""[All Fields] OR ""SSU rRNA""[All Fields] OR ""ribosomal RNA""[All Fields] OR ""rRNA""[All Fields] OR ""rDNA""[All Fields]) NOT (""whole genome""[Title] OR ""complete genome""[Title] OR ""WGS""[Title] OR ""shotgun""[Title] OR ""mitochondrial""[Title] OR ""mitochondrion""[Title])"
OR889392.1,ST39,1596,b275138473f85f1b2a61fba788395614,Macaca thibetana,host_qualifier,China,2020,Unknown,Sanger,high,source declares ST39 only,broad_query,2026-08-13T12:29:33.338201+00:00,"Blastocystis[Organism] AND (""18S""[All Fields] OR ""SSU""[All Fields] OR ""small subunit""[All Fields] OR ""18S ribosomal""[All Fields] OR ""SSU rRNA""[All Fields] OR ""ribosomal RNA""[All Fields] OR ""rRNA""[All Fields] OR ""rDNA""[All Fields]) NOT (""whole genome""[Title] OR ""complete genome""[Title] OR ""WGS""[Title] OR ""shotgun""[Title] OR ""mitochondrial""[Title] OR ""mitochondrion""[Title])"
OR889391.1,ST39,1596,2654e2cb094c10c6d9b4988ae3c71273,Macaca thibetana,host_qualifier,China,2020,Unknown,Sanger,high,source declares ST39 only,broad_query,2026-08-13T12:29:33.338201+00:00,"Blastocystis[Organism] AND (""18S""[All Fields] OR ""SSU""[All Fields] OR ""small subunit""[All Fields] OR ""18S ribosomal""[All Fields] OR ""SSU rRNA""[All Fields] OR ""ribosomal RNA""[All Fields] OR ""rRNA""[All Fields] OR ""rDNA""[All Fields]) NOT (""whole genome""[Title] OR ""complete genome""[Title] OR ""WGS""[Title] OR ""shotgun""[Title] OR ""mitochondrial""[Title] OR ""mitochondrion""[Title])"
OR889390.1,ST2,1596,62c217093dcb639854b70007fedcdae8,Macaca thibetana,host_qualifier,China,2020,Unknown,Sanger,high,source declares ST2 only,broad_query,2026-08-13T12:29:33.338201+00:00,"Blastocystis[Organism] AND (""18S""[All Fields] OR ""SSU""[All Fields] OR ""small subunit""[All Fields] OR ""18S ribosomal""[All Fields] OR ""SSU rRNA""[All Fields] OR ""ribosomal RNA""[All Fields] OR ""rRNA""[All Fields] OR ""rDNA""[All Fields]) NOT (""whole genome""[Title] OR ""complete genome""[Title] OR ""WGS""[Title] OR ""shotgun""[Title] OR ""mitochondrial""[Title] OR ""mitochondrion""[Title])"
OR889389.1,ST39,1596,93dd98599a271054fcde7fb312bcb717,Macaca thibetana,host_qualifier,China,2020,Unknown,Sanger,high,source declares ST39 only,broad_query,2026-08-13T12:29:33.338201+00:00,"Blastocystis[Organism] AND (""18S""[All Fields] OR ""SSU""[All Fields] OR ""small subunit""[All Fields] OR ""18S ribosomal""[All Fields] OR ""SSU rRNA""[All Fields] OR ""ribosomal RNA""[All Fields] OR ""rRNA""[All Fields] OR ""rDNA""[All Fields]) NOT (""whole genome""[Title] OR ""complete genome""[Title] OR ""WGS""[Title] OR ""shotgun""[Title] OR ""mitochondrial""[Title] OR ""mitochondrion""[Title])"
OR889388.1,ST1,1598,88a9b87ace63b8c6b624a0d5d38f271d,Macaca thibetana,host_qualifier,China,2020,Unknown,Sanger,high,source declares ST1 only,broad_query,2026-08-13T12:29:33.338201+00:00,"Blastocystis[Organism] AND (""18S""[All Fields] OR ""SSU""[All Fields] OR ""small subunit""[All Fields] OR ""18S ribosomal""[All Fields] OR ""SSU rRNA""[All Fields] OR ""ribosomal RNA""[All Fields] OR ""rRNA""[All Fields] OR ""rDNA""[All Fields]) NOT (""whole genome""[Title] OR ""complete genome""[Title] OR ""WGS""[Title] OR ""shotgun""[Title] OR ""mitochondrial""[Title] OR ""mitochondrion""[Title])"
OR889387.1,ST1,1598,1b4384e772779757d8fd7238d711d3f0,Macaca thibetana,host_qualifier,China,2020,Unknown,Sanger,high,source declares ST1 only,broad_query,2026-08-13T12:29:33.338201+00:00,"Blastocystis[Organism] AND (""18S""[All Fields] OR ""SSU""[All Fields] OR ""small subunit""[All Fields] OR ""18S ribosomal""[All Fields] OR ""SSU rRNA""[All Fields] OR ""ribosomal RNA""[All Fields] OR ""rRNA""[All Fields] OR ""rDNA""[All Fields]) NOT (""whole genome""[Title] OR ""complete genome""[Title] OR ""WGS""[Title] OR ""shotgun""[Title] OR ""mitochondrial""[Title] OR ""mitochondrion""[Title])"
OR889386.1,ST1,1598,9f5b57d36d4486c55f4929699693f74e,Macaca thibetana,host_qualifier,China,2020,Unknown,Sanger,high,source declares ST1 only,broad_query,2026-08-13T12:29:33.338201+00:00,"Blastocystis[Organism] AND (""18S""[All Fields] OR ""SSU""[All Fields] OR ""small subunit""[All Fields] OR ""18S ribosomal""[All Fields] OR ""SSU rRNA""[All Fields] OR ""ribosomal RNA""[All Fields] OR ""rRNA""[All Fields] OR ""rDNA""[All Fields]) NOT (""whole genome""[Title] OR ""complete genome""[Title] OR ""WGS""[Title] OR ""shotgun""[Title] OR ""mitochondrial""[Title] OR ""mitochondrion""[Title])"
OR889385.1,ST1,1598,cf2e8f8f5ef3e7db5ef4b89034924fd2,Macaca thibetana,host_qualifier,China,2020,Unknown,Sanger,high,source declares ST1 only,broad_query,2026-08-13T12:29:33.338201+00:00,"Blastocystis[Organism] AND (""18S""[All Fields] OR ""SSU""[All Fields] OR ""small subunit""[All Fields] OR ""18S ribosomal""[All Fields] OR ""SSU rRNA""[All Fields] OR ""ribosomal RNA""[All Fields] OR ""rRNA""[All Fields] OR ""rDNA""[All Fields]) NOT (""whole genome""[Title] OR ""complete genome""[Title] OR ""WGS""[Title] OR ""shotgun""[Title] OR ""mitochondrial""[Title] OR ""mitochondrion""[Title])"
OR889384.1,ST1,1598,6ce383343e0f3c254ff5ef3ac7b25317,Macaca thibetana,host_qualifier,China,2020,Unknown,Sanger,high,source declares ST1 only,broad_query,2026-08-13T12:29:33.338201+00:00,"Blastocystis[Organism] AND (""18S""[All Fields] OR ""SSU""[All Fields] OR ""small subunit""[All Fields] OR ""18S ribosomal""[All Fields] OR ""SSU rRNA""[All Fields] OR ""ribosomal RNA""[All Fields] OR ""rRNA""[All Fields] OR ""rDNA""[All Fields]) NOT (""whole genome""[Title] OR ""complete genome""[Title] OR ""WGS""[Title] OR ""shotgun""[Title] OR ""mitochondrial""[Title] OR ""mitochondrion""[Title])"
OR889383.1,ST1,1598,24c78e7b72ea08701ecd45ea6d9c9cc6,Macaca thibetana,host_qualifier,China,2020,Unknown,Sanger,high,source declares ST1 only,broad_query,2026-08-13T12:29:33.338201+00:00,"Blastocystis[Organism] AND (""18S""[All Fields] OR ""SSU""[All Fields] OR ""small subunit""[All Fields] OR ""18S ribosomal""[All Fields] OR ""SSU rRNA""[All Fields] OR ""ribosomal RNA""[All Fields] OR ""rRNA""[All Fields] OR ""rDNA""[All Fields]) NOT (""whole genome""[Title] OR ""complete genome""[Title] OR ""WGS""[Title] OR ""shotgun""[Title] OR ""mitochondrial""[Title] OR ""mitochondrion""[Title])"
OR889382.1,ST1,1598,b6ade592c58fa05b94f3f265d91329f9,Macaca thibetana,host_qualifier,China,2020,Unknown,Sanger,high,source declares ST1 only,broad_query,2026-08-13T12:29:33.338201+00:00,"Blastocystis[Organism] AND (""18S""[All Fields] OR ""SSU""[All Fields] OR ""small subunit""[All Fields] OR ""18S ribosomal""[All Fields] OR ""SSU rRNA""[All Fields] OR ""ribosomal RNA""[All Fields] OR ""rRNA""[All Fields] OR ""rDNA""[All Fields]) NOT (""whole genome""[Title] OR ""complete genome""[Title] OR ""WGS""[Title] OR ""shotgun""[Title] OR ""mitochondrial""[Title] OR ""mitochondrion""[Title])"
OR889381.1,ST3,1596,1d09a6ade12b3804a5f8b26b7ee58d03,Macaca thibetana,host_qualifier,China,2020,Unknown,Sanger,high,source declares ST3 only,broad_query,2026-08-13T12:29:33.338201+00:00,"Blastocystis[Organism] AND (""18S""[All Fields] OR ""SSU""[All Fields] OR ""small subunit""[All Fields] OR ""18S ribosomal""[All Fields] OR ""SSU rRNA""[All Fields] OR ""ribosomal RNA""[All Fields] OR ""rRNA""[All Fields] OR ""rDNA""[All Fields]) NOT (""whole genome""[Title] OR ""complete genome""[Title] OR ""WGS""[Title] OR ""shotgun""[Title] OR ""mitochondrial""[Title] OR ""mitochondrion""[Title])"
OR889380.1,ST3,1596,ae8dc4b3d5e72b151dc2859503554fb3,Macaca thibetana,host_qualifier,China,2020,Unknown,Sanger,high,source declares ST3 only,broad_query,2026-08-13T12:29:33.338201+00:00,"Blastocystis[Organism] AND (""18S""[All Fields] OR ""SSU""[All Fields] OR ""small subunit""[All Fields] OR ""18S ribosomal""[All Fields] OR ""SSU rRNA""[All Fields] OR ""ribosomal RNA""[All Fields] OR ""rRNA""[All Fields] OR ""rDNA""[All Fields]) NOT (""whole genome""[Title] OR ""complete genome""[Title] OR ""WGS""[Title] OR ""shotgun""[Title] OR ""mitochondrial""[Title] OR ""mitochondrion""[Title])"
OR889379.1,ST3,1596,b11ec54c2a4a9c02d1edf7e1f17b30ac,Macaca thibetana,host_qualifier,China,2020,Unknown,Sanger,high,source declares ST3 only,broad_query,2026-08-13T12:29:33.338201+00:00,"Blastocystis[Organism] AND (""18S""[All Fields] OR ""SSU""[All Fields] OR ""small subunit""[All Fields] OR ""18S ribosomal""[All Fields] OR ""SSU rRNA""[All Fields] OR ""ribosomal RNA""[All Fields] OR ""rRNA""[All Fields] OR ""rDNA""[All Fields]) NOT (""whole genome""[Title] OR ""complete genome""[Title] OR ""WGS""[Title] OR ""shotgun""[Title] OR ""mitochondrial""[Title] OR ""mitochondrion""[Title])"
OR889378.1,ST3,1596,4d8ed756764639c9495429f16eb570b6,Macaca thibetana,host_qualifier,China,2020,Unknown,Sanger,high,source declares ST3 only,broad_query,2026-08-13T12:29:33.338201+00:00,"Blastocystis[Organism] AND (""18S""[All Fields] OR ""SSU""[All Fields] OR ""small subunit""[All Fields] OR ""18S ribosomal""[All Fields] OR ""SSU rRNA""[All Fields] OR ""ribosomal RNA""[All Fields] OR ""rRNA""[All Fields] OR ""rDNA""[All Fields]) NOT (""whole genome""[Title] OR ""complete genome""[Title] OR ""WGS""[Title] OR ""shotgun""[Title] OR ""mitochondrial""[Title] OR ""mitochondrion""[Title])"
OR889377.1,ST3,1596,5251a2d49932e2d45f03ad80ee3b8514,Macaca thibetana,host_qualifier,China,2020,Unknown,Sanger,high,source declares ST3 only,broad_query,2026-08-13T12:29:33.338201+00:00,"Blastocystis[Organism] AND (""18S""[All Fields] OR ""SSU""[All Fields] OR ""small subunit""[All Fields] OR ""18S ribosomal""[All Fields] OR ""SSU rRNA""[All Fields] OR ""ribosomal RNA""[All Fields] OR ""rRNA""[All Fields] OR ""rDNA""[All Fields]) NOT (""whole genome""[Title] OR ""complete genome""[Title] OR ""WGS""[Title] OR ""shotgun""[Title] OR ""mitochondrial""[Title] OR ""mitochondrion""[Title])"
OR889376.1,ST3,1596,ba96bb477bffa2fb37827a8710906537,Macaca thibetana,host_qualifier,China,2020,Unknown,Sanger,high,source declares ST3 only,broad_query,2026-08-13T12:29:33.338201+00:00,"Blastocystis[Organism] AND (""18S""[All Fields] OR ""SSU""[All Fields] OR ""small subunit""[All Fields] OR ""18S ribosomal""[All Fields] OR ""SSU rRNA""[All Fields] OR ""ribosomal RNA""[All Fields] OR ""rRNA""[All Fields] OR ""rDNA""[All Fields]) NOT (""whole genome""[Title] OR ""complete genome""[Title] OR ""WGS""[Title] OR ""shotgun""[Title] OR ""mitochondrial""[Title] OR ""mitochondrion""[Title])"
OR889375.1,ST3,1596,b677ab1f2e114e69d7d273825f67d062,Macaca thibetana,host_qualifier,China,2020,Unknown,Sanger,high,source declares ST3 only,broad_query,2026-08-13T12:29:33.338201+00:00,"Blastocystis[Organism] AND (""18S""[All Fields] OR ""SSU""[All Fields] OR ""small subunit""[All Fields] OR ""18S ribosomal""[All Fields] OR ""SSU rRNA""[All Fields] OR ""ribosomal RNA""[All Fields] OR ""rRNA""[All Fields] OR ""rDNA""[All Fields]) NOT (""whole genome""[Title] OR ""complete genome""[Title] OR ""WGS""[Title] OR ""shotgun""[Title] OR ""mitochondrial""[Title] OR ""mitochondrion""[Title])"
OR889374.1,ST3,1596,9f5081b41b4ee11b923a38c879f0a51a,Macaca thibetana,host_qualifier,China,2020,Unknown,Sanger,high,source declares ST3 only,broad_query,2026-08-13T12:29:33.338201+00:00,"Blastocystis[Organism] AND (""18S""[All Fields] OR ""SSU""[All Fields] OR ""small subunit""[All Fields] OR ""18S ribosomal""[All Fields] OR ""SSU rRNA""[All Fields] OR ""ribosomal RNA""[All Fields] OR ""rRNA""[All Fields] OR ""rDNA""[All Fields]) NOT (""whole genome""[Title] OR ""complete genome""[Title] OR ""WGS""[Title] OR ""shotgun""[Title] OR ""mitochondrial""[Title] OR ""mitochondrion""[Title])"
OR889373.1,ST3,1596,beceae64201654eab319f3c7dbcf449c,Macaca thibetana,host_qualifier,China,2020,Unknown,Sanger,high,source declares ST3 only,broad_query,2026-08-13T12:29:33.338201+00:00,"Blastocystis[Organism] AND (""18S""[All Fields] OR ""SSU""[All Fields] OR ""small subunit""[All Fields] OR ""18S ribosomal""[All Fields] OR ""SSU rRNA""[All Fields] OR ""ribosomal RNA""[All Fields] OR ""rRNA""[All Fields] OR ""rDNA""[All Fields]) NOT (""whole genome""[Title] OR ""complete genome""[Title] OR ""WGS""[Title] OR ""shotgun""[Title] OR ""mitochondrial""[Title] OR ""mitochondrion""[Title])"
OR889372.1,ST3,1596,57934d2e59f0850216cbeeba36ac72e3,Macaca thibetana,host_qualifier,China,2020,Unknown,Sanger,high,source declares ST3 only,broad_query,2026-08-13T12:29:33.338201+00:00,"Blastocystis[Organism] AND (""18S""[All Fields] OR ""SSU""[All Fields] OR ""small subunit""[All Fields] OR ""18S ribosomal""[All Fields] OR ""SSU rRNA""[All Fields] OR ""ribosomal RNA""[All Fields] OR ""rRNA""[All Fields] OR ""rDNA""[All Fields]) NOT (""whole genome""[Title] OR ""complete genome""[Title] OR ""WGS""[Title] OR ""shotgun""[Title] OR ""mitochondrial""[Title] OR ""mitochondrion""[Title])"
OR889371.1,ST2,1596,d858fdb1a48a647285248f09571d2925,Macaca thibetana,host_qualifier,China,2020,Unknown,Sanger,high,source declares ST2 only,broad_query,2026-08-13T12:29:33.338201+00:00,"Blastocystis[Organism] AND (""18S""[All Fields] OR ""SSU""[All Fields] OR ""small subunit""[All Fields] OR ""18S ribosomal""[All Fields] OR ""SSU rRNA""[All Fields] OR ""ribosomal RNA""[All Fields] OR ""rRNA""[All Fields] OR ""rDNA""[All Fields]) NOT (""whole genome""[Title] OR ""complete genome""[Title] OR ""WGS""[Title] OR ""shotgun""[Title] OR ""mitochondrial""[Title] OR ""mitochondrion""[Title])"
OR889370.1,ST2,1596,380c79677d27b3e2c5621a1585e0ad18,Macaca thibetana,host_qualifier,China,2020,Unknown,Sanger,high,source declares ST2 only,broad_query,2026-08-13T12:29:33.338201+00:00,"Blastocystis[Organism] AND (""18S""[All Fields] OR ""SSU""[All Fields] OR ""small subunit""[All Fields] OR ""18S ribosomal""[All Fields] OR ""SSU rRNA""[All Fields] OR ""ribosomal RNA""[All Fields] OR ""rRNA""[All Fields] OR ""rDNA""[All Fields]) NOT (""whole genome""[Title] OR ""complete genome""[Title] OR ""WGS""[Title] OR ""shotgun""[Title] OR ""mitochondrial""[Title] OR ""mitochondrion""[Title])"
OR889369.1,ST3,1596,0ae89df64291977066a631dfe059254b,Macaca thibetana,host_qualifier,China,2020,Unknown,Sanger,high,source declares ST3 only,broad_query,2026-08-13T12:29:33.338201+00:00,"Blastocystis[Organism] AND (""18S""[All Fields] OR ""SSU""[All Fields] OR ""small subunit""[All Fields] OR ""18S ribosomal""[All Fields] OR ""SSU rRNA""[All Fields] OR ""ribosomal RNA""[All Fields] OR ""rRNA""[All Fields] OR ""rDNA""[All Fields]) NOT (""whole genome""[Title] OR ""complete genome""[Title] OR ""WGS""[Title] OR ""shotgun""[Title] OR ""mitochondrial""[Title] OR ""mitochondrion""[Title])"
OR889368.1,ST3,1596,7a647503821c2c3c5835bfa1cf6974b0,Macaca thibetana,host_qualifier,China,2020,Unknown,Sanger,high,source declares ST3 only,broad_query,2026-08-13T12:29:33.338201+00:00,"Blastocystis[Organism] AND (""18S""[All Fields] OR ""SSU""[All Fields] OR ""small subunit""[All Fields] OR ""18S ribosomal""[All Fields] OR ""SSU rRNA""[All Fields] OR ""ribosomal RNA""[All Fields] OR ""rRNA""[All Fields] OR ""rDNA""[All Fields]) NOT (""whole genome""[Title] OR ""complete genome""[Title] OR ""WGS""[Title] OR ""shotgun""[Title] OR ""mitochondrial""[Title] OR ""mitochondrion""[Title])"
OR889367.1,ST39,1595,bda68353c218bbe2f1ebf8dad5a82b99,Macaca thibetana,host_qualifier,China,2020,Unknown,Sanger,high,source declares ST39 only,broad_query,2026-08-13T12:29:33.338201+00:00,"Blastocystis[Organism] AND (""18S""[All Fields] OR ""SSU""[All Fields] OR ""small subunit""[All Fields] OR ""18S ribosomal""[All Fields] OR ""SSU rRNA""[All Fields] OR ""ribosomal RNA""[All Fields] OR ""rRNA""[All Fields] OR ""rDNA""[All Fields]) NOT (""whole genome""[Title] OR ""complete genome""[Title] OR ""WGS""[Title] OR ""shotgun""[Title] OR ""mitochondrial""[Title] OR ""mitochondrion""[Title])"
OR889366.1,ST2,1596,a3ffbd261ef0b5ec4ab727c6c66dd6a0,Macaca thibetana,host_qualifier,China,2020,Unknown,Sanger,high,source declares ST2 only,broad_query,2026-08-13T12:29:33.338201+00:00,"Blastocystis[Organism] AND (""18S""[All Fields] OR ""SSU""[All Fields] OR ""small subunit""[All Fields] OR ""18S ribosomal""[All Fields] OR ""SSU rRNA""[All Fields] OR ""ribosomal RNA""[All Fields] OR ""rRNA""[All Fields] OR ""rDNA""[All Fields]) NOT (""whole genome""[Title] OR ""complete genome""[Title] OR ""WGS""[Title] OR ""shotgun""[Title] OR ""mitochondrial""[Title] OR ""mitochondrion""[Title])"
OR889365.1,ST1,1600,934f01ecd92171a376837f023ed2d952,Macaca thibetana,host_qualifier,China,2020,Unknown,Sanger,high,source declares ST1 only,broad_query,2026-08-13T12:29:33.338201+00:00,"Blastocystis[Organism] AND (""18S""[All Fields] OR ""SSU""[All Fields] OR ""small subunit""[All Fields] OR ""18S ribosomal""[All Fields] OR ""SSU rRNA""[All Fields] OR ""ribosomal RNA""[All Fields] OR ""rRNA""[All Fields] OR ""rDNA""[All Fields]) NOT (""whole genome""[Title] OR ""complete genome""[Title] OR ""WGS""[Title] OR ""shotgun""[Title] OR ""mitochondrial""[Title] OR ""mitochondrion""[Title])"
OR889364.1,ST3,1596,d98a28c43860843ba84543f7b7941b08,Macaca thibetana,host_qualifier,China,2020,Unknown,Sanger,high,source declares ST3 only,broad_query,2026-08-13T12:29:33.338201+00:00,"Blastocystis[Organism] AND (""18S""[All Fields] OR ""SSU""[All Fields] OR ""small subunit""[All Fields] OR ""18S ribosomal""[All Fields] OR ""SSU rRNA""[All Fields] OR ""ribosomal RNA""[All Fields] OR ""rRNA""[All Fields] OR ""rDNA""[All Fields]) NOT (""whole genome""[Title] OR ""complete genome""[Title] OR ""WGS""[Title] OR ""shotgun""[Title] OR ""mitochondrial""[Title] OR ""mitochondrion""[Title])"
OR889363.1,ST2,1596,dd2f61bb3c7bc3736aacb18b13769327,Macaca thibetana,host_qualifier,China,2020,Unknown,Sanger,high,source declares ST2 only,broad_query,2026-08-13T12:29:33.338201+00:00,"Blastocystis[Organism] AND (""18S""[All Fields] OR ""SSU""[All Fields] OR ""small subunit""[All Fields] OR ""18S ribosomal""[All Fields] OR ""SSU rRNA""[All Fields] OR ""ribosomal RNA""[All Fields] OR ""rRNA""[All Fields] OR ""rDNA""[All Fields]) NOT (""whole genome""[Title] OR ""complete genome""[Title] OR ""WGS""[Title] OR ""shotgun""[Title] OR ""mitochondrial""[Title] OR ""mitochondrion""[Title])"
OR889362.1,ST3,1596,2a94e6a9bef424a650aeb3808b16fc39,Macaca thibetana,host_qualifier,China,2020,Unknown,Sanger,high,source declares ST3 only,broad_query,2026-08-13T12:29:33.338201+00:00,"Blastocystis[Organism] AND (""18S""[All Fields] OR ""SSU""[All Fields] OR ""small subunit""[All Fields] OR ""18S ribosomal""[All Fields] OR ""SSU rRNA""[All Fields] OR ""ribosomal RNA""[All Fields] OR ""rRNA""[All Fields] OR ""rDNA""[All Fields]) NOT (""whole genome""[Title] OR ""complete genome""[Title] OR ""WGS""[Title] OR ""shotgun""[Title] OR ""mitochondrial""[Title] OR ""mitochondrion""[Title])"
OR889361.1,ST3,1596,8bb7ac256d89004e407d4b71d3768fe1,Macaca thibetana,host_qualifier,China,2020,Unknown,Sanger,high,source declares ST3 only,broad_query,2026-08-13T12:29:33.338201+00:00,"Blastocystis[Organism] AND (""18S""[All Fields] OR ""SSU""[All Fields] OR ""small subunit""[All Fields] OR ""18S ribosomal""[All Fields] OR ""SSU rRNA""[All Fields] OR ""ribosomal RNA""[All Fields] OR ""rRNA""[All Fields] OR ""rDNA""[All Fields]) NOT (""whole genome""[Title] OR ""complete genome""[Title] OR ""WGS""[Title] OR ""shotgun""[Title] OR ""mitochondrial""[Title] OR ""mitochondrion""[Title])"
OR889360.1,ST3,1596,2aad53a986df6f39a5b0028c8369f729,Macaca thibetana,host_qualifier,China,2020,Unknown,Sanger,high,source declares ST3 only,broad_query,2026-08-13T12:29:33.338201+00:00,"Blastocystis[Organism] AND (""18S""[All Fields] OR ""SSU""[All Fields] OR ""small subunit""[All Fields] OR ""18S ribosomal""[All Fields] OR ""SSU rRNA""[All Fields] OR ""ribosomal RNA""[All Fields] OR ""rRNA""[All Fields] OR ""rDNA""[All Fields]) NOT (""whole genome""[Title] OR ""complete genome""[Title] OR ""WGS""[Title] OR ""shotgun""[Title] OR ""mitochondrial""[Title] OR ""mitochondrion""[Title])"
OR889359.1,ST3,1594,3e5fdc895c895f08b63736a753222ec5,Macaca thibetana,host_qualifier,China,2020,Unknown,Sanger,high,source declares ST3 only,broad_query,2026-08-13T12:29:33.338201+00:00,"Blastocystis[Organism] AND (""18S""[All Fields] OR ""SSU""[All Fields] OR ""small subunit""[All Fields] OR ""18S ribosomal""[All Fields] OR ""SSU rRNA""[All Fields] OR ""ribosomal RNA""[All Fields] OR ""rRNA""[All Fields] OR ""rDNA""[All Fields]) NOT (""whole genome""[Title] OR ""complete genome""[Title] OR ""WGS""[Title] OR ""shotgun""[Title] OR ""mitochondrial""[Title] OR ""mitochondrion""[Title])"
OR889358.1,ST3,1593,56ece1929382730737978f0ecf93526c,Macaca thibetana,host_qualifier,China,2020,Unknown,Sanger,high,source declares ST3 only,broad_query,2026-08-13T12:29:33.338201+00:00,"Blastocystis[Organism] AND (""18S""[All Fields] OR ""SSU""[All Fields] OR ""small subunit""[All Fields] OR ""18S ribosomal""[All Fields] OR ""SSU rRNA""[All Fields] OR ""ribosomal RNA""[All Fields] OR ""rRNA""[All Fields] OR ""rDNA""[All Fields]) NOT (""whole genome""[Title] OR ""complete genome""[Title] OR ""WGS""[Title] OR ""shotgun""[Title] OR ""mitochondrial""[Title] OR ""mitochondrion""[Title])"
OR889357.1,ST3,1595,4f1dd43d54b14984bad14f295a42a11a,Macaca thibetana,host_qualifier,China,2020,Unknown,Sanger,high,source declares ST3 only,broad_query,2026-08-13T12:29:33.338201+00:00,"Blastocystis[Organism] AND (""18S""[All Fields] OR ""SSU""[All Fields] OR ""small subunit""[All Fields] OR ""18S ribosomal""[All Fields] OR ""SSU rRNA""[All Fields] OR ""ribosomal RNA""[All Fields] OR ""rRNA""[All Fields] OR ""rDNA""[All Fields]) NOT (""whole genome""[Title] OR ""complete genome""[Title] OR ""WGS""[Title] OR ""shotgun""[Title] OR ""mitochondrial""[Title] OR ""mitochondrion""[Title])"
OR889356.1,ST3,1595,ac5b03e405fa44feaf4d35da5ed67dbe,Macaca thibetana,host_qualifier,China,2020,Unknown,Sanger,high,source declares ST3 only,broad_query,2026-08-13T12:29:33.338201+00:00,"Blastocystis[Organism] AND (""18S""[All Fields] OR ""SSU""[All Fields] OR ""small subunit""[All Fields] OR ""18S ribosomal""[All Fields] OR ""SSU rRNA""[All Fields] OR ""ribosomal RNA""[All Fields] OR ""rRNA""[All Fields] OR ""rDNA""[All Fields]) NOT (""whole genome""[Title] OR ""complete genome""[Title] OR ""WGS""[Title] OR ""shotgun""[Title] OR ""mitochondrial""[Title] OR ""mitochondrion""[Title])"
LC888081.1,ST1,1667,4b90f3893b79b2950a700bcde1f7606c,Homo sapiens,host_qualifier,"Japan: Wakayama, Wakayama",2024,stool,Unknown,high,source declares ST1 only,broad_query,2026-08-13T12:29:33.338201+00:00,"Blastocystis[Organism] AND (""18S""[All Fields] OR ""SSU""[All Fields] OR ""small subunit""[All Fields] OR ""18S ribosomal""[All Fields] OR ""SSU rRNA""[All Fields] OR ""ribosomal RNA""[All Fields] OR ""rRNA""[All Fields] OR ""rDNA""[All Fields]) NOT (""whole genome""[Title] OR ""complete genome""[Title] OR ""WGS""[Title] OR ""shotgun""[Title] OR ""mitochondrial""[Title] OR ""mitochondrion""[Title])"
LC888080.1,ST1,1659,c8e589ee7bd563c18f69e48b9dfeca09,Homo sapiens,host_qualifier,"Japan: Wakayama, Wakayama",2024,stool,Unknown,high,source declares ST1 only,broad_query,2026-08-13T12:29:33.338201+00:00,"Blastocystis[Organism] AND (""18S""[All Fields] OR ""SSU""[All Fields] OR ""small subunit""[All Fields] OR ""18S ribosomal""[All Fields] OR ""SSU rRNA""[All Fields] OR ""ribosomal RNA""[All Fields] OR ""rRNA""[All Fields] OR ""rDNA""[All Fields]) NOT (""whole genome""[Title] OR ""complete genome""[Title] OR ""WGS""[Title] OR ""shotgun""[Title] OR ""mitochondrial""[Title] OR ""mitochondrion""[Title])"
LC888079.1,ST1,1664,eccdef257db89efd3be4283db072d398,Homo sapiens,host_qualifier,"Japan: Wakayama, Wakayama",2024,stool,Unknown,high,source declares ST1 only,broad_query,2026-08-13T12:29:33.338201+00:00,"Blastocystis[Organism] AND (""18S""[All Fields] OR ""SSU""[All Fields] OR ""small subunit""[All Fields] OR ""18S ribosomal""[All Fields] OR ""SSU rRNA""[All Fields] OR ""ribosomal RNA""[All Fields] OR ""rRNA""[All Fields] OR ""rDNA""[All Fields]) NOT (""whole genome""[Title] OR ""complete genome""[Title] OR ""WGS""[Title] OR ""shotgun""[Title] OR ""mitochondrial""[Title] OR ""mitochondrion""[Title])"
LC888078.1,ST1,1665,89c23b473aa873d0384266c3a5cfb426,Homo sapiens,host_qualifier,"Japan: Wakayama, Wakayama",2024,stool,Unknown,high,source declares ST1 only,broad_query,2026-08-13T12:29:33.338201+00:00,"Blastocystis[Organism] AND (""18S""[All Fields] OR ""SSU""[All Fields] OR ""small subunit""[All Fields] OR ""18S ribosomal""[All Fields] OR ""SSU rRNA""[All Fields] OR ""ribosomal RNA""[All Fields] OR ""rRNA""[All Fields] OR ""rDNA""[All Fields]) NOT (""whole genome""[Title] OR ""complete genome""[Title] OR ""WGS""[Title] OR ""shotgun""[Title] OR ""mitochondrial""[Title] OR ""mitochondrion""[Title])"
PV065470.1,ST49,1773,e72a452e05606761f348bdd231132183,Roe deer,host_qualifier,Portugal,1998/2021,feces,ONT,high,source declares ST49 only,broad_query,2026-08-13T12:29:33.338201+00:00,"Blastocystis[Organism] AND (""18S""[All Fields] OR ""SSU""[All Fields] OR ""small subunit""[All Fields] OR ""18S ribosomal""[All Fields] OR ""SSU rRNA""[All Fields] OR ""ribosomal RNA""[All Fields] OR ""rRNA""[All Fields] OR ""rDNA""[All Fields]) NOT (""whole genome""[Title] OR ""complete genome""[Title] OR ""WGS""[Title] OR ""shotgun""[Title] OR ""mitochondrial""[Title] OR ""mitochondrion""[Title])"
PV065468.1,ST13,1774,712862a54d48ed0b1cc84212048243c3,Roe deer,host_qualifier,Portugal,1998/2021,feces,ONT,high,source declares ST13 only,broad_query,2026-08-13T12:29:33.338201+00:00,"Blastocystis[Organism] AND (""18S""[All Fields] OR ""SSU""[All Fields] OR ""small subunit""[All Fields] OR ""18S ribosomal""[All Fields] OR ""SSU rRNA""[All Fields] OR ""ribosomal RNA""[All Fields] OR ""rRNA""[All Fields] OR ""rDNA""[All Fields]) NOT (""whole genome""[Title] OR ""complete genome""[Title] OR ""WGS""[Title] OR ""shotgun""[Title] OR ""mitochondrial""[Title] OR ""mitochondrion""[Title])"
PV788964.1,ST10,1772,45a36c89f138cc8cbf0f3df5df121a33,Tibetan Pig,host_qualifier,China: Xinjiang,2024,feces,Sanger,high,source declares ST10 only,broad_query,2026-08-13T12:29:33.338201+00:00,"Blastocystis[Organism] AND (""18S""[All Fields] OR ""SSU""[All Fields] OR ""small subunit""[All Fields] OR ""18S ribosomal""[All Fields] OR ""SSU rRNA""[All Fields] OR ""ribosomal RNA""[All Fields] OR ""rRNA""[All Fields] OR ""rDNA""[All Fields]) NOT (""whole genome""[Title] OR ""complete genome""[Title] OR ""WGS""[Title] OR ""shotgun""[Title] OR ""mitochondrial""[Title] OR ""mitochondrion""[Title])"
PV788963.1,ST1,1647,dbfe2f3c8f0a96034b192d1b121d1d20,Tibetan Pig,host_qualifier,China: Xinjiang,2024,feces,Sanger,high,source declares ST1 only,broad_query,2026-08-13T12:29:33.338201+00:00,"Blastocystis[Organism] AND (""18S""[All Fields] OR ""SSU""[All Fields] OR ""small subunit""[All Fields] OR ""18S ribosomal""[All Fields] OR ""SSU rRNA""[All Fields] OR ""ribosomal RNA""[All Fields] OR ""rRNA""[All Fields] OR ""rDNA""[All Fields]) NOT (""whole genome""[Title] OR ""complete genome""[Title] OR ""WGS""[Title] OR ""shotgun""[Title] OR ""mitochondrial""[Title] OR ""mitochondrion""[Title])"
PV788962.1,ST5,1733,5e0f3660fbb1086df4e98e63aa27b583,Tibetan Pig,host_qualifier,China: Xinjiang,2024,feces,Sanger,high,source declares ST5 only,broad_query,2026-08-13T12:29:33.338201+00:00,"Blastocystis[Organism] AND (""18S""[All Fields] OR ""SSU""[All Fields] OR ""small subunit""[All Fields] OR ""18S ribosomal""[All Fields] OR ""SSU rRNA""[All Fields] OR ""ribosomal RNA""[All Fields] OR ""rRNA""[All Fields] OR ""rDNA""[All Fields]) NOT (""whole genome""[Title] OR ""complete genome""[Title] OR ""WGS""[Title] OR ""shotgun""[Title] OR ""mitochondrial""[Title] OR ""mitochondrion""[Title])"
PV335996.1,ST8,1116,359be406d5b21fad4f7f6e06a05a6d9a,Homo sapiens,host_qualifier,Singapore,15-Mar-2024,"KK Women's and Children's Hospital, Department of Laboratory Medicine",Sanger,high,source declares ST8 only,broad_query,2026-08-13T12:29:33.338201+00:00,"Blastocystis[Organism] AND (""18S""[All Fields] OR ""SSU""[All Fields] OR ""small subunit""[All Fields] OR ""18S ribosomal""[All Fields] OR ""SSU rRNA""[All Fields] OR ""ribosomal RNA""[All Fields] OR ""rRNA""[All Fields] OR ""rDNA""[All Fields]) NOT (""whole genome""[Title] OR ""complete genome""[Title] OR ""WGS""[Title] OR ""shotgun""[Title] OR ""mitochondrial""[Title] OR ""mitochondrion""[Title])"
PV335995.1,ST2,1111,1a9895c6aefd1dc046588292d0e4f06f,Homo sapiens,host_qualifier,Singapore,13-Jun-2023,"KK Women's and Children's Hospital, Department of Laboratory Medicine",Sanger,high,source declares ST2 only,broad_query,2026-08-13T12:29:33.338201+00:00,"Blastocystis[Organism] AND (""18S""[All Fields] OR ""SSU""[All Fields] OR ""small subunit""[All Fields] OR ""18S ribosomal""[All Fields] OR ""SSU rRNA""[All Fields] OR ""ribosomal RNA""[All Fields] OR ""rRNA""[All Fields] OR ""rDNA""[All Fields]) NOT (""whole genome""[Title] OR ""complete genome""[Title] OR ""WGS""[Title] OR ""shotgun""[Title] OR ""mitochondrial""[Title] OR ""mitochondrion""[Title])"
PV335994.1,ST2,1111,1759d6cfcdc35b4543ef9490be1d126b,Homo sapiens,host_qualifier,Singapore,04-Sep-2018,"National Public Health Laboratory, Ministry of Health",Sanger,high,source declares ST2 only,broad_query,2026-08-13T12:29:33.338201+00:00,"Blastocystis[Organism] AND (""18S""[All Fields] OR ""SSU""[All Fields] OR ""small subunit""[All Fields] OR ""18S ribosomal""[All Fields] OR ""SSU rRNA""[All Fields] OR ""ribosomal RNA""[All Fields] OR ""rRNA""[All Fields] OR ""rDNA""[All Fields]) NOT (""whole genome""[Title] OR ""complete genome""[Title] OR ""WGS""[Title] OR ""shotgun""[Title] OR ""mitochondrial""[Title] OR ""mitochondrion""[Title])"
PV335993.1,ST1,1112,7b68d8415da611ccd2000fbab3b3f299,Homo sapiens,host_qualifier,Singapore,27-Aug-2020,"National University Hospital, Department of Laboratory Medicine",Sanger,high,source declares ST1 only,broad_query,2026-08-13T12:29:33.338201+00:00,"Blastocystis[Organism] AND (""18S""[All Fields] OR ""SSU""[All Fields] OR ""small subunit""[All Fields] OR ""18S ribosomal""[All Fields] OR ""SSU rRNA""[All Fields] OR ""ribosomal RNA""[All Fields] OR ""rRNA""[All Fields] OR ""rDNA""[All Fields]) NOT (""whole genome""[Title] OR ""complete genome""[Title] OR ""WGS""[Title] OR ""shotgun""[Title] OR ""mitochondrial""[Title] OR ""mitochondrion""[Title])"
PV335992.1,ST1,1112,4903f48ae4783cb727855143b284c9b0,Homo sapiens,host_qualifier,Singapore,01-Apr-2020,"Tan Tock Seng Hospital, Department of Laboratory Medicine",Sanger,high,source declares ST1 only,broad_query,2026-08-13T12:29:33.338201+00:00,"Blastocystis[Organism] AND (""18S""[All Fields] OR ""SSU""[All Fields] OR ""small subunit""[All Fields] OR ""18S ribosomal""[All Fields] OR ""SSU rRNA""[All Fields] OR ""ribosomal RNA""[All Fields] OR ""rRNA""[All Fields] OR ""rDNA""[All Fields]) NOT (""whole genome""[Title] OR ""complete genome""[Title] OR ""WGS""[Title] OR ""shotgun""[Title] OR ""mitochondrial""[Title] OR ""mitochondrion""[Title])"
PV335991.1,ST3,1113,048dea2456690ffef90ab5563fb46b45,Homo sapiens,host_qualifier,Singapore,22-Feb-2018,"National Public Health Laboratory, Ministry of Health",Sanger,high,source declares ST3 only,broad_query,2026-08-13T12:29:33.338201+00:00,"Blastocystis[Organism] AND (""18S""[All Fields] OR ""SSU""[All Fields] OR ""small subunit""[All Fields] OR ""18S ribosomal""[All Fields] OR ""SSU rRNA""[All Fields] OR ""ribosomal RNA""[All Fields] OR ""rRNA""[All Fields] OR ""rDNA""[All Fields]) NOT (""whole genome""[Title] OR ""complete genome""[Title] OR ""WGS""[Title] OR ""shotgun""[Title] OR ""mitochondrial""[Title] OR ""mitochondrion""[Title])"
OR117661.1,ST43,1768,566fc14e5ea28658062874e39fa3b95a,Ovis aries,host_qualifier,Portugal,Unknown,feces,ONT,high,source declares ST43 only,broad_query,2026-08-13T12:29:33.338201+00:00,"Blastocystis[Organism] AND (""18S""[All Fields] OR ""SSU""[All Fields] OR ""small subunit""[All Fields] OR ""18S ribosomal""[All Fields] OR ""SSU rRNA""[All Fields] OR ""ribosomal RNA""[All Fields] OR ""rRNA""[All Fields] OR ""rDNA""[All Fields]) NOT (""whole genome""[Title] OR ""complete genome""[Title] OR ""WGS""[Title] OR ""shotgun""[Title] OR ""mitochondrial""[Title] OR ""mitochondrion""[Title])"
OM865776.1,ST40,1775,84ec60ccd98077603f63507733ae5387,Ovibos moschatus,host_qualifier,Greenland,Unknown,Unknown,ONT,high,source declares ST40 only,broad_query,2026-08-13T12:29:33.338201+00:00,"Blastocystis[Organism] AND (""18S""[All Fields] OR ""SSU""[All Fields] OR ""small subunit""[All Fields] OR ""18S ribosomal""[All Fields] OR ""SSU rRNA""[All Fields] OR ""ribosomal RNA""[All Fields] OR ""rRNA""[All Fields] OR ""rDNA""[All Fields]) NOT (""whole genome""[Title] OR ""complete genome""[Title] OR ""WGS""[Title] OR ""shotgun""[Title] OR ""mitochondrial""[Title] OR ""mitochondrion""[Title])"
PP847212.1,ST48,1765,822bea9ba0c25ce8a4c5842fcc8b8848,Pan troglodytes,host_qualifier,Czech Republic,Unknown,feces,ONT,high,source declares ST48 only,broad_query,2026-08-13T12:29:33.338201+00:00,"Blastocystis[Organism] AND (""18S""[All Fields] OR ""SSU""[All Fields] OR ""small subunit""[All Fields] OR ""18S ribosomal""[All Fields] OR ""SSU rRNA""[All Fields] OR ""ribosomal RNA""[All Fields] OR ""rRNA""[All Fields] OR ""rDNA""[All Fields]) NOT (""whole genome""[Title] OR ""complete genome""[Title] OR ""WGS""[Title] OR ""shotgun""[Title] OR ""mitochondrial""[Title] OR ""mitochondrion""[Title])"
PP847211.1,ST47,1767,cd4c7839aeb3f467c130d732c8b3d661,Pan troglodytes,host_qualifier,Czech Republic,Unknown,feces,ONT,high,source declares ST47 only,broad_query,2026-08-13T12:29:33.338201+00:00,"Blastocystis[Organism] AND (""18S""[All Fields] OR ""SSU""[All Fields] OR ""small subunit""[All Fields] OR ""18S ribosomal""[All Fields] OR ""SSU rRNA""[All Fields] OR ""ribosomal RNA""[All Fields] OR ""rRNA""[All Fields] OR ""rDNA""[All Fields]) NOT (""whole genome""[Title] OR ""complete genome""[Title] OR ""WGS""[Title] OR ""shotgun""[Title] OR ""mitochondrial""[Title] OR ""mitochondrion""[Title])"
PP393495.1,ST3,1674,bd1a6b5b2117de9dc9bc4ff77f336370,Homo sapiens,host_qualifier,Peru,Unknown,human feces,Sanger,high,source declares ST3 only,broad_query,2026-08-13T12:29:33.338201+00:00,"Blastocystis[Organism] AND (""18S""[All Fields] OR ""SSU""[All Fields] OR ""small subunit""[All Fields] OR ""18S ribosomal""[All Fields] OR ""SSU rRNA""[All Fields] OR ""ribosomal RNA""[All Fields] OR ""rRNA""[All Fields] OR ""rDNA""[All Fields]) NOT (""whole genome""[Title] OR ""complete genome""[Title] OR ""WGS""[Title] OR ""shotgun""[Title] OR ""mitochondrial""[Title] OR ""mitochondrion""[Title])"
PP393494.1,ST3,1680,3e037bbd5660488e2644de88ec955949,Homo sapiens,host_qualifier,Peru,Unknown,human feces,Sanger,high,source declares ST3 only,broad_query,2026-08-13T12:29:33.338201+00:00,"Blastocystis[Organism] AND (""18S""[All Fields] OR ""SSU""[All Fields] OR ""small subunit""[All Fields] OR ""18S ribosomal""[All Fields] OR ""SSU rRNA""[All Fields] OR ""ribosomal RNA""[All Fields] OR ""rRNA""[All Fields] OR ""rDNA""[All Fields]) NOT (""whole genome""[Title] OR ""complete genome""[Title] OR ""WGS""[Title] OR ""shotgun""[Title] OR ""mitochondrial""[Title] OR ""mitochondrion""[Title])"
PP393493.1,ST3,1658,e5f50d07efb2cdd378b1d77ad7870663,Homo sapiens,host_qualifier,Peru,Unknown,human feces,Sanger,high,source declares ST3 only,broad_query,2026-08-13T12:29:33.338201+00:00,"Blastocystis[Organism] AND (""18S""[All Fields] OR ""SSU""[All Fields] OR ""small subunit""[All Fields] OR ""18S ribosomal""[All Fields] OR ""SSU rRNA""[All Fields] OR ""ribosomal RNA""[All Fields] OR ""rRNA""[All Fields] OR ""rDNA""[All Fields]) NOT (""whole genome""[Title] OR ""complete genome""[Title] OR ""WGS""[Title] OR ""shotgun""[Title] OR ""mitochondrial""[Title] OR ""mitochondrion""[Title])"
PP393492.1,ST3,1680,1d3c243ee50ad252d3a4284a97be7b60,Homo sapiens,host_qualifier,Peru,Unknown,human feces,Sanger,high,source declares ST3 only,broad_query,2026-08-13T12:29:33.338201+00:00,"Blastocystis[Organism] AND (""18S""[All Fields] OR ""SSU""[All Fields] OR ""small subunit""[All Fields] OR ""18S ribosomal""[All Fields] OR ""SSU rRNA""[All Fields] OR ""ribosomal RNA""[All Fields] OR ""rRNA""[All Fields] OR ""rDNA""[All Fields]) NOT (""whole genome""[Title] OR ""complete genome""[Title] OR ""WGS""[Title] OR ""shotgun""[Title] OR ""mitochondrial""[Title] OR ""mitochondrion""[Title])"
PP393491.1,ST3,1658,67d9bed97443abb516f35e5a9d27f6f5,Homo sapiens,host_qualifier,Peru,Unknown,human feces,Sanger,high,source declares ST3 only,broad_query,2026-08-13T12:29:33.338201+00:00,"Blastocystis[Organism] AND (""18S""[All Fields] OR ""SSU""[All Fields] OR ""small subunit""[All Fields] OR ""18S ribosomal""[All Fields] OR ""SSU rRNA""[All Fields] OR ""ribosomal RNA""[All Fields] OR ""rRNA""[All Fields] OR ""rDNA""[All Fields]) NOT (""whole genome""[Title] OR ""complete genome""[Title] OR ""WGS""[Title] OR ""shotgun""[Title] OR ""mitochondrial""[Title] OR ""mitochondrion""[Title])"
PP393489.1,ST3,1680,eb7e0250c35a16928d340f65ff5930aa,Homo sapiens,host_qualifier,Peru,Unknown,human feces,Sanger,high,source declares ST3 only,broad_query,2026-08-13T12:29:33.338201+00:00,"Blastocystis[Organism] AND (""18S""[All Fields] OR ""SSU""[All Fields] OR ""small subunit""[All Fields] OR ""18S ribosomal""[All Fields] OR ""SSU rRNA""[All Fields] OR ""ribosomal RNA""[All Fields] OR ""rRNA""[All Fields] OR ""rDNA""[All Fields]) NOT (""whole genome""[Title] OR ""complete genome""[Title] OR ""WGS""[Title] OR ""shotgun""[Title] OR ""mitochondrial""[Title] OR ""mitochondrion""[Title])"
PP393488.1,ST3,1658,b632249e58fcf2f3da9cfba558cdd6b6,Homo sapiens,host_qualifier,Peru,Unknown,human feces,Sanger,high,source declares ST3 only,broad_query,2026-08-13T12:29:33.338201+00:00,"Blastocystis[Organism] AND (""18S""[All Fields] OR ""SSU""[All Fields] OR ""small subunit""[All Fields] OR ""18S ribosomal""[All Fields] OR ""SSU rRNA""[All Fields] OR ""ribosomal RNA""[All Fields] OR ""rRNA""[All Fields] OR ""rDNA""[All Fields]) NOT (""whole genome""[Title] OR ""complete genome""[Title] OR ""WGS""[Title] OR ""shotgun""[Title] OR ""mitochondrial""[Title] OR ""mitochondrion""[Title])"
PP393487.1,ST3,1652,3503e9fdc2c72b978232266f5ef6bf8f,Homo sapiens,host_qualifier,Peru,Unknown,human feces,Sanger,high,source declares ST3 only,broad_query,2026-08-13T12:29:33.338201+00:00,"Blastocystis[Organism] AND (""18S""[All Fields] OR ""SSU""[All Fields] OR ""small subunit""[All Fields] OR ""18S ribosomal""[All Fields] OR ""SSU rRNA""[All Fields] OR ""ribosomal RNA""[All Fields] OR ""rRNA""[All Fields] OR ""rDNA""[All Fields]) NOT (""whole genome""[Title] OR ""complete genome""[Title] OR ""WGS""[Title] OR ""shotgun""[Title] OR ""mitochondrial""[Title] OR ""mitochondrion""[Title])"
PP393486.1,ST3,1652,69ecfe19ec4ea75d77ee3370a91e8569,Homo sapiens,host_qualifier,Peru,Unknown,human feces,Sanger,high,source declares ST3 only,broad_query,2026-08-13T12:29:33.338201+00:00,"Blastocystis[Organism] AND (""18S""[All Fields] OR ""SSU""[All Fields] OR ""small subunit""[All Fields] OR ""18S ribosomal""[All Fields] OR ""SSU rRNA""[All Fields] OR ""ribosomal RNA""[All Fields] OR ""rRNA""[All Fields] OR ""rDNA""[All Fields]) NOT (""whole genome""[Title] OR ""complete genome""[Title] OR ""WGS""[Title] OR ""shotgun""[Title] OR ""mitochondrial""[Title] OR ""mitochondrion""[Title])"
PP393482.1,ST3,1658,b11d8a4cff8ad37bc59a16364931c99e,Homo sapiens,host_qualifier,Peru,Unknown,human feces,Sanger,high,source declares ST3 only,broad_query,2026-08-13T12:29:33.338201+00:00,"Blastocystis[Organism] AND (""18S""[All Fields] OR ""SSU""[All Fields] OR ""small subunit""[All Fields] OR ""18S ribosomal""[All Fields] OR ""SSU rRNA""[All Fields] OR ""ribosomal RNA""[All Fields] OR ""rRNA""[All Fields] OR ""rDNA""[All Fields]) NOT (""whole genome""[Title] OR ""complete genome""[Title] OR ""WGS""[Title] OR ""shotgun""[Title] OR ""mitochondrial""[Title] OR ""mitochondrion""[Title])"
PP393480.1,ST3,1658,0104aeddcb53ee60e1d2cae96a04af69,Homo sapiens,host_qualifier,Peru,Unknown,human feces,Sanger,high,source declares ST3 only,broad_query,2026-08-13T12:29:33.338201+00:00,"Blastocystis[Organism] AND (""18S""[All Fields] OR ""SSU""[All Fields] OR ""small subunit""[All Fields] OR ""18S ribosomal""[All Fields] OR ""SSU rRNA""[All Fields] OR ""ribosomal RNA""[All Fields] OR ""rRNA""[All Fields] OR ""rDNA""[All Fields]) NOT (""whole genome""[Title] OR ""complete genome""[Title] OR ""WGS""[Title] OR ""shotgun""[Title] OR ""mitochondrial""[Title] OR ""mitochondrion""[Title])"
PP393479.1,ST3,1658,0748ee6031e0b471ae2fa94b780474a0,Homo sapiens,host_qualifier,Peru,Unknown,human feces,Sanger,high,source declares ST3 only,broad_query,2026-08-13T12:29:33.338201+00:00,"Blastocystis[Organism] AND (""18S""[All Fields] OR ""SSU""[All Fields] OR ""small subunit""[All Fields] OR ""18S ribosomal""[All Fields] OR ""SSU rRNA""[All Fields] OR ""ribosomal RNA""[All Fields] OR ""rRNA""[All Fields] OR ""rDNA""[All Fields]) NOT (""whole genome""[Title] OR ""complete genome""[Title] OR ""WGS""[Title] OR ""shotgun""[Title] OR ""mitochondrial""[Title] OR ""mitochondrion""[Title])"
PP393453.1,ST2,1626,b57c40b909a3289181e9abb606cbeb1a,Homo sapiens,host_qualifier,Peru,Unknown,human feces,Sanger,high,source declares ST2 only,broad_query,2026-08-13T12:29:33.338201+00:00,"Blastocystis[Organism] AND (""18S""[All Fields] OR ""SSU""[All Fields] OR ""small subunit""[All Fields] OR ""18S ribosomal""[All Fields] OR ""SSU rRNA""[All Fields] OR ""ribosomal RNA""[All Fields] OR ""rRNA""[All Fields] OR ""rDNA""[All Fields]) NOT (""whole genome""[Title] OR ""complete genome""[Title] OR ""WGS""[Title] OR ""shotgun""[Title] OR ""mitochondrial""[Title] OR ""mitochondrion""[Title])"
PP393452.1,ST2,1626,184e58eabc46067da5d68c2d73349fb6,Homo sapiens,host_qualifier,Peru,Unknown,human feces,Sanger,high,source declares ST2 only,broad_query,2026-08-13T12:29:33.338201+00:00,"Blastocystis[Organism] AND (""18S""[All Fields] OR ""SSU""[All Fields] OR ""small subunit""[All Fields] OR ""18S ribosomal""[All Fields] OR ""SSU rRNA""[All Fields] OR ""ribosomal RNA""[All Fields] OR ""rRNA""[All Fields] OR ""rDNA""[All Fields]) NOT (""whole genome""[Title] OR ""complete genome""[Title] OR ""WGS""[Title] OR ""shotgun""[Title] OR ""mitochondrial""[Title] OR ""mitochondrion""[Title])"
PP393451.1,ST2,1626,3b7a329b2a17bc59ea6033701e32460d,Homo sapiens,host_qualifier,Peru,Unknown,human feces,Sanger,high,source declares ST2 only,broad_query,2026-08-13T12:29:33.338201+00:00,"Blastocystis[Organism] AND (""18S""[All Fields] OR ""SSU""[All Fields] OR ""small subunit""[All Fields] OR ""18S ribosomal""[All Fields] OR ""SSU rRNA""[All Fields] OR ""ribosomal RNA""[All Fields] OR ""rRNA""[All Fields] OR ""rDNA""[All Fields]) NOT (""whole genome""[Title] OR ""complete genome""[Title] OR ""WGS""[Title] OR ""shotgun""[Title] OR ""mitochondrial""[Title] OR ""mitochondrion""[Title])"
PP393450.1,ST2,1626,ef923fae4df30da506c6b834486d5838,Homo sapiens,host_qualifier,Peru,Unknown,human feces,Sanger,high,source declares ST2 only,broad_query,2026-08-13T12:29:33.338201+00:00,"Blastocystis[Organism] AND (""18S""[All Fields] OR ""SSU""[All Fields] OR ""small subunit""[All Fields] OR ""18S ribosomal""[All Fields] OR ""SSU rRNA""[All Fields] OR ""ribosomal RNA""[All Fields] OR ""rRNA""[All Fields] OR ""rDNA""[All Fields]) NOT (""whole genome""[Title] OR ""complete genome""[Title] OR ""WGS""[Title] OR ""shotgun""[Title] OR ""mitochondrial""[Title] OR ""mitochondrion""[Title])"
PP393448.1,ST2,1660,3f58235ed98cda6be7e275dc2af08d56,Homo sapiens,host_qualifier,Peru,Unknown,human feces,Sanger,high,source declares ST2 only,broad_query,2026-08-13T12:29:33.338201+00:00,"Blastocystis[Organism] AND (""18S""[All Fields] OR ""SSU""[All Fields] OR ""small subunit""[All Fields] OR ""18S ribosomal""[All Fields] OR ""SSU rRNA""[All Fields] OR ""ribosomal RNA""[All Fields] OR ""rRNA""[All Fields] OR ""rDNA""[All Fields]) NOT (""whole genome""[Title] OR ""complete genome""[Title] OR ""WGS""[Title] OR ""shotgun""[Title] OR ""mitochondrial""[Title] OR ""mitochondrion""[Title])"
PP393445.1,ST2,1641,a8ac9fcb38d7ae28bc5ef1d0aafe11e3,Homo sapiens,host_qualifier,Peru,Unknown,human feces,Sanger,high,source declares ST2 only,broad_query,2026-08-13T12:29:33.338201+00:00,"Blastocystis[Organism] AND (""18S""[All Fields] OR ""SSU""[All Fields] OR ""small subunit""[All Fields] OR ""18S ribosomal""[All Fields] OR ""SSU rRNA""[All Fields] OR ""ribosomal RNA""[All Fields] OR ""rRNA""[All Fields] OR ""rDNA""[All Fields]) NOT (""whole genome""[Title] OR ""complete genome""[Title] OR ""WGS""[Title] OR ""shotgun""[Title] OR ""mitochondrial""[Title] OR ""mitochondrion""[Title])"
PP393443.1,ST2,1641,75a62cc9e1ce197e76a762772ec5ae83,Homo sapiens,host_qualifier,Peru,Unknown,human feces,Sanger,high,source declares ST2 only,broad_query,2026-08-13T12:29:33.338201+00:00,"Blastocystis[Organism] AND (""18S""[All Fields] OR ""SSU""[All Fields] OR ""small subunit""[All Fields] OR ""18S ribosomal""[All Fields] OR ""SSU rRNA""[All Fields] OR ""ribosomal RNA""[All Fields] OR ""rRNA""[All Fields] OR ""rDNA""[All Fields]) NOT (""whole genome""[Title] OR ""complete genome""[Title] OR ""WGS""[Title] OR ""shotgun""[Title] OR ""mitochondrial""[Title] OR ""mitochondrion""[Title])"
PP393442.1,ST2,1641,cf9fec7a860526cc2db8d23f99fc5a50,Homo sapiens,host_qualifier,Peru,Unknown,human feces,Sanger,high,source declares ST2 only,broad_query,2026-08-13T12:29:33.338201+00:00,"Blastocystis[Organism] AND (""18S""[All Fields] OR ""SSU""[All Fields] OR ""small subunit""[All Fields] OR ""18S ribosomal""[All Fields] OR ""SSU rRNA""[All Fields] OR ""ribosomal RNA""[All Fields] OR ""rRNA""[All Fields] OR ""rDNA""[All Fields]) NOT (""whole genome""[Title] OR ""complete genome""[Title] OR ""WGS""[Title] OR ""shotgun""[Title] OR ""mitochondrial""[Title] OR ""mitochondrion""[Title])"
PP393438.1,ST2,1641,48cc53d13ae59f78f8a70779bb431093,Homo sapiens,host_qualifier,Peru,Unknown,human feces,Sanger,high,source declares ST2 only,broad_query,2026-08-13T12:29:33.338201+00:00,"Blastocystis[Organism] AND (""18S""[All Fields] OR ""SSU""[All Fields] OR ""small subunit""[All Fields] OR ""18S ribosomal""[All Fields] OR ""SSU rRNA""[All Fields] OR ""ribosomal RNA""[All Fields] OR ""rRNA""[All Fields] OR ""rDNA""[All Fields]) NOT (""whole genome""[Title] OR ""complete genome""[Title] OR ""WGS""[Title] OR ""shotgun""[Title] OR ""mitochondrial""[Title] OR ""mitochondrion""[Title])"
PP393437.1,ST2,1660,94b85d01e4cffd19295cc036187eb4f2,Homo sapiens,host_qualifier,Peru,Unknown,human feces,Sanger,high,source declares ST2 only,broad_query,2026-08-13T12:29:33.338201+00:00,"Blastocystis[Organism] AND (""18S""[All Fields] OR ""SSU""[All Fields] OR ""small subunit""[All Fields] OR ""18S ribosomal""[All Fields] OR ""SSU rRNA""[All Fields] OR ""ribosomal RNA""[All Fields] OR ""rRNA""[All Fields] OR ""rDNA""[All Fields]) NOT (""whole genome""[Title] OR ""complete genome""[Title] OR ""WGS""[Title] OR ""shotgun""[Title] OR ""mitochondrial""[Title] OR ""mitochondrion""[Title])"
PP393234.1,ST1,1629,3c29cbbc66799d602783f201dc2554b9,Homo sapiens,host_qualifier,Peru,Unknown,human feces,Sanger,high,source declares ST1 only,broad_query,2026-08-13T12:29:33.338201+00:00,"Blastocystis[Organism] AND (""18S""[All Fields] OR ""SSU""[All Fields] OR ""small subunit""[All Fields] OR ""18S ribosomal""[All Fields] OR ""SSU rRNA""[All Fields] OR ""ribosomal RNA""[All Fields] OR ""rRNA""[All Fields] OR ""rDNA""[All Fields]) NOT (""whole genome""[Title] OR ""complete genome""[Title] OR ""WGS""[Title] OR ""shotgun""[Title] OR ""mitochondrial""[Title] OR ""mitochondrion""[Title])"
PP393233.1,ST1,1636,1cae2325e065d0043c43eaa4551df79e,Homo sapiens,host_qualifier,Peru,Unknown,human feces,Sanger,high,source declares ST1 only,broad_query,2026-08-13T12:29:33.338201+00:00,"Blastocystis[Organism] AND (""18S""[All Fields] OR ""SSU""[All Fields] OR ""small subunit""[All Fields] OR ""18S ribosomal""[All Fields] OR ""SSU rRNA""[All Fields] OR ""ribosomal RNA""[All Fields] OR ""rRNA""[All Fields] OR ""rDNA""[All Fields]) NOT (""whole genome""[Title] OR ""complete genome""[Title] OR ""WGS""[Title] OR ""shotgun""[Title] OR ""mitochondrial""[Title] OR ""mitochondrion""[Title])"
PP393232.1,ST1,1690,692f4beb5531601125401a8c414835f0,Homo sapiens,host_qualifier,Peru,Unknown,human feces,Sanger,high,source declares ST1 only,broad_query,2026-08-13T12:29:33.338201+00:00,"Blastocystis[Organism] AND (""18S""[All Fields] OR ""SSU""[All Fields] OR ""small subunit""[All Fields] OR ""18S ribosomal""[All Fields] OR ""SSU rRNA""[All Fields] OR ""ribosomal RNA""[All Fields] OR ""rRNA""[All Fields] OR ""rDNA""[All Fields]) NOT (""whole genome""[Title] OR ""complete genome""[Title] OR ""WGS""[Title] OR ""shotgun""[Title] OR ""mitochondrial""[Title] OR ""mitochondrion""[Title])"
PP393231.1,ST1,1690,38d0b30b062e6370a54dec69ba4ce242,Homo sapiens,host_qualifier,Peru,Unknown,human feces,Sanger,high,source declares ST1 only,broad_query,2026-08-13T12:29:33.338201+00:00,"Blastocystis[Organism] AND (""18S""[All Fields] OR ""SSU""[All Fields] OR ""small subunit""[All Fields] OR ""18S ribosomal""[All Fields] OR ""SSU rRNA""[All Fields] OR ""ribosomal RNA""[All Fields] OR ""rRNA""[All Fields] OR ""rDNA""[All Fields]) NOT (""whole genome""[Title] OR ""complete genome""[Title] OR ""WGS""[Title] OR ""shotgun""[Title] OR ""mitochondrial""[Title] OR ""mitochondrion""[Title])"
PP393229.1,ST1,1636,6834f809b1e61e6aeb555ad35b852755,Homo sapiens,host_qualifier,Peru,Unknown,human feces,Sanger,high,source declares ST1 only,broad_query,2026-08-13T12:29:33.338201+00:00,"Blastocystis[Organism] AND (""18S""[All Fields] OR ""SSU""[All Fields] OR ""small subunit""[All Fields] OR ""18S ribosomal""[All Fields] OR ""SSU rRNA""[All Fields] OR ""ribosomal RNA""[All Fields] OR ""rRNA""[All Fields] OR ""rDNA""[All Fields]) NOT (""whole genome""[Title] OR ""complete genome""[Title] OR ""WGS""[Title] OR ""shotgun""[Title] OR ""mitochondrial""[Title] OR ""mitochondrion""[Title])"
PP393228.1,ST1,1629,ce373eeb1b3fbc6e898bf518dbff90c6,Homo sapiens,host_qualifier,Peru,Unknown,human feces,Sanger,high,source declares ST1 only,broad_query,2026-08-13T12:29:33.338201+00:00,"Blastocystis[Organism] AND (""18S""[All Fields] OR ""SSU""[All Fields] OR ""small subunit""[All Fields] OR ""18S ribosomal""[All Fields] OR ""SSU rRNA""[All Fields] OR ""ribosomal RNA""[All Fields] OR ""rRNA""[All Fields] OR ""rDNA""[All Fields]) NOT (""whole genome""[Title] OR ""complete genome""[Title] OR ""WGS""[Title] OR ""shotgun""[Title] OR ""mitochondrial""[Title] OR ""mitochondrion""[Title])"
PP393227.1,ST1,1636,c13bc2c1a6d7c566d34337fa6469c8bb,Homo sapiens,host_qualifier,Peru,Unknown,human feces,Sanger,high,source declares ST1 only,broad_query,2026-08-13T12:29:33.338201+00:00,"Blastocystis[Organism] AND (""18S""[All Fields] OR ""SSU""[All Fields] OR ""small subunit""[All Fields] OR ""18S ribosomal""[All Fields] OR ""SSU rRNA""[All Fields] OR ""ribosomal RNA""[All Fields] OR ""rRNA""[All Fields] OR ""rDNA""[All Fields]) NOT (""whole genome""[Title] OR ""complete genome""[Title] OR ""WGS""[Title] OR ""shotgun""[Title] OR ""mitochondrial""[Title] OR ""mitochondrion""[Title])"
PP393226.1,ST1,1690,80f2f2f662a16739da0c66fcf6df889f,Homo sapiens,host_qualifier,Peru,Unknown,human feces,Sanger,high,source declares ST1 only,broad_query,2026-08-13T12:29:33.338201+00:00,"Blastocystis[Organism] AND (""18S""[All Fields] OR ""SSU""[All Fields] OR ""small subunit""[All Fields] OR ""18S ribosomal""[All Fields] OR ""SSU rRNA""[All Fields] OR ""ribosomal RNA""[All Fields] OR ""rRNA""[All Fields] OR ""rDNA""[All Fields]) NOT (""whole genome""[Title] OR ""complete genome""[Title] OR ""WGS""[Title] OR ""shotgun""[Title] OR ""mitochondrial""[Title] OR ""mitochondrion""[Title])"
PP393225.1,ST1,1634,b6792e1afe3c880b396117ea0ca277d9,Homo sapiens,host_qualifier,Peru,Unknown,human feces,Sanger,high,source declares ST1 only,broad_query,2026-08-13T12:29:33.338201+00:00,"Blastocystis[Organism] AND (""18S""[All Fields] OR ""SSU""[All Fields] OR ""small subunit""[All Fields] OR ""18S ribosomal""[All Fields] OR ""SSU rRNA""[All Fields] OR ""ribosomal RNA""[All Fields] OR ""rRNA""[All Fields] OR ""rDNA""[All Fields]) NOT (""whole genome""[Title] OR ""complete genome""[Title] OR ""WGS""[Title] OR ""shotgun""[Title] OR ""mitochondrial""[Title] OR ""mitochondrion""[Title])"
PP393224.1,ST1,1634,83966b9d134ea243426ab6b085be4806,Homo sapiens,host_qualifier,Peru,Unknown,human feces,Sanger,high,source declares ST1 only,broad_query,2026-08-13T12:29:33.338201+00:00,"Blastocystis[Organism] AND (""18S""[All Fields] OR ""SSU""[All Fields] OR ""small subunit""[All Fields] OR ""18S ribosomal""[All Fields] OR ""SSU rRNA""[All Fields] OR ""ribosomal RNA""[All Fields] OR ""rRNA""[All Fields] OR ""rDNA""[All Fields]) NOT (""whole genome""[Title] OR ""complete genome""[Title] OR ""WGS""[Title] OR ""shotgun""[Title] OR ""mitochondrial""[Title] OR ""mitochondrion""[Title])"
PP393219.1,ST1,1633,c09976eeed041ed24301cc2c67fd59df,Homo sapiens,host_qualifier,Peru,Unknown,human feces,Sanger,high,source declares ST1 only,broad_query,2026-08-13T12:29:33.338201+00:00,"Blastocystis[Organism] AND (""18S""[All Fields] OR ""SSU""[All Fields] OR ""small subunit""[All Fields] OR ""18S ribosomal""[All Fields] OR ""SSU rRNA""[All Fields] OR ""ribosomal RNA""[All Fields] OR ""rRNA""[All Fields] OR ""rDNA""[All Fields]) NOT (""whole genome""[Title] OR ""complete genome""[Title] OR ""WGS""[Title] OR ""shotgun""[Title] OR ""mitochondrial""[Title] OR ""mitochondrion""[Title])"
PP393218.1,ST1,1635,dd93ce2b8a8976ef68c0fef24a463068,Homo sapiens,host_qualifier,Peru,Unknown,human feces,Sanger,high,source declares ST1 only,broad_query,2026-08-13T12:29:33.338201+00:00,"Blastocystis[Organism] AND (""18S""[All Fields] OR ""SSU""[All Fields] OR ""small subunit""[All Fields] OR ""18S ribosomal""[All Fields] OR ""SSU rRNA""[All Fields] OR ""ribosomal RNA""[All Fields] OR ""rRNA""[All Fields] OR ""rDNA""[All Fields]) NOT (""whole genome""[Title] OR ""complete genome""[Title] OR ""WGS""[Title] OR ""shotgun""[Title] OR ""mitochondrial""[Title] OR ""mitochondrion""[Title])"
PP393217.1,ST1,1635,4a6ebdbb7e32e69222c633db4c86683d,Homo sapiens,host_qualifier,Peru,Unknown,human feces,Sanger,high,source declares ST1 only,broad_query,2026-08-13T12:29:33.338201+00:00,"Blastocystis[Organism] AND (""18S""[All Fields] OR ""SSU""[All Fields] OR ""small subunit""[All Fields] OR ""18S ribosomal""[All Fields] OR ""SSU rRNA""[All Fields] OR ""ribosomal RNA""[All Fields] OR ""rRNA""[All Fields] OR ""rDNA""[All Fields]) NOT (""whole genome""[Title] OR ""complete genome""[Title] OR ""WGS""[Title] OR ""shotgun""[Title] OR ""mitochondrial""[Title] OR ""mitochondrion""[Title])"
PP393216.1,ST1,1635,65990ef001e63db35a4bca53aa215780,Homo sapiens,host_qualifier,Peru,Unknown,human feces,Sanger,high,source declares ST1 only,broad_query,2026-08-13T12:29:33.338201+00:00,"Blastocystis[Organism] AND (""18S""[All Fields] OR ""SSU""[All Fields] OR ""small subunit""[All Fields] OR ""18S ribosomal""[All Fields] OR ""SSU rRNA""[All Fields] OR ""ribosomal RNA""[All Fields] OR ""rRNA""[All Fields] OR ""rDNA""[All Fields]) NOT (""whole genome""[Title] OR ""complete genome""[Title] OR ""WGS""[Title] OR ""shotgun""[Title] OR ""mitochondrial""[Title] OR ""mitochondrion""[Title])"
PP393214.1,ST1,1633,337dda5c5c997b44bdf6ff0654c6ebf1,Homo sapiens,host_qualifier,Peru,Unknown,human feces,Sanger,high,source declares ST1 only,broad_query,2026-08-13T12:29:33.338201+00:00,"Blastocystis[Organism] AND (""18S""[All Fields] OR ""SSU""[All Fields] OR ""small subunit""[All Fields] OR ""18S ribosomal""[All Fields] OR ""SSU rRNA""[All Fields] OR ""ribosomal RNA""[All Fields] OR ""rRNA""[All Fields] OR ""rDNA""[All Fields]) NOT (""whole genome""[Title] OR ""complete genome""[Title] OR ""WGS""[Title] OR ""shotgun""[Title] OR ""mitochondrial""[Title] OR ""mitochondrion""[Title])"
PP393212.1,ST1,1633,01c884d37b06e69c7509724af26ebe1f,Homo sapiens,host_qualifier,Peru,Unknown,human feces,Sanger,high,source declares ST1 only,broad_query,2026-08-13T12:29:33.338201+00:00,"Blastocystis[Organism] AND (""18S""[All Fields] OR ""SSU""[All Fields] OR ""small subunit""[All Fields] OR ""18S ribosomal""[All Fields] OR ""SSU rRNA""[All Fields] OR ""ribosomal RNA""[All Fields] OR ""rRNA""[All Fields] OR ""rDNA""[All Fields]) NOT (""whole genome""[Title] OR ""complete genome""[Title] OR ""WGS""[Title] OR ""shotgun""[Title] OR ""mitochondrial""[Title] OR ""mitochondrion""[Title])"
PP393211.1,ST1,1628,185900a8f9a80a31fb83cf5de111ab74,Homo sapiens,host_qualifier,Peru,Unknown,human feces,Sanger,high,source declares ST1 only,broad_query,2026-08-13T12:29:33.338201+00:00,"Blastocystis[Organism] AND (""18S""[All Fields] OR ""SSU""[All Fields] OR ""small subunit""[All Fields] OR ""18S ribosomal""[All Fields] OR ""SSU rRNA""[All Fields] OR ""ribosomal RNA""[All Fields] OR ""rRNA""[All Fields] OR ""rDNA""[All Fields]) NOT (""whole genome""[Title] OR ""complete genome""[Title] OR ""WGS""[Title] OR ""shotgun""[Title] OR ""mitochondrial""[Title] OR ""mitochondrion""[Title])"
PP393210.1,ST1,1633,087f15cb67dea7e2cfe5ae2699b7c86c,Homo sapiens,host_qualifier,Peru,Unknown,human feces,Sanger,high,source declares ST1 only,broad_query,2026-08-13T12:29:33.338201+00:00,"Blastocystis[Organism] AND (""18S""[All Fields] OR ""SSU""[All Fields] OR ""small subunit""[All Fields] OR ""18S ribosomal""[All Fields] OR ""SSU rRNA""[All Fields] OR ""ribosomal RNA""[All Fields] OR ""rRNA""[All Fields] OR ""rDNA""[All Fields]) NOT (""whole genome""[Title] OR ""complete genome""[Title] OR ""WGS""[Title] OR ""shotgun""[Title] OR ""mitochondrial""[Title] OR ""mitochondrion""[Title])"
PP393209.1,ST1,1628,ccfcde0e0ed1d4dd1dc81a614bb62ea7,Homo sapiens,host_qualifier,Peru,Unknown,human feces,Sanger,high,source declares ST1 only,broad_query,2026-08-13T12:29:33.338201+00:00,"Blastocystis[Organism] AND (""18S""[All Fields] OR ""SSU""[All Fields] OR ""small subunit""[All Fields] OR ""18S ribosomal""[All Fields] OR ""SSU rRNA""[All Fields] OR ""ribosomal RNA""[All Fields] OR ""rRNA""[All Fields] OR ""rDNA""[All Fields]) NOT (""whole genome""[Title] OR ""complete genome""[Title] OR ""WGS""[Title] OR ""shotgun""[Title] OR ""mitochondrial""[Title] OR ""mitochondrion""[Title])"
PP393208.1,ST1,1655,e82a08b54a1e6eaa75516f11a349d71d,Homo sapiens,host_qualifier,Peru,Unknown,human feces,Sanger,high,source declares ST1 only,broad_query,2026-08-13T12:29:33.338201+00:00,"Blastocystis[Organism] AND (""18S""[All Fields] OR ""SSU""[All Fields] OR ""small subunit""[All Fields] OR ""18S ribosomal""[All Fields] OR ""SSU rRNA""[All Fields] OR ""ribosomal RNA""[All Fields] OR ""rRNA""[All Fields] OR ""rDNA""[All Fields]) NOT (""whole genome""[Title] OR ""complete genome""[Title] OR ""WGS""[Title] OR ""shotgun""[Title] OR ""mitochondrial""[Title] OR ""mitochondrion""[Title])"
PP393207.1,ST1,1643,71719d75ad8391a328e2f4d4e8cd91bb,Homo sapiens,host_qualifier,Peru,Unknown,human feces,Sanger,high,source declares ST1 only,broad_query,2026-08-13T12:29:33.338201+00:00,"Blastocystis[Organism] AND (""18S""[All Fields] OR ""SSU""[All Fields] OR ""small subunit""[All Fields] OR ""18S ribosomal""[All Fields] OR ""SSU rRNA""[All Fields] OR ""ribosomal RNA""[All Fields] OR ""rRNA""[All Fields] OR ""rDNA""[All Fields]) NOT (""whole genome""[Title] OR ""complete genome""[Title] OR ""WGS""[Title] OR ""shotgun""[Title] OR ""mitochondrial""[Title] OR ""mitochondrion""[Title])"
PP393205.1,ST1,1643,0d8932e5ecfd52d943b93059449cbb70,Homo sapiens,host_qualifier,Peru,Unknown,human feces,Sanger,high,source declares ST1 only,broad_query,2026-08-13T12:29:33.338201+00:00,"Blastocystis[Organism] AND (""18S""[All Fields] OR ""SSU""[All Fields] OR ""small subunit""[All Fields] OR ""18S ribosomal""[All Fields] OR ""SSU rRNA""[All Fields] OR ""ribosomal RNA""[All Fields] OR ""rRNA""[All Fields] OR ""rDNA""[All Fields]) NOT (""whole genome""[Title] OR ""complete genome""[Title] OR ""WGS""[Title] OR ""shotgun""[Title] OR ""mitochondrial""[Title] OR ""mitochondrion""[Title])"
PP393204.1,ST1,1643,47cb80a1559b3da49c0491556496e51d,Homo sapiens,host_qualifier,Peru,Unknown,human feces,Sanger,high,source declares ST1 only,broad_query,2026-08-13T12:29:33.338201+00:00,"Blastocystis[Organism] AND (""18S""[All Fields] OR ""SSU""[All Fields] OR ""small subunit""[All Fields] OR ""18S ribosomal""[All Fields] OR ""SSU rRNA""[All Fields] OR ""ribosomal RNA""[All Fields] OR ""rRNA""[All Fields] OR ""rDNA""[All Fields]) NOT (""whole genome""[Title] OR ""complete genome""[Title] OR ""WGS""[Title] OR ""shotgun""[Title] OR ""mitochondrial""[Title] OR ""mitochondrion""[Title])"
PP393203.1,ST1,1643,574b07fbbcdd8a74467409a0be1eaf20,Homo sapiens,host_qualifier,Peru,Unknown,human feces,Sanger,high,source declares ST1 only,broad_query,2026-08-13T12:29:33.338201+00:00,"Blastocystis[Organism] AND (""18S""[All Fields] OR ""SSU""[All Fields] OR ""small subunit""[All Fields] OR ""18S ribosomal""[All Fields] OR ""SSU rRNA""[All Fields] OR ""ribosomal RNA""[All Fields] OR ""rRNA""[All Fields] OR ""rDNA""[All Fields]) NOT (""whole genome""[Title] OR ""complete genome""[Title] OR ""WGS""[Title] OR ""shotgun""[Title] OR ""mitochondrial""[Title] OR ""mitochondrion""[Title])"
PP393202.1,ST1,1628,6f5e521ff705f4b0917662d935b25516,Homo sapiens,host_qualifier,Peru,Unknown,human feces,Sanger,high,source declares ST1 only,broad_query,2026-08-13T12:29:33.338201+00:00,"Blastocystis[Organism] AND (""18S""[All Fields] OR ""SSU""[All Fields] OR ""small subunit""[All Fields] OR ""18S ribosomal""[All Fields] OR ""SSU rRNA""[All Fields] OR ""ribosomal RNA""[All Fields] OR ""rRNA""[All Fields] OR ""rDNA""[All Fields]) NOT (""whole genome""[Title] OR ""complete genome""[Title] OR ""WGS""[Title] OR ""shotgun""[Title] OR ""mitochondrial""[Title] OR ""mitochondrion""[Title])"
PP393200.1,ST1,1655,7a8cb8694ae5113820cd7cf4375ba4ab,Homo sapiens,host_qualifier,Peru,Unknown,human feces,Sanger,high,source declares ST1 only,broad_query,2026-08-13T12:29:33.338201+00:00,"Blastocystis[Organism] AND (""18S""[All Fields] OR ""SSU""[All Fields] OR ""small subunit""[All Fields] OR ""18S ribosomal""[All Fields] OR ""SSU rRNA""[All Fields] OR ""ribosomal RNA""[All Fields] OR ""rRNA""[All Fields] OR ""rDNA""[All Fields]) NOT (""whole genome""[Title] OR ""complete genome""[Title] OR ""WGS""[Title] OR ""shotgun""[Title] OR ""mitochondrial""[Title] OR ""mitochondrion""[Title])"
PP393196.1,ST1,1629,a1307332aca623c938b26642560cb8a6,Homo sapiens,host_qualifier,Peru,Unknown,human feces,Sanger,high,source declares ST1 only,broad_query,2026-08-13T12:29:33.338201+00:00,"Blastocystis[Organism] AND (""18S""[All Fields] OR ""SSU""[All Fields] OR ""small subunit""[All Fields] OR ""18S ribosomal""[All Fields] OR ""SSU rRNA""[All Fields] OR ""ribosomal RNA""[All Fields] OR ""rRNA""[All Fields] OR ""rDNA""[All Fields]) NOT (""whole genome""[Title] OR ""complete genome""[Title] OR ""WGS""[Title] OR ""shotgun""[Title] OR ""mitochondrial""[Title] OR ""mitochondrion""[Title])"
PP393194.1,ST1,1633,8addf777c559e1414a3910cc54d67c05,Homo sapiens,host_qualifier,Peru,Unknown,human feces,Sanger,high,source declares ST1 only,broad_query,2026-08-13T12:29:33.338201+00:00,"Blastocystis[Organism] AND (""18S""[All Fields] OR ""SSU""[All Fields] OR ""small subunit""[All Fields] OR ""18S ribosomal""[All Fields] OR ""SSU rRNA""[All Fields] OR ""ribosomal RNA""[All Fields] OR ""rRNA""[All Fields] OR ""rDNA""[All Fields]) NOT (""whole genome""[Title] OR ""complete genome""[Title] OR ""WGS""[Title] OR ""shotgun""[Title] OR ""mitochondrial""[Title] OR ""mitochondrion""[Title])"
PP393191.1,ST1,1636,36703e1486df6520bfe1eb1dc5fce49f,Homo sapiens,host_qualifier,Peru,Unknown,human feces,Sanger,high,source declares ST1 only,broad_query,2026-08-13T12:29:33.338201+00:00,"Blastocystis[Organism] AND (""18S""[All Fields] OR ""SSU""[All Fields] OR ""small subunit""[All Fields] OR ""18S ribosomal""[All Fields] OR ""SSU rRNA""[All Fields] OR ""ribosomal RNA""[All Fields] OR ""rRNA""[All Fields] OR ""rDNA""[All Fields]) NOT (""whole genome""[Title] OR ""complete genome""[Title] OR ""WGS""[Title] OR ""shotgun""[Title] OR ""mitochondrial""[Title] OR ""mitochondrion""[Title])"
PP393190.1,ST1,1636,9e33567070dccb36636d1e3b83811c06,Homo sapiens,host_qualifier,Peru,Unknown,human feces,Sanger,high,source declares ST1 only,broad_query,2026-08-13T12:29:33.338201+00:00,"Blastocystis[Organism] AND (""18S""[All Fields] OR ""SSU""[All Fields] OR ""small subunit""[All Fields] OR ""18S ribosomal""[All Fields] OR ""SSU rRNA""[All Fields] OR ""ribosomal RNA""[All Fields] OR ""rRNA""[All Fields] OR ""rDNA""[All Fields]) NOT (""whole genome""[Title] OR ""complete genome""[Title] OR ""WGS""[Title] OR ""shotgun""[Title] OR ""mitochondrial""[Title] OR ""mitochondrion""[Title])"
PP393189.1,ST1,1655,c8e51d3855a48969c035d02a8d0b16c2,Homo sapiens,host_qualifier,Peru,Unknown,human feces,Sanger,high,source declares ST1 only,broad_query,2026-08-13T12:29:33.338201+00:00,"Blastocystis[Organism] AND (""18S""[All Fields] OR ""SSU""[All Fields] OR ""small subunit""[All Fields] OR ""18S ribosomal""[All Fields] OR ""SSU rRNA""[All Fields] OR ""ribosomal RNA""[All Fields] OR ""rRNA""[All Fields] OR ""rDNA""[All Fields]) NOT (""whole genome""[Title] OR ""complete genome""[Title] OR ""WGS""[Title] OR ""shotgun""[Title] OR ""mitochondrial""[Title] OR ""mitochondrion""[Title])"
PP393188.1,ST1,1655,cee59b89ed0c9ca666b0880334fab4f4,Homo sapiens,host_qualifier,Peru,Unknown,human feces,Sanger,high,source declares ST1 only,broad_query,2026-08-13T12:29:33.338201+00:00,"Blastocystis[Organism] AND (""18S""[All Fields] OR ""SSU""[All Fields] OR ""small subunit""[All Fields] OR ""18S ribosomal""[All Fields] OR ""SSU rRNA""[All Fields] OR ""ribosomal RNA""[All Fields] OR ""rRNA""[All Fields] OR ""rDNA""[All Fields]) NOT (""whole genome""[Title] OR ""complete genome""[Title] OR ""WGS""[Title] OR ""shotgun""[Title] OR ""mitochondrial""[Title] OR ""mitochondrion""[Title])"
PP393187.1,ST1,1681,a4dce94187501ec5fe925096a6b88cfe,Homo sapiens,host_qualifier,Peru,Unknown,human feces,Sanger,high,source declares ST1 only,broad_query,2026-08-13T12:29:33.338201+00:00,"Blastocystis[Organism] AND (""18S""[All Fields] OR ""SSU""[All Fields] OR ""small subunit""[All Fields] OR ""18S ribosomal""[All Fields] OR ""SSU rRNA""[All Fields] OR ""ribosomal RNA""[All Fields] OR ""rRNA""[All Fields] OR ""rDNA""[All Fields]) NOT (""whole genome""[Title] OR ""complete genome""[Title] OR ""WGS""[Title] OR ""shotgun""[Title] OR ""mitochondrial""[Title] OR ""mitochondrion""[Title])"
OR192520.1,ST13,1722,b2934e460892ecb22cf3d283d4800a12,Eastern grey kangaroo,host_qualifier,Australia,Unknown,feces,Sanger,high,source declares ST13 only,broad_query,2026-08-13T12:29:33.338201+00:00,"Blastocystis[Organism] AND (""18S""[All Fields] OR ""SSU""[All Fields] OR ""small subunit""[All Fields] OR ""18S ribosomal""[All Fields] OR ""SSU rRNA""[All Fields] OR ""ribosomal RNA""[All Fields] OR ""rRNA""[All Fields] OR ""rDNA""[All Fields]) NOT (""whole genome""[Title] OR ""complete genome""[Title] OR ""WGS""[Title] OR ""shotgun""[Title] OR ""mitochondrial""[Title] OR ""mitochondrion""[Title])"
OR192519.1,ST46,1712,c7c9aec849c979537bc3a30a76e3bd11,Eastern grey kangaroo,host_qualifier,Australia,Unknown,feces,Sanger,high,source declares ST46 only,broad_query,2026-08-13T12:29:33.338201+00:00,"Blastocystis[Organism] AND (""18S""[All Fields] OR ""SSU""[All Fields] OR ""small subunit""[All Fields] OR ""18S ribosomal""[All Fields] OR ""SSU rRNA""[All Fields] OR ""ribosomal RNA""[All Fields] OR ""rRNA""[All Fields] OR ""rDNA""[All Fields]) NOT (""whole genome""[Title] OR ""complete genome""[Title] OR ""WGS""[Title] OR ""shotgun""[Title] OR ""mitochondrial""[Title] OR ""mitochondrion""[Title])"
OR192518.1,ST46,1717,196aec6ed0ca713f06700d5c97a03743,Eastern grey kangaroo,host_qualifier,Australia,Unknown,feces,Sanger,high,source declares ST46 only,broad_query,2026-08-13T12:29:33.338201+00:00,"Blastocystis[Organism] AND (""18S""[All Fields] OR ""SSU""[All Fields] OR ""small subunit""[All Fields] OR ""18S ribosomal""[All Fields] OR ""SSU rRNA""[All Fields] OR ""ribosomal RNA""[All Fields] OR ""rRNA""[All Fields] OR ""rDNA""[All Fields]) NOT (""whole genome""[Title] OR ""complete genome""[Title] OR ""WGS""[Title] OR ""shotgun""[Title] OR ""mitochondrial""[Title] OR ""mitochondrion""[Title])"
OR192517.1,ST45,1738,08ab624d1ad84ab20e2bbdb3f048abd2,Eastern grey kangaroo,host_qualifier,Australia,Unknown,feces,Sanger,high,source declares ST45 only,broad_query,2026-08-13T12:29:33.338201+00:00,"Blastocystis[Organism] AND (""18S""[All Fields] OR ""SSU""[All Fields] OR ""small subunit""[All Fields] OR ""18S ribosomal""[All Fields] OR ""SSU rRNA""[All Fields] OR ""ribosomal RNA""[All Fields] OR ""rRNA""[All Fields] OR ""rDNA""[All Fields]) NOT (""whole genome""[Title] OR ""complete genome""[Title] OR ""WGS""[Title] OR ""shotgun""[Title] OR ""mitochondrial""[Title] OR ""mitochondrion""[Title])"
OR192516.1,ST24,1765,43a5a177006437bd175876f7a2294025,Sambar deer,host_qualifier,Australia,Unknown,feces,Sanger,high,source declares ST24 only,broad_query,2026-08-13T12:29:33.338201+00:00,"Blastocystis[Organism] AND (""18S""[All Fields] OR ""SSU""[All Fields] OR ""small subunit""[All Fields] OR ""18S ribosomal""[All Fields] OR ""SSU rRNA""[All Fields] OR ""ribosomal RNA""[All Fields] OR ""rRNA""[All Fields] OR ""rDNA""[All Fields]) NOT (""whole genome""[Title] OR ""complete genome""[Title] OR ""WGS""[Title] OR ""shotgun""[Title] OR ""mitochondrial""[Title] OR ""mitochondrion""[Title])"
OR192515.1,ST13,1752,b74ff7bcc083be86f17258f273e4941e,Eastern grey kangaroo,host_qualifier,Australia,Unknown,feces,Sanger,high,source declares ST13 only,broad_query,2026-08-13T12:29:33.338201+00:00,"Blastocystis[Organism] AND (""18S""[All Fields] OR ""SSU""[All Fields] OR ""small subunit""[All Fields] OR ""18S ribosomal""[All Fields] OR ""SSU rRNA""[All Fields] OR ""ribosomal RNA""[All Fields] OR ""rRNA""[All Fields] OR ""rDNA""[All Fields]) NOT (""whole genome""[Title] OR ""complete genome""[Title] OR ""WGS""[Title] OR ""shotgun""[Title] OR ""mitochondrial""[Title] OR ""mitochondrion""[Title])"
OR117711.1,ST14,1772,dbeda5c7794d288ffd7dac108126cd9a,Ovis aries,host_qualifier,Portugal,Unknown,feces,ONT,high,source declares ST14 only,broad_query,2026-08-13T12:29:33.338201+00:00,"Blastocystis[Organism] AND (""18S""[All Fields] OR ""SSU""[All Fields] OR ""small subunit""[All Fields] OR ""18S ribosomal""[All Fields] OR ""SSU rRNA""[All Fields] OR ""ribosomal RNA""[All Fields] OR ""rRNA""[All Fields] OR ""rDNA""[All Fields]) NOT (""whole genome""[Title] OR ""complete genome""[Title] OR ""WGS""[Title] OR ""shotgun""[Title] OR ""mitochondrial""[Title] OR ""mitochondrion""[Title])"
OR117708.1,ST14,1772,1bf8a19cb73ac237b5a7b9ef48ab01d0,Ovis aries,host_qualifier,Portugal,Unknown,feces,ONT,high,source declares ST14 only,broad_query,2026-08-13T12:29:33.338201+00:00,"Blastocystis[Organism] AND (""18S""[All Fields] OR ""SSU""[All Fields] OR ""small subunit""[All Fields] OR ""18S ribosomal""[All Fields] OR ""SSU rRNA""[All Fields] OR ""ribosomal RNA""[All Fields] OR ""rRNA""[All Fields] OR ""rDNA""[All Fields]) NOT (""whole genome""[Title] OR ""complete genome""[Title] OR ""WGS""[Title] OR ""shotgun""[Title] OR ""mitochondrial""[Title] OR ""mitochondrion""[Title])"
OR117707.1,ST21,1776,77d29c4ad13ee9f3c9d2741c4ee4fb75,Bos taurus,host_qualifier,Portugal,Unknown,feces,ONT,high,source declares ST21 only,broad_query,2026-08-13T12:29:33.338201+00:00,"Blastocystis[Organism] AND (""18S""[All Fields] OR ""SSU""[All Fields] OR ""small subunit""[All Fields] OR ""18S ribosomal""[All Fields] OR ""SSU rRNA""[All Fields] OR ""ribosomal RNA""[All Fields] OR ""rRNA""[All Fields] OR ""rDNA""[All Fields]) NOT (""whole genome""[Title] OR ""complete genome""[Title] OR ""WGS""[Title] OR ""shotgun""[Title] OR ""mitochondrial""[Title] OR ""mitochondrion""[Title])"
OR117706.1,ST26,1775,0040c9d2b751414efe806a24caa6156e,Bos taurus,host_qualifier,USA,Unknown,feces,ONT,high,source declares ST26 only,broad_query,2026-08-13T12:29:33.338201+00:00,"Blastocystis[Organism] AND (""18S""[All Fields] OR ""SSU""[All Fields] OR ""small subunit""[All Fields] OR ""18S ribosomal""[All Fields] OR ""SSU rRNA""[All Fields] OR ""ribosomal RNA""[All Fields] OR ""rRNA""[All Fields] OR ""rDNA""[All Fields]) NOT (""whole genome""[Title] OR ""complete genome""[Title] OR ""WGS""[Title] OR ""shotgun""[Title] OR ""mitochondrial""[Title] OR ""mitochondrion""[Title])"
OR117705.1,ST25,1776,97d1e488ac2b86f2ae2c0e0581e433e9,Bos taurus,host_qualifier,USA,Unknown,feces,ONT,high,source declares ST25 only,broad_query,2026-08-13T12:29:33.338201+00:00,"Blastocystis[Organism] AND (""18S""[All Fields] OR ""SSU""[All Fields] OR ""small subunit""[All Fields] OR ""18S ribosomal""[All Fields] OR ""SSU rRNA""[All Fields] OR ""ribosomal RNA""[All Fields] OR ""rRNA""[All Fields] OR ""rDNA""[All Fields]) NOT (""whole genome""[Title] OR ""complete genome""[Title] OR ""WGS""[Title] OR ""shotgun""[Title] OR ""mitochondrial""[Title] OR ""mitochondrion""[Title])"
OR117704.1,ST30,1773,5f7bc213f230db01a871c3db0803cc76,Ovis aries,host_qualifier,Portugal,Unknown,feces,ONT,high,source declares ST30 only,broad_query,2026-08-13T12:29:33.338201+00:00,"Blastocystis[Organism] AND (""18S""[All Fields] OR ""SSU""[All Fields] OR ""small subunit""[All Fields] OR ""18S ribosomal""[All Fields] OR ""SSU rRNA""[All Fields] OR ""ribosomal RNA""[All Fields] OR ""rRNA""[All Fields] OR ""rDNA""[All Fields]) NOT (""whole genome""[Title] OR ""complete genome""[Title] OR ""WGS""[Title] OR ""shotgun""[Title] OR ""mitochondrial""[Title] OR ""mitochondrion""[Title])"
OR117703.1,ST30,1775,30cd4e176613f591cab2c2e9ec3c7b7c,Ovis aries,host_qualifier,Portugal,Unknown,feces,ONT,high,source declares ST30 only,broad_query,2026-08-13T12:29:33.338201+00:00,"Blastocystis[Organism] AND (""18S""[All Fields] OR ""SSU""[All Fields] OR ""small subunit""[All Fields] OR ""18S ribosomal""[All Fields] OR ""SSU rRNA""[All Fields] OR ""ribosomal RNA""[All Fields] OR ""rRNA""[All Fields] OR ""rDNA""[All Fields]) NOT (""whole genome""[Title] OR ""complete genome""[Title] OR ""WGS""[Title] OR ""shotgun""[Title] OR ""mitochondrial""[Title] OR ""mitochondrion""[Title])"
OR117702.1,ST30,1777,fce4c19169673c54c23e8e164989c59f,Capra hircus,host_qualifier,Portugal,Unknown,feces,ONT,high,source declares ST30 only,broad_query,2026-08-13T12:29:33.338201+00:00,"Blastocystis[Organism] AND (""18S""[All Fields] OR ""SSU""[All Fields] OR ""small subunit""[All Fields] OR ""18S ribosomal""[All Fields] OR ""SSU rRNA""[All Fields] OR ""ribosomal RNA""[All Fields] OR ""rRNA""[All Fields] OR ""rDNA""[All Fields]) NOT (""whole genome""[Title] OR ""complete genome""[Title] OR ""WGS""[Title] OR ""shotgun""[Title] OR ""mitochondrial""[Title] OR ""mitochondrion""[Title])"
OR117701.1,ST26,1775,e6cd326cd944342945c2f4961b501570,Ovis aries,host_qualifier,Portugal,Unknown,feces,ONT,high,source declares ST26 only,broad_query,2026-08-13T12:29:33.338201+00:00,"Blastocystis[Organism] AND (""18S""[All Fields] OR ""SSU""[All Fields] OR ""small subunit""[All Fields] OR ""18S ribosomal""[All Fields] OR ""SSU rRNA""[All Fields] OR ""ribosomal RNA""[All Fields] OR ""rRNA""[All Fields] OR ""rDNA""[All Fields]) NOT (""whole genome""[Title] OR ""complete genome""[Title] OR ""WGS""[Title] OR ""shotgun""[Title] OR ""mitochondrial""[Title] OR ""mitochondrion""[Title])"
OR117698.1,ST26,1775,a86892fd7bd4d628c3a25a698e10a3d3,Bos taurus,host_qualifier,USA,Unknown,feces,ONT,high,source declares ST26 only,broad_query,2026-08-13T12:29:33.338201+00:00,"Blastocystis[Organism] AND (""18S""[All Fields] OR ""SSU""[All Fields] OR ""small subunit""[All Fields] OR ""18S ribosomal""[All Fields] OR ""SSU rRNA""[All Fields] OR ""ribosomal RNA""[All Fields] OR ""rRNA""[All Fields] OR ""rDNA""[All Fields]) NOT (""whole genome""[Title] OR ""complete genome""[Title] OR ""WGS""[Title] OR ""shotgun""[Title] OR ""mitochondrial""[Title] OR ""mitochondrion""[Title])"
OR117696.1,ST26,1774,31e7ed7f2933e7dc420aac1cfd5ba4d4,Bos taurus,host_qualifier,USA,Unknown,feces,ONT,high,source declares ST26 only,broad_query,2026-08-13T12:29:33.338201+00:00,"Blastocystis[Organism] AND (""18S""[All Fields] OR ""SSU""[All Fields] OR ""small subunit""[All Fields] OR ""18S ribosomal""[All Fields] OR ""SSU rRNA""[All Fields] OR ""ribosomal RNA""[All Fields] OR ""rRNA""[All Fields] OR ""rDNA""[All Fields]) NOT (""whole genome""[Title] OR ""complete genome""[Title] OR ""WGS""[Title] OR ""shotgun""[Title] OR ""mitochondrial""[Title] OR ""mitochondrion""[Title])"
OR117695.1,ST26,1776,47af67fe358076b0abb90f9ba3e98503,Bos taurus,host_qualifier,USA,Unknown,feces,ONT,high,source declares ST26 only,broad_query,2026-08-13T12:29:33.338201+00:00,"Blastocystis[Organism] AND (""18S""[All Fields] OR ""SSU""[All Fields] OR ""small subunit""[All Fields] OR ""18S ribosomal""[All Fields] OR ""SSU rRNA""[All Fields] OR ""ribosomal RNA""[All Fields] OR ""rRNA""[All Fields] OR ""rDNA""[All Fields]) NOT (""whole genome""[Title] OR ""complete genome""[Title] OR ""WGS""[Title] OR ""shotgun""[Title] OR ""mitochondrial""[Title] OR ""mitochondrion""[Title])"
OR117692.1,ST25,1772,250696f8cb85ca7d9472cfea310b2f45,Ovis aries,host_qualifier,Portugal,Unknown,feces,ONT,high,source declares ST25 only,broad_query,2026-08-13T12:29:33.338201+00:00,"Blastocystis[Organism] AND (""18S""[All Fields] OR ""SSU""[All Fields] OR ""small subunit""[All Fields] OR ""18S ribosomal""[All Fields] OR ""SSU rRNA""[All Fields] OR ""ribosomal RNA""[All Fields] OR ""rRNA""[All Fields] OR ""rDNA""[All Fields]) NOT (""whole genome""[Title] OR ""complete genome""[Title] OR ""WGS""[Title] OR ""shotgun""[Title] OR ""mitochondrial""[Title] OR ""mitochondrion""[Title])"
OR117691.1,ST21,1778,df4e6f9618acf0505d8ee4b8e9781e39,Ovis aries,host_qualifier,Portugal,Unknown,feces,ONT,high,source declares ST21 only,broad_query,2026-08-13T12:29:33.338201+00:00,"Blastocystis[Organism] AND (""18S""[All Fields] OR ""SSU""[All Fields] OR ""small subunit""[All Fields] OR ""18S ribosomal""[All Fields] OR ""SSU rRNA""[All Fields] OR ""ribosomal RNA""[All Fields] OR ""rRNA""[All Fields] OR ""rDNA""[All Fields]) NOT (""whole genome""[Title] OR ""complete genome""[Title] OR ""WGS""[Title] OR ""shotgun""[Title] OR ""mitochondrial""[Title] OR ""mitochondrion""[Title])"
OR117690.1,ST25,1771,47d1eebafcc516079a5e0df99b4832f2,Red deer,host_qualifier,Spain,Unknown,feces,ONT,high,source declares ST25 only,broad_query,2026-08-13T12:29:33.338201+00:00,"Blastocystis[Organism] AND (""18S""[All Fields] OR ""SSU""[All Fields] OR ""small subunit""[All Fields] OR ""18S ribosomal""[All Fields] OR ""SSU rRNA""[All Fields] OR ""ribosomal RNA""[All Fields] OR ""rRNA""[All Fields] OR ""rDNA""[All Fields]) NOT (""whole genome""[Title] OR ""complete genome""[Title] OR ""WGS""[Title] OR ""shotgun""[Title] OR ""mitochondrial""[Title] OR ""mitochondrion""[Title])"
OR117689.1,ST25,1773,989ecf05c13f959a716f9019995ec56e,Capra hircus,host_qualifier,Portugal,Unknown,feces,ONT,high,source declares ST25 only,broad_query,2026-08-13T12:29:33.338201+00:00,"Blastocystis[Organism] AND (""18S""[All Fields] OR ""SSU""[All Fields] OR ""small subunit""[All Fields] OR ""18S ribosomal""[All Fields] OR ""SSU rRNA""[All Fields] OR ""ribosomal RNA""[All Fields] OR ""rRNA""[All Fields] OR ""rDNA""[All Fields]) NOT (""whole genome""[Title] OR ""complete genome""[Title] OR ""WGS""[Title] OR ""shotgun""[Title] OR ""mitochondrial""[Title] OR ""mitochondrion""[Title])"
OR117688.1,ST25,1773,73e1da8d52254201ed3558d4b62f09e7,Bos taurus,host_qualifier,USA,Unknown,feces,ONT,high,source declares ST25 only,broad_query,2026-08-13T12:29:33.338201+00:00,"Blastocystis[Organism] AND (""18S""[All Fields] OR ""SSU""[All Fields] OR ""small subunit""[All Fields] OR ""18S ribosomal""[All Fields] OR ""SSU rRNA""[All Fields] OR ""ribosomal RNA""[All Fields] OR ""rRNA""[All Fields] OR ""rDNA""[All Fields]) NOT (""whole genome""[Title] OR ""complete genome""[Title] OR ""WGS""[Title] OR ""shotgun""[Title] OR ""mitochondrial""[Title] OR ""mitochondrion""[Title])"
OR117686.1,ST25,1773,02c49898903f3aec16b78f988a1fe11b,Bos taurus,host_qualifier,USA,Unknown,feces,ONT,high,source declares ST25 only,broad_query,2026-08-13T12:29:33.338201+00:00,"Blastocystis[Organism] AND (""18S""[All Fields] OR ""SSU""[All Fields] OR ""small subunit""[All Fields] OR ""18S ribosomal""[All Fields] OR ""SSU rRNA""[All Fields] OR ""ribosomal RNA""[All Fields] OR ""rRNA""[All Fields] OR ""rDNA""[All Fields]) NOT (""whole genome""[Title] OR ""complete genome""[Title] OR ""WGS""[Title] OR ""shotgun""[Title] OR ""mitochondrial""[Title] OR ""mitochondrion""[Title])"
OR117685.1,ST25,1773,17a8a051c3eddffaa9f3fbd62c8cb00b,Bos taurus,host_qualifier,USA,Unknown,feces,ONT,high,source declares ST25 only,broad_query,2026-08-13T12:29:33.338201+00:00,"Blastocystis[Organism] AND (""18S""[All Fields] OR ""SSU""[All Fields] OR ""small subunit""[All Fields] OR ""18S ribosomal""[All Fields] OR ""SSU rRNA""[All Fields] OR ""ribosomal RNA""[All Fields] OR ""rRNA""[All Fields] OR ""rDNA""[All Fields]) NOT (""whole genome""[Title] OR ""complete genome""[Title] OR ""WGS""[Title] OR ""shotgun""[Title] OR ""mitochondrial""[Title] OR ""mitochondrion""[Title])"
OR117674.1,ST21,1775,60e771d6c8be1a86c5b367077bd9e2fd,Ovis aries,host_qualifier,Portugal,Unknown,feces,ONT,high,source declares ST21 only,broad_query,2026-08-13T12:29:33.338201+00:00,"Blastocystis[Organism] AND (""18S""[All Fields] OR ""SSU""[All Fields] OR ""small subunit""[All Fields] OR ""18S ribosomal""[All Fields] OR ""SSU rRNA""[All Fields] OR ""ribosomal RNA""[All Fields] OR ""rRNA""[All Fields] OR ""rDNA""[All Fields]) NOT (""whole genome""[Title] OR ""complete genome""[Title] OR ""WGS""[Title] OR ""shotgun""[Title] OR ""mitochondrial""[Title] OR ""mitochondrion""[Title])"
OR117673.1,ST21,1775,ad54fe0b6e695af72255b7ccea8e5136,Ovis aries,host_qualifier,Portugal,Unknown,feces,ONT,high,source declares ST21 only,broad_query,2026-08-13T12:29:33.338201+00:00,"Blastocystis[Organism] AND (""18S""[All Fields] OR ""SSU""[All Fields] OR ""small subunit""[All Fields] OR ""18S ribosomal""[All Fields] OR ""SSU rRNA""[All Fields] OR ""ribosomal RNA""[All Fields] OR ""rRNA""[All Fields] OR ""rDNA""[All Fields]) NOT (""whole genome""[Title] OR ""complete genome""[Title] OR ""WGS""[Title] OR ""shotgun""[Title] OR ""mitochondrial""[Title] OR ""mitochondrion""[Title])"
OR117672.1,ST21,1775,90fd350f5e5f7afb00f86a13ed9b032c,Capra hircus,host_qualifier,Portugal,Unknown,feces,ONT,high,source declares ST21 only,broad_query,2026-08-13T12:29:33.338201+00:00,"Blastocystis[Organism] AND (""18S""[All Fields] OR ""SSU""[All Fields] OR ""small subunit""[All Fields] OR ""18S ribosomal""[All Fields] OR ""SSU rRNA""[All Fields] OR ""ribosomal RNA""[All Fields] OR ""rRNA""[All Fields] OR ""rDNA""[All Fields]) NOT (""whole genome""[Title] OR ""complete genome""[Title] OR ""WGS""[Title] OR ""shotgun""[Title] OR ""mitochondrial""[Title] OR ""mitochondrion""[Title])"
OR117671.1,ST14,1770,5eb13c4147dd54c436c18ac6ee2f3118,Ovis aries,host_qualifier,Portugal,Unknown,feces,ONT,high,source declares ST14 only,broad_query,2026-08-13T12:29:33.338201+00:00,"Blastocystis[Organism] AND (""18S""[All Fields] OR ""SSU""[All Fields] OR ""small subunit""[All Fields] OR ""18S ribosomal""[All Fields] OR ""SSU rRNA""[All Fields] OR ""ribosomal RNA""[All Fields] OR ""rRNA""[All Fields] OR ""rDNA""[All Fields]) NOT (""whole genome""[Title] OR ""complete genome""[Title] OR ""WGS""[Title] OR ""shotgun""[Title] OR ""mitochondrial""[Title] OR ""mitochondrion""[Title])"
OR117670.1,ST14,1771,0c6c25a70e49b2d9cba432231c0441db,Ovis aries,host_qualifier,Portugal,Unknown,feces,ONT,high,source declares ST14 only,broad_query,2026-08-13T12:29:33.338201+00:00,"Blastocystis[Organism] AND (""18S""[All Fields] OR ""SSU""[All Fields] OR ""small subunit""[All Fields] OR ""18S ribosomal""[All Fields] OR ""SSU rRNA""[All Fields] OR ""ribosomal RNA""[All Fields] OR ""rRNA""[All Fields] OR ""rDNA""[All Fields]) NOT (""whole genome""[Title] OR ""complete genome""[Title] OR ""WGS""[Title] OR ""shotgun""[Title] OR ""mitochondrial""[Title] OR ""mitochondrion""[Title])"
OR117667.1,ST23,1766,9e63d3b9818f06b3015b01d102077114,Capra hircus,host_qualifier,Portugal,Unknown,feces,ONT,high,source declares ST23 only,broad_query,2026-08-13T12:29:33.338201+00:00,"Blastocystis[Organism] AND (""18S""[All Fields] OR ""SSU""[All Fields] OR ""small subunit""[All Fields] OR ""18S ribosomal""[All Fields] OR ""SSU rRNA""[All Fields] OR ""ribosomal RNA""[All Fields] OR ""rRNA""[All Fields] OR ""rDNA""[All Fields]) NOT (""whole genome""[Title] OR ""complete genome""[Title] OR ""WGS""[Title] OR ""shotgun""[Title] OR ""mitochondrial""[Title] OR ""mitochondrion""[Title])"
OR117666.1,ST23,1767,ced0e1a17687b83f69d5b09f0deafbb5,Capra hircus,host_qualifier,Portugal,Unknown,feces,ONT,high,source declares ST23 only,broad_query,2026-08-13T12:29:33.338201+00:00,"Blastocystis[Organism] AND (""18S""[All Fields] OR ""SSU""[All Fields] OR ""small subunit""[All Fields] OR ""18S ribosomal""[All Fields] OR ""SSU rRNA""[All Fields] OR ""ribosomal RNA""[All Fields] OR ""rRNA""[All Fields] OR ""rDNA""[All Fields]) NOT (""whole genome""[Title] OR ""complete genome""[Title] OR ""WGS""[Title] OR ""shotgun""[Title] OR ""mitochondrial""[Title] OR ""mitochondrion""[Title])"
OR117665.1,ST23,1767,d67ffc3ec82a26c66b127266b343ea62,Ovis aries,host_qualifier,Portugal,Unknown,feces,ONT,high,source declares ST23 only,broad_query,2026-08-13T12:29:33.338201+00:00,"Blastocystis[Organism] AND (""18S""[All Fields] OR ""SSU""[All Fields] OR ""small subunit""[All Fields] OR ""18S ribosomal""[All Fields] OR ""SSU rRNA""[All Fields] OR ""ribosomal RNA""[All Fields] OR ""rRNA""[All Fields] OR ""rDNA""[All Fields]) NOT (""whole genome""[Title] OR ""complete genome""[Title] OR ""WGS""[Title] OR ""shotgun""[Title] OR ""mitochondrial""[Title] OR ""mitochondrion""[Title])"
OR117664.1,ST23,1769,e4a608a382653fea43c521f30a51e343,Ovis aries,host_qualifier,Portugal,Unknown,feces,ONT,high,source declares ST23 only,broad_query,2026-08-13T12:29:33.338201+00:00,"Blastocystis[Organism] AND (""18S""[All Fields] OR ""SSU""[All Fields] OR ""small subunit""[All Fields] OR ""18S ribosomal""[All Fields] OR ""SSU rRNA""[All Fields] OR ""ribosomal RNA""[All Fields] OR ""rRNA""[All Fields] OR ""rDNA""[All Fields]) NOT (""whole genome""[Title] OR ""complete genome""[Title] OR ""WGS""[Title] OR ""shotgun""[Title] OR ""mitochondrial""[Title] OR ""mitochondrion""[Title])"
OR117663.1,ST43,1769,9db78050fe751d288ff7399f12aca16a,Ovis aries,host_qualifier,Portugal,Unknown,feces,ONT,high,source declares ST43 only,broad_query,2026-08-13T12:29:33.338201+00:00,"Blastocystis[Organism] AND (""18S""[All Fields] OR ""SSU""[All Fields] OR ""small subunit""[All Fields] OR ""18S ribosomal""[All Fields] OR ""SSU rRNA""[All Fields] OR ""ribosomal RNA""[All Fields] OR ""rRNA""[All Fields] OR ""rDNA""[All Fields]) NOT (""whole genome""[Title] OR ""complete genome""[Title] OR ""WGS""[Title] OR ""shotgun""[Title] OR ""mitochondrial""[Title] OR ""mitochondrion""[Title])"
OR117662.1,ST43,1769,23bcfa50dc554a901020df30a8c20197,Ovis aries,host_qualifier,Portugal,Unknown,feces,ONT,high,source declares ST43 only,broad_query,2026-08-13T12:29:33.338201+00:00,"Blastocystis[Organism] AND (""18S""[All Fields] OR ""SSU""[All Fields] OR ""small subunit""[All Fields] OR ""18S ribosomal""[All Fields] OR ""SSU rRNA""[All Fields] OR ""ribosomal RNA""[All Fields] OR ""rRNA""[All Fields] OR ""rDNA""[All Fields]) NOT (""whole genome""[Title] OR ""complete genome""[Title] OR ""WGS""[Title] OR ""shotgun""[Title] OR ""mitochondrial""[Title] OR ""mitochondrion""[Title])"
OR117660.1,ST43,1768,11812a07de34bec1974a76a4abf6d309,Ovis aries,host_qualifier,Portugal,Unknown,feces,ONT,high,source declares ST43 only,broad_query,2026-08-13T12:29:33.338201+00:00,"Blastocystis[Organism] AND (""18S""[All Fields] OR ""SSU""[All Fields] OR ""small subunit""[All Fields] OR ""18S ribosomal""[All Fields] OR ""SSU rRNA""[All Fields] OR ""ribosomal RNA""[All Fields] OR ""rRNA""[All Fields] OR ""rDNA""[All Fields]) NOT (""whole genome""[Title] OR ""complete genome""[Title] OR ""WGS""[Title] OR ""shotgun""[Title] OR ""mitochondrial""[Title] OR ""mitochondrion""[Title])"
OR117652.1,ST44,1769,6afba840818b9ac265cb3faec3cc065c,Ovis aries,host_qualifier,Portugal,Unknown,feces,ONT,high,source declares ST44 only,broad_query,2026-08-13T12:29:33.338201+00:00,"Blastocystis[Organism] AND (""18S""[All Fields] OR ""SSU""[All Fields] OR ""small subunit""[All Fields] OR ""18S ribosomal""[All Fields] OR ""SSU rRNA""[All Fields] OR ""ribosomal RNA""[All Fields] OR ""rRNA""[All Fields] OR ""rDNA""[All Fields]) NOT (""whole genome""[Title] OR ""complete genome""[Title] OR ""WGS""[Title] OR ""shotgun""[Title] OR ""mitochondrial""[Title] OR ""mitochondrion""[Title])"
OR117651.1,ST44,1768,635ce2f193005090d26f3e6e5d266edd,Ovis aries,host_qualifier,Portugal,Unknown,feces,ONT,high,source declares ST44 only,broad_query,2026-08-13T12:29:33.338201+00:00,"Blastocystis[Organism] AND (""18S""[All Fields] OR ""SSU""[All Fields] OR ""small subunit""[All Fields] OR ""18S ribosomal""[All Fields] OR ""SSU rRNA""[All Fields] OR ""ribosomal RNA""[All Fields] OR ""rRNA""[All Fields] OR ""rDNA""[All Fields]) NOT (""whole genome""[Title] OR ""complete genome""[Title] OR ""WGS""[Title] OR ""shotgun""[Title] OR ""mitochondrial""[Title] OR ""mitochondrion""[Title])"
OR117650.1,ST44,1768,fe0c26263f529902b4a414c4afb57946,Ovis aries,host_qualifier,Portugal,Unknown,feces,ONT,high,source declares ST44 only,broad_query,2026-08-13T12:29:33.338201+00:00,"Blastocystis[Organism] AND (""18S""[All Fields] OR ""SSU""[All Fields] OR ""small subunit""[All Fields] OR ""18S ribosomal""[All Fields] OR ""SSU rRNA""[All Fields] OR ""ribosomal RNA""[All Fields] OR ""rRNA""[All Fields] OR ""rDNA""[All Fields]) NOT (""whole genome""[Title] OR ""complete genome""[Title] OR ""WGS""[Title] OR ""shotgun""[Title] OR ""mitochondrial""[Title] OR ""mitochondrion""[Title])"
OR117625.1,ST44,1769,2951b32a667cefcdd8536996593f2d5d,Bos taurus,host_qualifier,USA,Unknown,feces,ONT,high,source declares ST44 only,broad_query,2026-08-13T12:29:33.338201+00:00,"Blastocystis[Organism] AND (""18S""[All Fields] OR ""SSU""[All Fields] OR ""small subunit""[All Fields] OR ""18S ribosomal""[All Fields] OR ""SSU rRNA""[All Fields] OR ""ribosomal RNA""[All Fields] OR ""rRNA""[All Fields] OR ""rDNA""[All Fields]) NOT (""whole genome""[Title] OR ""complete genome""[Title] OR ""WGS""[Title] OR ""shotgun""[Title] OR ""mitochondrial""[Title] OR ""mitochondrion""[Title])"
OR117624.1,ST44,1769,6cbd4d5ec178a4a299573491e99dcf89,Bos taurus,host_qualifier,USA,Unknown,feces,ONT,high,source declares ST44 only,broad_query,2026-08-13T12:29:33.338201+00:00,"Blastocystis[Organism] AND (""18S""[All Fields] OR ""SSU""[All Fields] OR ""small subunit""[All Fields] OR ""18S ribosomal""[All Fields] OR ""SSU rRNA""[All Fields] OR ""ribosomal RNA""[All Fields] OR ""rRNA""[All Fields] OR ""rDNA""[All Fields]) NOT (""whole genome""[Title] OR ""complete genome""[Title] OR ""WGS""[Title] OR ""shotgun""[Title] OR ""mitochondrial""[Title] OR ""mitochondrion""[Title])"
OM883876.1,ST24,1772,ee4afd11b61861c75aa954fe35c37b04,Ovis aries,host_qualifier,Greenland,Unknown,Unknown,ONT,high,source declares ST24 only,broad_query,2026-08-13T12:29:33.338201+00:00,"Blastocystis[Organism] AND (""18S""[All Fields] OR ""SSU""[All Fields] OR ""small subunit""[All Fields] OR ""18S ribosomal""[All Fields] OR ""SSU rRNA""[All Fields] OR ""ribosomal RNA""[All Fields] OR ""rRNA""[All Fields] OR ""rDNA""[All Fields]) NOT (""whole genome""[Title] OR ""complete genome""[Title] OR ""WGS""[Title] OR ""shotgun""[Title] OR ""mitochondrial""[Title] OR ""mitochondrion""[Title])"
OM883875.1,ST21,1774,8a701658ca2f01966e1d358247757068,Ovis aries,host_qualifier,Greenland,Unknown,Unknown,ONT,high,source declares ST21 only,broad_query,2026-08-13T12:29:33.338201+00:00,"Blastocystis[Organism] AND (""18S""[All Fields] OR ""SSU""[All Fields] OR ""small subunit""[All Fields] OR ""18S ribosomal""[All Fields] OR ""SSU rRNA""[All Fields] OR ""ribosomal RNA""[All Fields] OR ""rRNA""[All Fields] OR ""rDNA""[All Fields]) NOT (""whole genome""[Title] OR ""complete genome""[Title] OR ""WGS""[Title] OR ""shotgun""[Title] OR ""mitochondrial""[Title] OR ""mitochondrion""[Title])"
OM883874.1,ST24,1769,a96382462a20f75fd06736e37560774f,Ovis aries,host_qualifier,Greenland,Unknown,Unknown,ONT,high,source declares ST24 only,broad_query,2026-08-13T12:29:33.338201+00:00,"Blastocystis[Organism] AND (""18S""[All Fields] OR ""SSU""[All Fields] OR ""small subunit""[All Fields] OR ""18S ribosomal""[All Fields] OR ""SSU rRNA""[All Fields] OR ""ribosomal RNA""[All Fields] OR ""rRNA""[All Fields] OR ""rDNA""[All Fields]) NOT (""whole genome""[Title] OR ""complete genome""[Title] OR ""WGS""[Title] OR ""shotgun""[Title] OR ""mitochondrial""[Title] OR ""mitochondrion""[Title])"
OM883872.1,ST10,1767,d6ac31670fce85763a732e44471154a9,Ovis aries,host_qualifier,Greenland,Unknown,Unknown,ONT,high,source declares ST10 only,broad_query,2026-08-13T12:29:33.338201+00:00,"Blastocystis[Organism] AND (""18S""[All Fields] OR ""SSU""[All Fields] OR ""small subunit""[All Fields] OR ""18S ribosomal""[All Fields] OR ""SSU rRNA""[All Fields] OR ""ribosomal RNA""[All Fields] OR ""rRNA""[All Fields] OR ""rDNA""[All Fields]) NOT (""whole genome""[Title] OR ""complete genome""[Title] OR ""WGS""[Title] OR ""shotgun""[Title] OR ""mitochondrial""[Title] OR ""mitochondrion""[Title])"
OM883871.1,ST10,1767,4260d1b542e53cb78f86bf7b1b6ec3cb,Ovis aries,host_qualifier,Greenland,Unknown,Unknown,ONT,high,source declares ST10 only,broad_query,2026-08-13T12:29:33.338201+00:00,"Blastocystis[Organism] AND (""18S""[All Fields] OR ""SSU""[All Fields] OR ""small subunit""[All Fields] OR ""18S ribosomal""[All Fields] OR ""SSU rRNA""[All Fields] OR ""ribosomal RNA""[All Fields] OR ""rRNA""[All Fields] OR ""rDNA""[All Fields]) NOT (""whole genome""[Title] OR ""complete genome""[Title] OR ""WGS""[Title] OR ""shotgun""[Title] OR ""mitochondrial""[Title] OR ""mitochondrion""[Title])"
OM883869.1,ST21,1774,3b3d9eb76ff8c0e535121bb4cbee218b,Ovibos moschatus,host_qualifier,Greenland,Unknown,Unknown,ONT,high,source declares ST21 only,broad_query,2026-08-13T12:29:33.338201+00:00,"Blastocystis[Organism] AND (""18S""[All Fields] OR ""SSU""[All Fields] OR ""small subunit""[All Fields] OR ""18S ribosomal""[All Fields] OR ""SSU rRNA""[All Fields] OR ""ribosomal RNA""[All Fields] OR ""rRNA""[All Fields] OR ""rDNA""[All Fields]) NOT (""whole genome""[Title] OR ""complete genome""[Title] OR ""WGS""[Title] OR ""shotgun""[Title] OR ""mitochondrial""[Title] OR ""mitochondrion""[Title])"
OP563853.1,ST39,1665,2710e804232bbc21d95eaa7e90d2eb0a,Macaca mulatta,host_qualifier,China,Unknown,Unknown,Sanger,high,source declares ST39 only,broad_query,2026-08-13T12:29:33.338201+00:00,"Blastocystis[Organism] AND (""18S""[All Fields] OR ""SSU""[All Fields] OR ""small subunit""[All Fields] OR ""18S ribosomal""[All Fields] OR ""SSU rRNA""[All Fields] OR ""ribosomal RNA""[All Fields] OR ""rRNA""[All Fields] OR ""rDNA""[All Fields]) NOT (""whole genome""[Title] OR ""complete genome""[Title] OR ""WGS""[Title] OR ""shotgun""[Title] OR ""mitochondrial""[Title] OR ""mitochondrion""[Title])"
OP563852.1,ST39,1665,82d3522fb37f41fe8a61bfbb40a3f809,Macaca mulatta,host_qualifier,China,Unknown,Unknown,Sanger,high,source declares ST39 only,broad_query,2026-08-13T12:29:33.338201+00:00,"Blastocystis[Organism] AND (""18S""[All Fields] OR ""SSU""[All Fields] OR ""small subunit""[All Fields] OR ""18S ribosomal""[All Fields] OR ""SSU rRNA""[All Fields] OR ""ribosomal RNA""[All Fields] OR ""rRNA""[All Fields] OR ""rDNA""[All Fields]) NOT (""whole genome""[Title] OR ""complete genome""[Title] OR ""WGS""[Title] OR ""shotgun""[Title] OR ""mitochondrial""[Title] OR ""mitochondrion""[Title])"
OP563851.1,ST39,1665,eaa01bfcc1f088a77e157fe5c81d08a8,Macaca mulatta,host_qualifier,China,Unknown,Unknown,Sanger,high,source declares ST39 only,broad_query,2026-08-13T12:29:33.338201+00:00,"Blastocystis[Organism] AND (""18S""[All Fields] OR ""SSU""[All Fields] OR ""small subunit""[All Fields] OR ""18S ribosomal""[All Fields] OR ""SSU rRNA""[All Fields] OR ""ribosomal RNA""[All Fields] OR ""rRNA""[All Fields] OR ""rDNA""[All Fields]) NOT (""whole genome""[Title] OR ""complete genome""[Title] OR ""WGS""[Title] OR ""shotgun""[Title] OR ""mitochondrial""[Title] OR ""mitochondrion""[Title])"
OP563850.1,ST39,1665,cb87c490785435b11b0ce706fd7922f3,Macaca mulatta,host_qualifier,China,Unknown,Unknown,Sanger,high,source declares ST39 only,broad_query,2026-08-13T12:29:33.338201+00:00,"Blastocystis[Organism] AND (""18S""[All Fields] OR ""SSU""[All Fields] OR ""small subunit""[All Fields] OR ""18S ribosomal""[All Fields] OR ""SSU rRNA""[All Fields] OR ""ribosomal RNA""[All Fields] OR ""rRNA""[All Fields] OR ""rDNA""[All Fields]) NOT (""whole genome""[Title] OR ""complete genome""[Title] OR ""WGS""[Title] OR ""shotgun""[Title] OR ""mitochondrial""[Title] OR ""mitochondrion""[Title])"
OP563849.1,ST39,1660,cd49bdc1c70936f36d06addcd12d088e,Macaca mulatta,host_qualifier,China,Unknown,Unknown,Sanger,high,source declares ST39 only,broad_query,2026-08-13T12:29:33.338201+00:00,"Blastocystis[Organism] AND (""18S""[All Fields] OR ""SSU""[All Fields] OR ""small subunit""[All Fields] OR ""18S ribosomal""[All Fields] OR ""SSU rRNA""[All Fields] OR ""ribosomal RNA""[All Fields] OR ""rRNA""[All Fields] OR ""rDNA""[All Fields]) NOT (""whole genome""[Title] OR ""complete genome""[Title] OR ""WGS""[Title] OR ""shotgun""[Title] OR ""mitochondrial""[Title] OR ""mitochondrion""[Title])"
OP563848.1,ST39,1666,5a6dfe198e84fc3f64a5bf74af0736a6,Macaca mulatta,host_qualifier,China,Unknown,Unknown,Sanger,high,source declares ST39 only,broad_query,2026-08-13T12:29:33.338201+00:00,"Blastocystis[Organism] AND (""18S""[All Fields] OR ""SSU""[All Fields] OR ""small subunit""[All Fields] OR ""18S ribosomal""[All Fields] OR ""SSU rRNA""[All Fields] OR ""ribosomal RNA""[All Fields] OR ""rRNA""[All Fields] OR ""rDNA""[All Fields]) NOT (""whole genome""[Title] OR ""complete genome""[Title] OR ""WGS""[Title] OR ""shotgun""[Title] OR ""mitochondrial""[Title] OR ""mitochondrion""[Title])"
OP563847.1,ST39,1663,5a309a09551a69c306dec17c136d7392,Macaca mulatta,host_qualifier,China,Unknown,Unknown,Sanger,high,source declares ST39 only,broad_query,2026-08-13T12:29:33.338201+00:00,"Blastocystis[Organism] AND (""18S""[All Fields] OR ""SSU""[All Fields] OR ""small subunit""[All Fields] OR ""18S ribosomal""[All Fields] OR ""SSU rRNA""[All Fields] OR ""ribosomal RNA""[All Fields] OR ""rRNA""[All Fields] OR ""rDNA""[All Fields]) NOT (""whole genome""[Title] OR ""complete genome""[Title] OR ""WGS""[Title] OR ""shotgun""[Title] OR ""mitochondrial""[Title] OR ""mitochondrion""[Title])"
OP563846.1,ST39,1665,6f897555ed5ee9ff522ab36c7c8de3fa,Macaca mulatta,host_qualifier,China,Unknown,Unknown,Sanger,high,source declares ST39 only,broad_query,2026-08-13T12:29:33.338201+00:00,"Blastocystis[Organism] AND (""18S""[All Fields] OR ""SSU""[All Fields] OR ""small subunit""[All Fields] OR ""18S ribosomal""[All Fields] OR ""SSU rRNA""[All Fields] OR ""ribosomal RNA""[All Fields] OR ""rRNA""[All Fields] OR ""rDNA""[All Fields]) NOT (""whole genome""[Title] OR ""complete genome""[Title] OR ""WGS""[Title] OR ""shotgun""[Title] OR ""mitochondrial""[Title] OR ""mitochondrion""[Title])"
OP563845.1,ST3,1666,d9919c7d2fbfcd4a3a473a40b106cf58,Macaca mulatta,host_qualifier,China,Unknown,Unknown,Sanger,high,source declares ST3 only,broad_query,2026-08-13T12:29:33.338201+00:00,"Blastocystis[Organism] AND (""18S""[All Fields] OR ""SSU""[All Fields] OR ""small subunit""[All Fields] OR ""18S ribosomal""[All Fields] OR ""SSU rRNA""[All Fields] OR ""ribosomal RNA""[All Fields] OR ""rRNA""[All Fields] OR ""rDNA""[All Fields]) NOT (""whole genome""[Title] OR ""complete genome""[Title] OR ""WGS""[Title] OR ""shotgun""[Title] OR ""mitochondrial""[Title] OR ""mitochondrion""[Title])"
OP563844.1,ST3,1666,d6a10e1f6f825dad6fd1eb122c456aaa,Macaca mulatta,host_qualifier,China,Unknown,Unknown,Sanger,high,source declares ST3 only,broad_query,2026-08-13T12:29:33.338201+00:00,"Blastocystis[Organism] AND (""18S""[All Fields] OR ""SSU""[All Fields] OR ""small subunit""[All Fields] OR ""18S ribosomal""[All Fields] OR ""SSU rRNA""[All Fields] OR ""ribosomal RNA""[All Fields] OR ""rRNA""[All Fields] OR ""rDNA""[All Fields]) NOT (""whole genome""[Title] OR ""complete genome""[Title] OR ""WGS""[Title] OR ""shotgun""[Title] OR ""mitochondrial""[Title] OR ""mitochondrion""[Title])"
OP563843.1,ST3,1667,d6aae24489b3965f4a90f9def3de4e75,Macaca mulatta,host_qualifier,China,Unknown,Unknown,Sanger,high,source declares ST3 only,broad_query,2026-08-13T12:29:33.338201+00:00,"Blastocystis[Organism] AND (""18S""[All Fields] OR ""SSU""[All Fields] OR ""small subunit""[All Fields] OR ""18S ribosomal""[All Fields] OR ""SSU rRNA""[All Fields] OR ""ribosomal RNA""[All Fields] OR ""rRNA""[All Fields] OR ""rDNA""[All Fields]) NOT (""whole genome""[Title] OR ""complete genome""[Title] OR ""WGS""[Title] OR ""shotgun""[Title] OR ""mitochondrial""[Title] OR ""mitochondrion""[Title])"
OP563842.1,ST3,1666,6221534491c67ee80e7a2c16af79a579,Macaca mulatta,host_qualifier,China,Unknown,Unknown,Sanger,high,source declares ST3 only,broad_query,2026-08-13T12:29:33.338201+00:00,"Blastocystis[Organism] AND (""18S""[All Fields] OR ""SSU""[All Fields] OR ""small subunit""[All Fields] OR ""18S ribosomal""[All Fields] OR ""SSU rRNA""[All Fields] OR ""ribosomal RNA""[All Fields] OR ""rRNA""[All Fields] OR ""rDNA""[All Fields]) NOT (""whole genome""[Title] OR ""complete genome""[Title] OR ""WGS""[Title] OR ""shotgun""[Title] OR ""mitochondrial""[Title] OR ""mitochondrion""[Title])"
OP563841.1,ST3,1666,2e4eb892544a6bcd2e7e1e286e83fe5b,Macaca mulatta,host_qualifier,China,Unknown,Unknown,Sanger,high,source declares ST3 only,broad_query,2026-08-13T12:29:33.338201+00:00,"Blastocystis[Organism] AND (""18S""[All Fields] OR ""SSU""[All Fields] OR ""small subunit""[All Fields] OR ""18S ribosomal""[All Fields] OR ""SSU rRNA""[All Fields] OR ""ribosomal RNA""[All Fields] OR ""rRNA""[All Fields] OR ""rDNA""[All Fields]) NOT (""whole genome""[Title] OR ""complete genome""[Title] OR ""WGS""[Title] OR ""shotgun""[Title] OR ""mitochondrial""[Title] OR ""mitochondrion""[Title])"
OP563840.1,ST3,1666,e6f0ab7d275984e29bbba45923d645ff,Macaca mulatta,host_qualifier,China,Unknown,Unknown,Sanger,high,source declares ST3 only,broad_query,2026-08-13T12:29:33.338201+00:00,"Blastocystis[Organism] AND (""18S""[All Fields] OR ""SSU""[All Fields] OR ""small subunit""[All Fields] OR ""18S ribosomal""[All Fields] OR ""SSU rRNA""[All Fields] OR ""ribosomal RNA""[All Fields] OR ""rRNA""[All Fields] OR ""rDNA""[All Fields]) NOT (""whole genome""[Title] OR ""complete genome""[Title] OR ""WGS""[Title] OR ""shotgun""[Title] OR ""mitochondrial""[Title] OR ""mitochondrion""[Title])"
OP563839.1,ST3,1667,c42848347a9fa9809533a3e2e624ab20,Macaca mulatta,host_qualifier,China,Unknown,Unknown,Sanger,high,source declares ST3 only,broad_query,2026-08-13T12:29:33.338201+00:00,"Blastocystis[Organism] AND (""18S""[All Fields] OR ""SSU""[All Fields] OR ""small subunit""[All Fields] OR ""18S ribosomal""[All Fields] OR ""SSU rRNA""[All Fields] OR ""ribosomal RNA""[All Fields] OR ""rRNA""[All Fields] OR ""rDNA""[All Fields]) NOT (""whole genome""[Title] OR ""complete genome""[Title] OR ""WGS""[Title] OR ""shotgun""[Title] OR ""mitochondrial""[Title] OR ""mitochondrion""[Title])"
OP563838.1,ST3,1667,d14dc80625452eba297b402bb0f45b4d,Macaca mulatta,host_qualifier,China,Unknown,Unknown,Sanger,high,source declares ST3 only,broad_query,2026-08-13T12:29:33.338201+00:00,"Blastocystis[Organism] AND (""18S""[All Fields] OR ""SSU""[All Fields] OR ""small subunit""[All Fields] OR ""18S ribosomal""[All Fields] OR ""SSU rRNA""[All Fields] OR ""ribosomal RNA""[All Fields] OR ""rRNA""[All Fields] OR ""rDNA""[All Fields]) NOT (""whole genome""[Title] OR ""complete genome""[Title] OR ""WGS""[Title] OR ""shotgun""[Title] OR ""mitochondrial""[Title] OR ""mitochondrion""[Title])"
OP563837.1,ST3,1668,90c06176b3393b6751acb2abe5f37ce2,Macaca mulatta,host_qualifier,China,Unknown,Unknown,Sanger,high,source declares ST3 only,broad_query,2026-08-13T12:29:33.338201+00:00,"Blastocystis[Organism] AND (""18S""[All Fields] OR ""SSU""[All Fields] OR ""small subunit""[All Fields] OR ""18S ribosomal""[All Fields] OR ""SSU rRNA""[All Fields] OR ""ribosomal RNA""[All Fields] OR ""rRNA""[All Fields] OR ""rDNA""[All Fields]) NOT (""whole genome""[Title] OR ""complete genome""[Title] OR ""WGS""[Title] OR ""shotgun""[Title] OR ""mitochondrial""[Title] OR ""mitochondrion""[Title])"
OP563836.1,ST3,1666,79a2ff26dae76965106a845736dbe356,Macaca mulatta,host_qualifier,China,Unknown,Unknown,Sanger,high,source declares ST3 only,broad_query,2026-08-13T12:29:33.338201+00:00,"Blastocystis[Organism] AND (""18S""[All Fields] OR ""SSU""[All Fields] OR ""small subunit""[All Fields] OR ""18S ribosomal""[All Fields] OR ""SSU rRNA""[All Fields] OR ""ribosomal RNA""[All Fields] OR ""rRNA""[All Fields] OR ""rDNA""[All Fields]) NOT (""whole genome""[Title] OR ""complete genome""[Title] OR ""WGS""[Title] OR ""shotgun""[Title] OR ""mitochondrial""[Title] OR ""mitochondrion""[Title])"
OP563835.1,ST2,1666,3c75fa0b95a6287607c466c7dbb06ff0,Macaca mulatta,host_qualifier,China,Unknown,Unknown,Sanger,high,source declares ST2 only,broad_query,2026-08-13T12:29:33.338201+00:00,"Blastocystis[Organism] AND (""18S""[All Fields] OR ""SSU""[All Fields] OR ""small subunit""[All Fields] OR ""18S ribosomal""[All Fields] OR ""SSU rRNA""[All Fields] OR ""ribosomal RNA""[All Fields] OR ""rRNA""[All Fields] OR ""rDNA""[All Fields]) NOT (""whole genome""[Title] OR ""complete genome""[Title] OR ""WGS""[Title] OR ""shotgun""[Title] OR ""mitochondrial""[Title] OR ""mitochondrion""[Title])"
OP563834.1,ST2,1666,afe05a90d90f2f9060dacc192504f085,Macaca mulatta,host_qualifier,China,Unknown,Unknown,Sanger,high,source declares ST2 only,broad_query,2026-08-13T12:29:33.338201+00:00,"Blastocystis[Organism] AND (""18S""[All Fields] OR ""SSU""[All Fields] OR ""small subunit""[All Fields] OR ""18S ribosomal""[All Fields] OR ""SSU rRNA""[All Fields] OR ""ribosomal RNA""[All Fields] OR ""rRNA""[All Fields] OR ""rDNA""[All Fields]) NOT (""whole genome""[Title] OR ""complete genome""[Title] OR ""WGS""[Title] OR ""shotgun""[Title] OR ""mitochondrial""[Title] OR ""mitochondrion""[Title])"
OP563833.1,ST2,1666,4fc59d4127252b4e24ddef560ee04837,Macaca mulatta,host_qualifier,China,Unknown,Unknown,Sanger,high,source declares ST2 only,broad_query,2026-08-13T12:29:33.338201+00:00,"Blastocystis[Organism] AND (""18S""[All Fields] OR ""SSU""[All Fields] OR ""small subunit""[All Fields] OR ""18S ribosomal""[All Fields] OR ""SSU rRNA""[All Fields] OR ""ribosomal RNA""[All Fields] OR ""rRNA""[All Fields] OR ""rDNA""[All Fields]) NOT (""whole genome""[Title] OR ""complete genome""[Title] OR ""WGS""[Title] OR ""shotgun""[Title] OR ""mitochondrial""[Title] OR ""mitochondrion""[Title])"
OP563832.1,ST2,1666,8f904887f4236a6d34b426760229f0e3,Macaca mulatta,host_qualifier,China,Unknown,Unknown,Sanger,high,source declares ST2 only,broad_query,2026-08-13T12:29:33.338201+00:00,"Blastocystis[Organism] AND (""18S""[All Fields] OR ""SSU""[All Fields] OR ""small subunit""[All Fields] OR ""18S ribosomal""[All Fields] OR ""SSU rRNA""[All Fields] OR ""ribosomal RNA""[All Fields] OR ""rRNA""[All Fields] OR ""rDNA""[All Fields]) NOT (""whole genome""[Title] OR ""complete genome""[Title] OR ""WGS""[Title] OR ""shotgun""[Title] OR ""mitochondrial""[Title] OR ""mitochondrion""[Title])"
OP563831.1,ST2,1666,f5c1e20af9736365713b5bc2a56ceddf,Macaca mulatta,host_qualifier,China,Unknown,Unknown,Sanger,high,source declares ST2 only,broad_query,2026-08-13T12:29:33.338201+00:00,"Blastocystis[Organism] AND (""18S""[All Fields] OR ""SSU""[All Fields] OR ""small subunit""[All Fields] OR ""18S ribosomal""[All Fields] OR ""SSU rRNA""[All Fields] OR ""ribosomal RNA""[All Fields] OR ""rRNA""[All Fields] OR ""rDNA""[All Fields]) NOT (""whole genome""[Title] OR ""complete genome""[Title] OR ""WGS""[Title] OR ""shotgun""[Title] OR ""mitochondrial""[Title] OR ""mitochondrion""[Title])"
OP563830.1,ST2,1666,9ce566f751cfdbd31e8f7d9bc75bc0df,Macaca mulatta,host_qualifier,China,Unknown,Unknown,Sanger,high,source declares ST2 only,broad_query,2026-08-13T12:29:33.338201+00:00,"Blastocystis[Organism] AND (""18S""[All Fields] OR ""SSU""[All Fields] OR ""small subunit""[All Fields] OR ""18S ribosomal""[All Fields] OR ""SSU rRNA""[All Fields] OR ""ribosomal RNA""[All Fields] OR ""rRNA""[All Fields] OR ""rDNA""[All Fields]) NOT (""whole genome""[Title] OR ""complete genome""[Title] OR ""WGS""[Title] OR ""shotgun""[Title] OR ""mitochondrial""[Title] OR ""mitochondrion""[Title])"
OP563829.1,ST2,1666,9d420a735d268675d1d1c14f9b213bd3,Macaca mulatta,host_qualifier,China,Unknown,Unknown,Sanger,high,source declares ST2 only,broad_query,2026-08-13T12:29:33.338201+00:00,"Blastocystis[Organism] AND (""18S""[All Fields] OR ""SSU""[All Fields] OR ""small subunit""[All Fields] OR ""18S ribosomal""[All Fields] OR ""SSU rRNA""[All Fields] OR ""ribosomal RNA""[All Fields] OR ""rRNA""[All Fields] OR ""rDNA""[All Fields]) NOT (""whole genome""[Title] OR ""complete genome""[Title] OR ""WGS""[Title] OR ""shotgun""[Title] OR ""mitochondrial""[Title] OR ""mitochondrion""[Title])"
OP563828.1,ST1,1665,0b4aa5828d2b457e473f39098cb811a3,Macaca mulatta,host_qualifier,China,Unknown,Unknown,Sanger,high,source declares ST1 only,broad_query,2026-08-13T12:29:33.338201+00:00,"Blastocystis[Organism] AND (""18S""[All Fields] OR ""SSU""[All Fields] OR ""small subunit""[All Fields] OR ""18S ribosomal""[All Fields] OR ""SSU rRNA""[All Fields] OR ""ribosomal RNA""[All Fields] OR ""rRNA""[All Fields] OR ""rDNA""[All Fields]) NOT (""whole genome""[Title] OR ""complete genome""[Title] OR ""WGS""[Title] OR ""shotgun""[Title] OR ""mitochondrial""[Title] OR ""mitochondrion""[Title])"
OP563827.1,ST1,1665,86d59b883d53ed13a7185bfbd2f57b86,Macaca mulatta,host_qualifier,China,Unknown,Unknown,Sanger,high,source declares ST1 only,broad_query,2026-08-13T12:29:33.338201+00:00,"Blastocystis[Organism] AND (""18S""[All Fields] OR ""SSU""[All Fields] OR ""small subunit""[All Fields] OR ""18S ribosomal""[All Fields] OR ""SSU rRNA""[All Fields] OR ""ribosomal RNA""[All Fields] OR ""rRNA""[All Fields] OR ""rDNA""[All Fields]) NOT (""whole genome""[Title] OR ""complete genome""[Title] OR ""WGS""[Title] OR ""shotgun""[Title] OR ""mitochondrial""[Title] OR ""mitochondrion""[Title])"
OP563826.1,ST1,1665,ea5998197e3bf4fae5152d0a178e9877,Macaca mulatta,host_qualifier,China,Unknown,Unknown,Sanger,high,source declares ST1 only,broad_query,2026-08-13T12:29:33.338201+00:00,"Blastocystis[Organism] AND (""18S""[All Fields] OR ""SSU""[All Fields] OR ""small subunit""[All Fields] OR ""18S ribosomal""[All Fields] OR ""SSU rRNA""[All Fields] OR ""ribosomal RNA""[All Fields] OR ""rRNA""[All Fields] OR ""rDNA""[All Fields]) NOT (""whole genome""[Title] OR ""complete genome""[Title] OR ""WGS""[Title] OR ""shotgun""[Title] OR ""mitochondrial""[Title] OR ""mitochondrion""[Title])"
OP563825.1,ST1,1665,35e4f058cdd06fa90ace05a2014884b4,Macaca mulatta,host_qualifier,China,Unknown,Unknown,Sanger,high,source declares ST1 only,broad_query,2026-08-13T12:29:33.338201+00:00,"Blastocystis[Organism] AND (""18S""[All Fields] OR ""SSU""[All Fields] OR ""small subunit""[All Fields] OR ""18S ribosomal""[All Fields] OR ""SSU rRNA""[All Fields] OR ""ribosomal RNA""[All Fields] OR ""rRNA""[All Fields] OR ""rDNA""[All Fields]) NOT (""whole genome""[Title] OR ""complete genome""[Title] OR ""WGS""[Title] OR ""shotgun""[Title] OR ""mitochondrial""[Title] OR ""mitochondrion""[Title])"
OP563824.1,ST1,1668,4f874d6f1fa3522a8468168092931b58,Macaca mulatta,host_qualifier,China,Unknown,Unknown,Sanger,high,source declares ST1 only,broad_query,2026-08-13T12:29:33.338201+00:00,"Blastocystis[Organism] AND (""18S""[All Fields] OR ""SSU""[All Fields] OR ""small subunit""[All Fields] OR ""18S ribosomal""[All Fields] OR ""SSU rRNA""[All Fields] OR ""ribosomal RNA""[All Fields] OR ""rRNA""[All Fields] OR ""rDNA""[All Fields]) NOT (""whole genome""[Title] OR ""complete genome""[Title] OR ""WGS""[Title] OR ""shotgun""[Title] OR ""mitochondrial""[Title] OR ""mitochondrion""[Title])"
OP563823.1,ST1,1668,f567d7478fccfeb8d3073adf36365e83,Macaca mulatta,host_qualifier,China,Unknown,Unknown,Sanger,high,source declares ST1 only,broad_query,2026-08-13T12:29:33.338201+00:00,"Blastocystis[Organism] AND (""18S""[All Fields] OR ""SSU""[All Fields] OR ""small subunit""[All Fields] OR ""18S ribosomal""[All Fields] OR ""SSU rRNA""[All Fields] OR ""ribosomal RNA""[All Fields] OR ""rRNA""[All Fields] OR ""rDNA""[All Fields]) NOT (""whole genome""[Title] OR ""complete genome""[Title] OR ""WGS""[Title] OR ""shotgun""[Title] OR ""mitochondrial""[Title] OR ""mitochondrion""[Title])"
OP563822.1,ST1,1668,de6906b6eb907fef8a8c69d8f6b14182,Macaca mulatta,host_qualifier,China,Unknown,Unknown,Sanger,high,source declares ST1 only,broad_query,2026-08-13T12:29:33.338201+00:00,"Blastocystis[Organism] AND (""18S""[All Fields] OR ""SSU""[All Fields] OR ""small subunit""[All Fields] OR ""18S ribosomal""[All Fields] OR ""SSU rRNA""[All Fields] OR ""ribosomal RNA""[All Fields] OR ""rRNA""[All Fields] OR ""rDNA""[All Fields]) NOT (""whole genome""[Title] OR ""complete genome""[Title] OR ""WGS""[Title] OR ""shotgun""[Title] OR ""mitochondrial""[Title] OR ""mitochondrion""[Title])"
OP563821.1,ST1,1668,ab27cf94dbfe57a8b8d9bb83633777c7,Macaca mulatta,host_qualifier,China,Unknown,Unknown,Sanger,high,source declares ST1 only,broad_query,2026-08-13T12:29:33.338201+00:00,"Blastocystis[Organism] AND (""18S""[All Fields] OR ""SSU""[All Fields] OR ""small subunit""[All Fields] OR ""18S ribosomal""[All Fields] OR ""SSU rRNA""[All Fields] OR ""ribosomal RNA""[All Fields] OR ""rRNA""[All Fields] OR ""rDNA""[All Fields]) NOT (""whole genome""[Title] OR ""complete genome""[Title] OR ""WGS""[Title] OR ""shotgun""[Title] OR ""mitochondrial""[Title] OR ""mitochondrion""[Title])"
OP720872.1,ST37,1789,ec4a5e33089d2e4513008fa6b76ab6f1,Heteromyidae,host_qualifier,Mexico,Unknown,feces,ONT,high,source declares ST37 only,broad_query,2026-08-13T12:29:33.338201+00:00,"Blastocystis[Organism] AND (""18S""[All Fields] OR ""SSU""[All Fields] OR ""small subunit""[All Fields] OR ""18S ribosomal""[All Fields] OR ""SSU rRNA""[All Fields] OR ""ribosomal RNA""[All Fields] OR ""rRNA""[All Fields] OR ""rDNA""[All Fields]) NOT (""whole genome""[Title] OR ""complete genome""[Title] OR ""WGS""[Title] OR ""shotgun""[Title] OR ""mitochondrial""[Title] OR ""mitochondrion""[Title])"
OP720871.1,ST36,1787,392a4417c308ea39d36c0a5b996c3f00,Sturnira lilium,host_qualifier,Mexico,Unknown,feces,ONT,high,source declares ST36 only,broad_query,2026-08-13T12:29:33.338201+00:00,"Blastocystis[Organism] AND (""18S""[All Fields] OR ""SSU""[All Fields] OR ""small subunit""[All Fields] OR ""18S ribosomal""[All Fields] OR ""SSU rRNA""[All Fields] OR ""ribosomal RNA""[All Fields] OR ""rRNA""[All Fields] OR ""rDNA""[All Fields]) NOT (""whole genome""[Title] OR ""complete genome""[Title] OR ""WGS""[Title] OR ""shotgun""[Title] OR ""mitochondrial""[Title] OR ""mitochondrion""[Title])"
OP720870.1,ST35,1800,9c32214f4c5a912467a731e36c2a5c2e,Homo sapiens,host_qualifier,Brazil,Unknown,feces,ONT,high,source declares ST35 only,broad_query,2026-08-13T12:29:33.338201+00:00,"Blastocystis[Organism] AND (""18S""[All Fields] OR ""SSU""[All Fields] OR ""small subunit""[All Fields] OR ""18S ribosomal""[All Fields] OR ""SSU rRNA""[All Fields] OR ""ribosomal RNA""[All Fields] OR ""rRNA""[All Fields] OR ""rDNA""[All Fields]) NOT (""whole genome""[Title] OR ""complete genome""[Title] OR ""WGS""[Title] OR ""shotgun""[Title] OR ""mitochondrial""[Title] OR ""mitochondrion""[Title])"
OP720869.1,ST38,1791,df1e76b02d4d674b047f2d69d8f27adc,Arvicola amphibius,host_qualifier,United Kingdom,Unknown,feces,ONT,high,source declares ST38 only,broad_query,2026-08-13T12:29:33.338201+00:00,"Blastocystis[Organism] AND (""18S""[All Fields] OR ""SSU""[All Fields] OR ""small subunit""[All Fields] OR ""18S ribosomal""[All Fields] OR ""SSU rRNA""[All Fields] OR ""ribosomal RNA""[All Fields] OR ""rRNA""[All Fields] OR ""rDNA""[All Fields]) NOT (""whole genome""[Title] OR ""complete genome""[Title] OR ""WGS""[Title] OR ""shotgun""[Title] OR ""mitochondrial""[Title] OR ""mitochondrion""[Title])"
ON932571.1,ST34,1747,9b83375bc0caab1ca96f56635a1b87e5,Equus caballus,host_qualifier,Colombia,Unknown,feces,ONT,high,source declares ST34 only,broad_query,2026-08-13T12:29:33.338201+00:00,"Blastocystis[Organism] AND (""18S""[All Fields] OR ""SSU""[All Fields] OR ""small subunit""[All Fields] OR ""18S ribosomal""[All Fields] OR ""SSU rRNA""[All Fields] OR ""ribosomal RNA""[All Fields] OR ""rRNA""[All Fields] OR ""rDNA""[All Fields]) NOT (""whole genome""[Title] OR ""complete genome""[Title] OR ""WGS""[Title] OR ""shotgun""[Title] OR ""mitochondrial""[Title] OR ""mitochondrion""[Title])"
ON932570.1,ST33,1746,4814796fa6ba95a654c82a445f915a81,Equus caballus,host_qualifier,Colombia,Unknown,feces,ONT,high,source declares ST33 only,broad_query,2026-08-13T12:29:33.338201+00:00,"Blastocystis[Organism] AND (""18S""[All Fields] OR ""SSU""[All Fields] OR ""small subunit""[All Fields] OR ""18S ribosomal""[All Fields] OR ""SSU rRNA""[All Fields] OR ""ribosomal RNA""[All Fields] OR ""rRNA""[All Fields] OR ""rDNA""[All Fields]) NOT (""whole genome""[Title] OR ""complete genome""[Title] OR ""WGS""[Title] OR ""shotgun""[Title] OR ""mitochondrial""[Title] OR ""mitochondrion""[Title])"
ON932569.1,ST33,1741,22aa16f6e616ea6ff3ac2feba4b017c7,Equus caballus,host_qualifier,Colombia,Unknown,feces,ONT,high,source declares ST33 only,broad_query,2026-08-13T12:29:33.338201+00:00,"Blastocystis[Organism] AND (""18S""[All Fields] OR ""SSU""[All Fields] OR ""small subunit""[All Fields] OR ""18S ribosomal""[All Fields] OR ""SSU rRNA""[All Fields] OR ""ribosomal RNA""[All Fields] OR ""rRNA""[All Fields] OR ""rDNA""[All Fields]) NOT (""whole genome""[Title] OR ""complete genome""[Title] OR ""WGS""[Title] OR ""shotgun""[Title] OR ""mitochondrial""[Title] OR ""mitochondrion""[Title])"
OP001723.1,ST2,1721,15ab9e4be124ded4ac2b8c5a4993cce9,Homo sapiens,host_qualifier,Iran,Unknown,Unknown,Sanger,high,source declares ST2 only,broad_query,2026-08-13T12:29:33.338201+00:00,"Blastocystis[Organism] AND (""18S""[All Fields] OR ""SSU""[All Fields] OR ""small subunit""[All Fields] OR ""18S ribosomal""[All Fields] OR ""SSU rRNA""[All Fields] OR ""ribosomal RNA""[All Fields] OR ""rRNA""[All Fields] OR ""rDNA""[All Fields]) NOT (""whole genome""[Title] OR ""complete genome""[Title] OR ""WGS""[Title] OR ""shotgun""[Title] OR ""mitochondrial""[Title] OR ""mitochondrion""[Title])"
OP001722.1,ST3,1728,894c01127ede929e406f67572a5d713f,Homo sapiens,host_qualifier,Iran,Unknown,Unknown,Sanger,high,source declares ST3 only,broad_query,2026-08-13T12:29:33.338201+00:00,"Blastocystis[Organism] AND (""18S""[All Fields] OR ""SSU""[All Fields] OR ""small subunit""[All Fields] OR ""18S ribosomal""[All Fields] OR ""SSU rRNA""[All Fields] OR ""ribosomal RNA""[All Fields] OR ""rRNA""[All Fields] OR ""rDNA""[All Fields]) NOT (""whole genome""[Title] OR ""complete genome""[Title] OR ""WGS""[Title] OR ""shotgun""[Title] OR ""mitochondrial""[Title] OR ""mitochondrion""[Title])"
MZ265408.1,ST26,1773,3f9946b19685087273acbb323ce4d0e0,Capra hircus,host_qualifier,Colombia,Unknown,feces,ONT,high,source declares ST26 only,broad_query,2026-08-13T12:29:33.338201+00:00,"Blastocystis[Organism] AND (""18S""[All Fields] OR ""SSU""[All Fields] OR ""small subunit""[All Fields] OR ""18S ribosomal""[All Fields] OR ""SSU rRNA""[All Fields] OR ""ribosomal RNA""[All Fields] OR ""rRNA""[All Fields] OR ""rDNA""[All Fields]) NOT (""whole genome""[Title] OR ""complete genome""[Title] OR ""WGS""[Title] OR ""shotgun""[Title] OR ""mitochondrial""[Title] OR ""mitochondrion""[Title])"
MZ265407.1,ST24,1770,7e64909477c3756f096e97355c4f49cb,Capra hircus,host_qualifier,Colombia,Unknown,feces,ONT,high,source declares ST24 only,broad_query,2026-08-13T12:29:33.338201+00:00,"Blastocystis[Organism] AND (""18S""[All Fields] OR ""SSU""[All Fields] OR ""small subunit""[All Fields] OR ""18S ribosomal""[All Fields] OR ""SSU rRNA""[All Fields] OR ""ribosomal RNA""[All Fields] OR ""rRNA""[All Fields] OR ""rDNA""[All Fields]) NOT (""whole genome""[Title] OR ""complete genome""[Title] OR ""WGS""[Title] OR ""shotgun""[Title] OR ""mitochondrial""[Title] OR ""mitochondrion""[Title])"
MZ265406.1,ST23,1763,66ad973120646d2564e2d6842a455ac9,Capra hircus,host_qualifier,Colombia,Unknown,feces,ONT,high,source declares ST23 only,broad_query,2026-08-13T12:29:33.338201+00:00,"Blastocystis[Organism] AND (""18S""[All Fields] OR ""SSU""[All Fields] OR ""small subunit""[All Fields] OR ""18S ribosomal""[All Fields] OR ""SSU rRNA""[All Fields] OR ""ribosomal RNA""[All Fields] OR ""rRNA""[All Fields] OR ""rDNA""[All Fields]) NOT (""whole genome""[Title] OR ""complete genome""[Title] OR ""WGS""[Title] OR ""shotgun""[Title] OR ""mitochondrial""[Title] OR ""mitochondrion""[Title])"
MZ265404.1,ST10,1767,6b8ff64f11bad7fcd728c63b2da6a656,Capra hircus,host_qualifier,Colombia,Unknown,feces,ONT,high,source declares ST10 only,broad_query,2026-08-13T12:29:33.338201+00:00,"Blastocystis[Organism] AND (""18S""[All Fields] OR ""SSU""[All Fields] OR ""small subunit""[All Fields] OR ""18S ribosomal""[All Fields] OR ""SSU rRNA""[All Fields] OR ""ribosomal RNA""[All Fields] OR ""rRNA""[All Fields] OR ""rDNA""[All Fields]) NOT (""whole genome""[Title] OR ""complete genome""[Title] OR ""WGS""[Title] OR ""shotgun""[Title] OR ""mitochondrial""[Title] OR ""mitochondrion""[Title])"
MZ265403.1,ST32,1776,24962077afa581007eb3b5ebcd0b0acb,Capra hircus,host_qualifier,Colombia,Unknown,feces,ONT,high,source declares ST32 only,broad_query,2026-08-13T12:29:33.338201+00:00,"Blastocystis[Organism] AND (""18S""[All Fields] OR ""SSU""[All Fields] OR ""small subunit""[All Fields] OR ""18S ribosomal""[All Fields] OR ""SSU rRNA""[All Fields] OR ""ribosomal RNA""[All Fields] OR ""rRNA""[All Fields] OR ""rDNA""[All Fields]) NOT (""whole genome""[Title] OR ""complete genome""[Title] OR ""WGS""[Title] OR ""shotgun""[Title] OR ""mitochondrial""[Title] OR ""mitochondrion""[Title])"
MZ267679.1,ST10,1768,dbec9fb220f61bac35a2998f1db7f1ae,Odocoileus virginianus (white-tailed deer),host_qualifier,USA,Unknown,feces,Illumina,high,source declares ST10 only,broad_query,2026-08-13T12:29:33.338201+00:00,"Blastocystis[Organism] AND (""18S""[All Fields] OR ""SSU""[All Fields] OR ""small subunit""[All Fields] OR ""18S ribosomal""[All Fields] OR ""SSU rRNA""[All Fields] OR ""ribosomal RNA""[All Fields] OR ""rRNA""[All Fields] OR ""rDNA""[All Fields]) NOT (""whole genome""[Title] OR ""complete genome""[Title] OR ""WGS""[Title] OR ""shotgun""[Title] OR ""mitochondrial""[Title] OR ""mitochondrion""[Title])"
MZ267678.1,ST30,1776,595b196341424539ddccf250fe3ee6af,Odocoileus virginianus (white-tailed deer),host_qualifier,USA,Unknown,feces,Illumina,high,source declares ST30 only,broad_query,2026-08-13T12:29:33.338201+00:00,"Blastocystis[Organism] AND (""18S""[All Fields] OR ""SSU""[All Fields] OR ""small subunit""[All Fields] OR ""18S ribosomal""[All Fields] OR ""SSU rRNA""[All Fields] OR ""ribosomal RNA""[All Fields] OR ""rRNA""[All Fields] OR ""rDNA""[All Fields]) NOT (""whole genome""[Title] OR ""complete genome""[Title] OR ""WGS""[Title] OR ""shotgun""[Title] OR ""mitochondrial""[Title] OR ""mitochondrion""[Title])"
MZ267677.1,ST30,1774,ca441f75eff248cea09013c75909643e,Odocoileus virginianus (white-tailed deer),host_qualifier,USA,Unknown,feces,Illumina,high,source declares ST30 only,broad_query,2026-08-13T12:29:33.338201+00:00,"Blastocystis[Organism] AND (""18S""[All Fields] OR ""SSU""[All Fields] OR ""small subunit""[All Fields] OR ""18S ribosomal""[All Fields] OR ""SSU rRNA""[All Fields] OR ""ribosomal RNA""[All Fields] OR ""rRNA""[All Fields] OR ""rDNA""[All Fields]) NOT (""whole genome""[Title] OR ""complete genome""[Title] OR ""WGS""[Title] OR ""shotgun""[Title] OR ""mitochondrial""[Title] OR ""mitochondrion""[Title])"
MZ267676.1,ST31,1769,81502922e0104b023a28cc4e83679ebc,Odocoileus virginianus (white-tailed deer),host_qualifier,USA,Unknown,feces,Illumina,high,source declares ST31 only,broad_query,2026-08-13T12:29:33.338201+00:00,"Blastocystis[Organism] AND (""18S""[All Fields] OR ""SSU""[All Fields] OR ""small subunit""[All Fields] OR ""18S ribosomal""[All Fields] OR ""SSU rRNA""[All Fields] OR ""ribosomal RNA""[All Fields] OR ""rRNA""[All Fields] OR ""rDNA""[All Fields]) NOT (""whole genome""[Title] OR ""complete genome""[Title] OR ""WGS""[Title] OR ""shotgun""[Title] OR ""mitochondrial""[Title] OR ""mitochondrion""[Title])"
MZ267675.1,ST10,1768,2c7e9536e2b49ae1963cd3978ef252bb,Odocoileus virginianus (white-tailed deer),host_qualifier,USA,Unknown,feces,Illumina,high,source declares ST10 only,broad_query,2026-08-13T12:29:33.338201+00:00,"Blastocystis[Organism] AND (""18S""[All Fields] OR ""SSU""[All Fields] OR ""small subunit""[All Fields] OR ""18S ribosomal""[All Fields] OR ""SSU rRNA""[All Fields] OR ""ribosomal RNA""[All Fields] OR ""rRNA""[All Fields] OR ""rDNA""[All Fields]) NOT (""whole genome""[Title] OR ""complete genome""[Title] OR ""WGS""[Title] OR ""shotgun""[Title] OR ""mitochondrial""[Title] OR ""mitochondrion""[Title])"
MZ267674.1,ST30,1775,4f8ce39258347cc4a79ba2b3274efb0f,Odocoileus virginianus (white-tailed deer),host_qualifier,USA,Unknown,feces,Illumina,high,source declares ST30 only,broad_query,2026-08-13T12:29:33.338201+00:00,"Blastocystis[Organism] AND (""18S""[All Fields] OR ""SSU""[All Fields] OR ""small subunit""[All Fields] OR ""18S ribosomal""[All Fields] OR ""SSU rRNA""[All Fields] OR ""ribosomal RNA""[All Fields] OR ""rRNA""[All Fields] OR ""rDNA""[All Fields]) NOT (""whole genome""[Title] OR ""complete genome""[Title] OR ""WGS""[Title] OR ""shotgun""[Title] OR ""mitochondrial""[Title] OR ""mitochondrion""[Title])"
MZ452062.1,ST23,1241,1fabec0fabf29d6d574c4a8c43e28c4d,Bos taurus,host_qualifier,China,Unknown,feces,Sanger,high,source declares ST23 only,broad_query,2026-08-13T12:29:33.338201+00:00,"Blastocystis[Organism] AND (""18S""[All Fields] OR ""SSU""[All Fields] OR ""small subunit""[All Fields] OR ""18S ribosomal""[All Fields] OR ""SSU rRNA""[All Fields] OR ""ribosomal RNA""[All Fields] OR ""rRNA""[All Fields] OR ""rDNA""[All Fields]) NOT (""whole genome""[Title] OR ""complete genome""[Title] OR ""WGS""[Title] OR ""shotgun""[Title] OR ""mitochondrial""[Title] OR ""mitochondrion""[Title])"
MZ452061.1,ST21,1242,e5810d3fb582f595b095ccd8c9d5f526,Bos taurus,host_qualifier,China,Unknown,feces,Sanger,high,source declares ST21 only,broad_query,2026-08-13T12:29:33.338201+00:00,"Blastocystis[Organism] AND (""18S""[All Fields] OR ""SSU""[All Fields] OR ""small subunit""[All Fields] OR ""18S ribosomal""[All Fields] OR ""SSU rRNA""[All Fields] OR ""ribosomal RNA""[All Fields] OR ""rRNA""[All Fields] OR ""rDNA""[All Fields]) NOT (""whole genome""[Title] OR ""complete genome""[Title] OR ""WGS""[Title] OR ""shotgun""[Title] OR ""mitochondrial""[Title] OR ""mitochondrion""[Title])"
MT453999.1,ST26,1027,aac925ff9bbe16cd41b84fe363c2fc4f,Bos taurus,host_qualifier,China,Unknown,feces,Sanger,high,source declares ST26 only,broad_query,2026-08-13T12:29:33.338201+00:00,"Blastocystis[Organism] AND (""18S""[All Fields] OR ""SSU""[All Fields] OR ""small subunit""[All Fields] OR ""18S ribosomal""[All Fields] OR ""SSU rRNA""[All Fields] OR ""ribosomal RNA""[All Fields] OR ""rRNA""[All Fields] OR ""rDNA""[All Fields]) NOT (""whole genome""[Title] OR ""complete genome""[Title] OR ""WGS""[Title] OR ""shotgun""[Title] OR ""mitochondrial""[Title] OR ""mitochondrion""[Title])"
MT453998.1,ST26,1029,c96d2cdb6d0354779f5910acfae73762,Bos taurus,host_qualifier,China,Unknown,feces,Sanger,high,source declares ST26 only,broad_query,2026-08-13T12:29:33.338201+00:00,"Blastocystis[Organism] AND (""18S""[All Fields] OR ""SSU""[All Fields] OR ""small subunit""[All Fields] OR ""18S ribosomal""[All Fields] OR ""SSU rRNA""[All Fields] OR ""ribosomal RNA""[All Fields] OR ""rRNA""[All Fields] OR ""rDNA""[All Fields]) NOT (""whole genome""[Title] OR ""complete genome""[Title] OR ""WGS""[Title] OR ""shotgun""[Title] OR ""mitochondrial""[Title] OR ""mitochondrion""[Title])"
MW887935.1,ST28,1808,17f3bfb4f06ed52d9a451fa4c097c630,Indian peafowl,host_qualifier,Brazil,Unknown,feces,ONT,high,source declares ST28 only,broad_query,2026-08-13T12:29:33.338201+00:00,"Blastocystis[Organism] AND (""18S""[All Fields] OR ""SSU""[All Fields] OR ""small subunit""[All Fields] OR ""18S ribosomal""[All Fields] OR ""SSU rRNA""[All Fields] OR ""ribosomal RNA""[All Fields] OR ""rRNA""[All Fields] OR ""rDNA""[All Fields]) NOT (""whole genome""[Title] OR ""complete genome""[Title] OR ""WGS""[Title] OR ""shotgun""[Title] OR ""mitochondrial""[Title] OR ""mitochondrion""[Title])"
MW887934.1,ST27,1729,9d35cf3205e8815b4467cd5537b47a37,Indian peafowl,host_qualifier,Brazil,Unknown,feces,ONT,high,source declares ST27 only,broad_query,2026-08-13T12:29:33.338201+00:00,"Blastocystis[Organism] AND (""18S""[All Fields] OR ""SSU""[All Fields] OR ""small subunit""[All Fields] OR ""18S ribosomal""[All Fields] OR ""SSU rRNA""[All Fields] OR ""ribosomal RNA""[All Fields] OR ""rRNA""[All Fields] OR ""rDNA""[All Fields]) NOT (""whole genome""[Title] OR ""complete genome""[Title] OR ""WGS""[Title] OR ""shotgun""[Title] OR ""mitochondrial""[Title] OR ""mitochondrion""[Title])"
MW887933.1,ST25,1782,b2f91cff411506c8addfe36f926732ca,Bos taurus,host_qualifier,USA,Unknown,feces,ONT,high,source declares ST25 only,broad_query,2026-08-13T12:29:33.338201+00:00,"Blastocystis[Organism] AND (""18S""[All Fields] OR ""SSU""[All Fields] OR ""small subunit""[All Fields] OR ""18S ribosomal""[All Fields] OR ""SSU rRNA""[All Fields] OR ""ribosomal RNA""[All Fields] OR ""rRNA""[All Fields] OR ""rDNA""[All Fields]) NOT (""whole genome""[Title] OR ""complete genome""[Title] OR ""WGS""[Title] OR ""shotgun""[Title] OR ""mitochondrial""[Title] OR ""mitochondrion""[Title])"
MW887932.1,ST26,1785,c5bb51b22a235ad9e96b38952d9031f8,Bos taurus,host_qualifier,USA,Unknown,feces,ONT,high,source declares ST26 only,broad_query,2026-08-13T12:29:33.338201+00:00,"Blastocystis[Organism] AND (""18S""[All Fields] OR ""SSU""[All Fields] OR ""small subunit""[All Fields] OR ""18S ribosomal""[All Fields] OR ""SSU rRNA""[All Fields] OR ""ribosomal RNA""[All Fields] OR ""rRNA""[All Fields] OR ""rDNA""[All Fields]) NOT (""whole genome""[Title] OR ""complete genome""[Title] OR ""WGS""[Title] OR ""shotgun""[Title] OR ""mitochondrial""[Title] OR ""mitochondrion""[Title])"
MW887931.1,ST23,1777,d26456d57d78aeeb6f4ae25365599acd,Bos taurus,host_qualifier,USA,Unknown,feces,ONT,high,source declares ST23 only,broad_query,2026-08-13T12:29:33.338201+00:00,"Blastocystis[Organism] AND (""18S""[All Fields] OR ""SSU""[All Fields] OR ""small subunit""[All Fields] OR ""18S ribosomal""[All Fields] OR ""SSU rRNA""[All Fields] OR ""ribosomal RNA""[All Fields] OR ""rRNA""[All Fields] OR ""rDNA""[All Fields]) NOT (""whole genome""[Title] OR ""complete genome""[Title] OR ""WGS""[Title] OR ""shotgun""[Title] OR ""mitochondrial""[Title] OR ""mitochondrion""[Title])"
MW887930.1,ST24,1770,57246a83766287ea27423393e7c72c41,White-tailed deer,host_qualifier,USA,Unknown,feces,ONT,high,source declares ST24 only,broad_query,2026-08-13T12:29:33.338201+00:00,"Blastocystis[Organism] AND (""18S""[All Fields] OR ""SSU""[All Fields] OR ""small subunit""[All Fields] OR ""18S ribosomal""[All Fields] OR ""SSU rRNA""[All Fields] OR ""ribosomal RNA""[All Fields] OR ""rRNA""[All Fields] OR ""rDNA""[All Fields]) NOT (""whole genome""[Title] OR ""complete genome""[Title] OR ""WGS""[Title] OR ""shotgun""[Title] OR ""mitochondrial""[Title] OR ""mitochondrion""[Title])"
MW887929.1,ST21,1776,8f8cc440f82bbc4ea2d5d70685d43c02,White-tailed deer,host_qualifier,USA,Unknown,feces,ONT,high,source declares ST21 only,broad_query,2026-08-13T12:29:33.338201+00:00,"Blastocystis[Organism] AND (""18S""[All Fields] OR ""SSU""[All Fields] OR ""small subunit""[All Fields] OR ""18S ribosomal""[All Fields] OR ""SSU rRNA""[All Fields] OR ""ribosomal RNA""[All Fields] OR ""rRNA""[All Fields] OR ""rDNA""[All Fields]) NOT (""whole genome""[Title] OR ""complete genome""[Title] OR ""WGS""[Title] OR ""shotgun""[Title] OR ""mitochondrial""[Title] OR ""mitochondrion""[Title])"
MW887928.1,ST24,1769,e8e0f861bba57454279a5462d8bde9c1,White-tailed deer,host_qualifier,USA,Unknown,feces,ONT,high,source declares ST24 only,broad_query,2026-08-13T12:29:33.338201+00:00,"Blastocystis[Organism] AND (""18S""[All Fields] OR ""SSU""[All Fields] OR ""small subunit""[All Fields] OR ""18S ribosomal""[All Fields] OR ""SSU rRNA""[All Fields] OR ""ribosomal RNA""[All Fields] OR ""rRNA""[All Fields] OR ""rDNA""[All Fields]) NOT (""whole genome""[Title] OR ""complete genome""[Title] OR ""WGS""[Title] OR ""shotgun""[Title] OR ""mitochondrial""[Title] OR ""mitochondrion""[Title])"
MW538478.1,ST6,1738,f14eeb4d0ac274f30c8615902f7c3986,Gallus gallus,host_qualifier,Brazil,Unknown,feces,Sanger,high,source declares ST6 only,broad_query,2026-08-13T12:29:33.338201+00:00,"Blastocystis[Organism] AND (""18S""[All Fields] OR ""SSU""[All Fields] OR ""small subunit""[All Fields] OR ""18S ribosomal""[All Fields] OR ""SSU rRNA""[All Fields] OR ""ribosomal RNA""[All Fields] OR ""rRNA""[All Fields] OR ""rDNA""[All Fields]) NOT (""whole genome""[Title] OR ""complete genome""[Title] OR ""WGS""[Title] OR ""shotgun""[Title] OR ""mitochondrial""[Title] OR ""mitochondrion""[Title])"
MW538477.1,ST7,1787,c6f0d411113b8f3874354b867e824011,Gallus gallus,host_qualifier,Brazil,Unknown,feces,Sanger,high,source declares ST7 only,broad_query,2026-08-13T12:29:33.338201+00:00,"Blastocystis[Organism] AND (""18S""[All Fields] OR ""SSU""[All Fields] OR ""small subunit""[All Fields] OR ""18S ribosomal""[All Fields] OR ""SSU rRNA""[All Fields] OR ""ribosomal RNA""[All Fields] OR ""rRNA""[All Fields] OR ""rDNA""[All Fields]) NOT (""whole genome""[Title] OR ""complete genome""[Title] OR ""WGS""[Title] OR ""shotgun""[Title] OR ""mitochondrial""[Title] OR ""mitochondrion""[Title])"
MW538476.1,ST7,1786,b892165970b2aac495269c67ee86c2bf,Gallus gallus,host_qualifier,Brazil,Unknown,feces,Sanger,high,source declares ST7 only,broad_query,2026-08-13T12:29:33.338201+00:00,"Blastocystis[Organism] AND (""18S""[All Fields] OR ""SSU""[All Fields] OR ""small subunit""[All Fields] OR ""18S ribosomal""[All Fields] OR ""SSU rRNA""[All Fields] OR ""ribosomal RNA""[All Fields] OR ""rRNA""[All Fields] OR ""rDNA""[All Fields]) NOT (""whole genome""[Title] OR ""complete genome""[Title] OR ""WGS""[Title] OR ""shotgun""[Title] OR ""mitochondrial""[Title] OR ""mitochondrion""[Title])"
MW538475.1,ST7,1813,9f60a2b98bf84b36b3c637ae20b09c24,Gallus gallus,host_qualifier,Brazil,Unknown,feces,Sanger,high,source declares ST7 only,broad_query,2026-08-13T12:29:33.338201+00:00,"Blastocystis[Organism] AND (""18S""[All Fields] OR ""SSU""[All Fields] OR ""small subunit""[All Fields] OR ""18S ribosomal""[All Fields] OR ""SSU rRNA""[All Fields] OR ""ribosomal RNA""[All Fields] OR ""rRNA""[All Fields] OR ""rDNA""[All Fields]) NOT (""whole genome""[Title] OR ""complete genome""[Title] OR ""WGS""[Title] OR ""shotgun""[Title] OR ""mitochondrial""[Title] OR ""mitochondrion""[Title])"
MW538474.1,ST7,1792,522ce6e91398374b2196d42262519900,Gallus gallus,host_qualifier,Brazil,Unknown,feces,Sanger,high,source declares ST7 only,broad_query,2026-08-13T12:29:33.338201+00:00,"Blastocystis[Organism] AND (""18S""[All Fields] OR ""SSU""[All Fields] OR ""small subunit""[All Fields] OR ""18S ribosomal""[All Fields] OR ""SSU rRNA""[All Fields] OR ""ribosomal RNA""[All Fields] OR ""rRNA""[All Fields] OR ""rDNA""[All Fields]) NOT (""whole genome""[Title] OR ""complete genome""[Title] OR ""WGS""[Title] OR ""shotgun""[Title] OR ""mitochondrial""[Title] OR ""mitochondrion""[Title])"
MW538473.1,ST29,1776,8ca704244e2f5afb23a76422776fca25,Gallus gallus,host_qualifier,Brazil,Unknown,feces,Sanger,high,source declares ST29 only,broad_query,2026-08-13T12:29:33.338201+00:00,"Blastocystis[Organism] AND (""18S""[All Fields] OR ""SSU""[All Fields] OR ""small subunit""[All Fields] OR ""18S ribosomal""[All Fields] OR ""SSU rRNA""[All Fields] OR ""ribosomal RNA""[All Fields] OR ""rRNA""[All Fields] OR ""rDNA""[All Fields]) NOT (""whole genome""[Title] OR ""complete genome""[Title] OR ""WGS""[Title] OR ""shotgun""[Title] OR ""mitochondrial""[Title] OR ""mitochondrion""[Title])"
MW737700.1,ST14,1052,23ba2040f9b3c461827416cae9b8f6ee,Bos taurus,host_qualifier,China: Yunnan,Aug-2020,feces,Sanger,high,source declares ST14 only,broad_query,2026-08-13T12:29:33.338201+00:00,"Blastocystis[Organism] AND (""18S""[All Fields] OR ""SSU""[All Fields] OR ""small subunit""[All Fields] OR ""18S ribosomal""[All Fields] OR ""SSU rRNA""[All Fields] OR ""ribosomal RNA""[All Fields] OR ""rRNA""[All Fields] OR ""rDNA""[All Fields]) NOT (""whole genome""[Title] OR ""complete genome""[Title] OR ""WGS""[Title] OR ""shotgun""[Title] OR ""mitochondrial""[Title] OR ""mitochondrion""[Title])"
MW737699.1,ST14,1126,4745ab9d0311481e3e562cf86ddc0562,Bos taurus,host_qualifier,China: Yunnan,Aug-2020,feces,Sanger,high,source declares ST14 only,broad_query,2026-08-13T12:29:33.338201+00:00,"Blastocystis[Organism] AND (""18S""[All Fields] OR ""SSU""[All Fields] OR ""small subunit""[All Fields] OR ""18S ribosomal""[All Fields] OR ""SSU rRNA""[All Fields] OR ""ribosomal RNA""[All Fields] OR ""rRNA""[All Fields] OR ""rDNA""[All Fields]) NOT (""whole genome""[Title] OR ""complete genome""[Title] OR ""WGS""[Title] OR ""shotgun""[Title] OR ""mitochondrial""[Title] OR ""mitochondrion""[Title])"
MW737696.1,ST12,1052,5450a74e9b41277d307830484dc66ffe,Bos taurus,host_qualifier,China: Yunnan,Aug-2020,feces,Sanger,high,source declares ST12 only,broad_query,2026-08-13T12:29:33.338201+00:00,"Blastocystis[Organism] AND (""18S""[All Fields] OR ""SSU""[All Fields] OR ""small subunit""[All Fields] OR ""18S ribosomal""[All Fields] OR ""SSU rRNA""[All Fields] OR ""ribosomal RNA""[All Fields] OR ""rRNA""[All Fields] OR ""rDNA""[All Fields]) NOT (""whole genome""[Title] OR ""complete genome""[Title] OR ""WGS""[Title] OR ""shotgun""[Title] OR ""mitochondrial""[Title] OR ""mitochondrion""[Title])"
MW737693.1,ST10,1062,a00a513973c21ba8ad1c624c90c357c3,Bos taurus,host_qualifier,China: Yunnan,Aug-2020,feces,Sanger,high,source declares ST10 only,broad_query,2026-08-13T12:29:33.338201+00:00,"Blastocystis[Organism] AND (""18S""[All Fields] OR ""SSU""[All Fields] OR ""small subunit""[All Fields] OR ""18S ribosomal""[All Fields] OR ""SSU rRNA""[All Fields] OR ""ribosomal RNA""[All Fields] OR ""rRNA""[All Fields] OR ""rDNA""[All Fields]) NOT (""whole genome""[Title] OR ""complete genome""[Title] OR ""WGS""[Title] OR ""shotgun""[Title] OR ""mitochondrial""[Title] OR ""mitochondrion""[Title])"
MW737692.1,ST10,1039,9f502a907be275c7a9ac899273724cb2,Bos taurus,host_qualifier,China: Yunnan,Aug-2020,feces,Sanger,high,source declares ST10 only,broad_query,2026-08-13T12:29:33.338201+00:00,"Blastocystis[Organism] AND (""18S""[All Fields] OR ""SSU""[All Fields] OR ""small subunit""[All Fields] OR ""18S ribosomal""[All Fields] OR ""SSU rRNA""[All Fields] OR ""ribosomal RNA""[All Fields] OR ""rRNA""[All Fields] OR ""rDNA""[All Fields]) NOT (""whole genome""[Title] OR ""complete genome""[Title] OR ""WGS""[Title] OR ""shotgun""[Title] OR ""mitochondrial""[Title] OR ""mitochondrion""[Title])"
MW737690.1,ST10,1054,bea9d115b2f75c6b9b4a3053d438b439,Bos taurus,host_qualifier,China: Yunnan,Aug-2020,feces,Sanger,high,source declares ST10 only,broad_query,2026-08-13T12:29:33.338201+00:00,"Blastocystis[Organism] AND (""18S""[All Fields] OR ""SSU""[All Fields] OR ""small subunit""[All Fields] OR ""18S ribosomal""[All Fields] OR ""SSU rRNA""[All Fields] OR ""ribosomal RNA""[All Fields] OR ""rRNA""[All Fields] OR ""rDNA""[All Fields]) NOT (""whole genome""[Title] OR ""complete genome""[Title] OR ""WGS""[Title] OR ""shotgun""[Title] OR ""mitochondrial""[Title] OR ""mitochondrion""[Title])"
MW737689.1,ST10,1052,745c23949f3a2f573a0dd0cc34b0041d,Bos taurus,host_qualifier,China: Yunnan,Aug-2020,feces,Sanger,high,source declares ST10 only,broad_query,2026-08-13T12:29:33.338201+00:00,"Blastocystis[Organism] AND (""18S""[All Fields] OR ""SSU""[All Fields] OR ""small subunit""[All Fields] OR ""18S ribosomal""[All Fields] OR ""SSU rRNA""[All Fields] OR ""ribosomal RNA""[All Fields] OR ""rRNA""[All Fields] OR ""rDNA""[All Fields]) NOT (""whole genome""[Title] OR ""complete genome""[Title] OR ""WGS""[Title] OR ""shotgun""[Title] OR ""mitochondrial""[Title] OR ""mitochondrion""[Title])"
MW737688.1,ST3,1093,a2f9bf13aae43cec72264652548740a2,Bos taurus,host_qualifier,China: Yunnan,Aug-2020,feces,Sanger,high,source declares ST3 only,broad_query,2026-08-13T12:29:33.338201+00:00,"Blastocystis[Organism] AND (""18S""[All Fields] OR ""SSU""[All Fields] OR ""small subunit""[All Fields] OR ""18S ribosomal""[All Fields] OR ""SSU rRNA""[All Fields] OR ""ribosomal RNA""[All Fields] OR ""rRNA""[All Fields] OR ""rDNA""[All Fields]) NOT (""whole genome""[Title] OR ""complete genome""[Title] OR ""WGS""[Title] OR ""shotgun""[Title] OR ""mitochondrial""[Title] OR ""mitochondrion""[Title])"
MT898459.1,ST14,1771,5c11f6ed1f65cade7b98528c5879f549,Bos taurus,host_qualifier,USA,Unknown,feces,ONT,high,source declares ST14 only,broad_query,2026-08-13T12:29:33.338201+00:00,"Blastocystis[Organism] AND (""18S""[All Fields] OR ""SSU""[All Fields] OR ""small subunit""[All Fields] OR ""18S ribosomal""[All Fields] OR ""SSU rRNA""[All Fields] OR ""ribosomal RNA""[All Fields] OR ""rRNA""[All Fields] OR ""rDNA""[All Fields]) NOT (""whole genome""[Title] OR ""complete genome""[Title] OR ""WGS""[Title] OR ""shotgun""[Title] OR ""mitochondrial""[Title] OR ""mitochondrion""[Title])"
MT898458.1,ST14,1771,7eba206c55371077aea5fcae8bf16703,Bos taurus,host_qualifier,USA,Unknown,feces,ONT,high,source declares ST14 only,broad_query,2026-08-13T12:29:33.338201+00:00,"Blastocystis[Organism] AND (""18S""[All Fields] OR ""SSU""[All Fields] OR ""small subunit""[All Fields] OR ""18S ribosomal""[All Fields] OR ""SSU rRNA""[All Fields] OR ""ribosomal RNA""[All Fields] OR ""rRNA""[All Fields] OR ""rDNA""[All Fields]) NOT (""whole genome""[Title] OR ""complete genome""[Title] OR ""WGS""[Title] OR ""shotgun""[Title] OR ""mitochondrial""[Title] OR ""mitochondrion""[Title])"
MT898457.1,ST10,1770,b5f49d6ff4132c63e7bdcab3fef976ed,Bos taurus,host_qualifier,USA,Unknown,feces,ONT,high,source declares ST10 only,broad_query,2026-08-13T12:29:33.338201+00:00,"Blastocystis[Organism] AND (""18S""[All Fields] OR ""SSU""[All Fields] OR ""small subunit""[All Fields] OR ""18S ribosomal""[All Fields] OR ""SSU rRNA""[All Fields] OR ""ribosomal RNA""[All Fields] OR ""rRNA""[All Fields] OR ""rDNA""[All Fields]) NOT (""whole genome""[Title] OR ""complete genome""[Title] OR ""WGS""[Title] OR ""shotgun""[Title] OR ""mitochondrial""[Title] OR ""mitochondrion""[Title])"
MT898456.1,ST10,1770,9897b8656047cb5a132487ef68fc8e39,Bos taurus,host_qualifier,USA,Unknown,feces,ONT,high,source declares ST10 only,broad_query,2026-08-13T12:29:33.338201+00:00,"Blastocystis[Organism] AND (""18S""[All Fields] OR ""SSU""[All Fields] OR ""small subunit""[All Fields] OR ""18S ribosomal""[All Fields] OR ""SSU rRNA""[All Fields] OR ""ribosomal RNA""[All Fields] OR ""rRNA""[All Fields] OR ""rDNA""[All Fields]) NOT (""whole genome""[Title] OR ""complete genome""[Title] OR ""WGS""[Title] OR ""shotgun""[Title] OR ""mitochondrial""[Title] OR ""mitochondrion""[Title])"
MT898455.1,ST11,1763,287708dabe713212f6e3a80d84b21d9a,Elephant,host_qualifier,USA,Unknown,feces,ONT,high,source declares ST11 only,broad_query,2026-08-13T12:29:33.338201+00:00,"Blastocystis[Organism] AND (""18S""[All Fields] OR ""SSU""[All Fields] OR ""small subunit""[All Fields] OR ""18S ribosomal""[All Fields] OR ""SSU rRNA""[All Fields] OR ""ribosomal RNA""[All Fields] OR ""rRNA""[All Fields] OR ""rDNA""[All Fields]) NOT (""whole genome""[Title] OR ""complete genome""[Title] OR ""WGS""[Title] OR ""shotgun""[Title] OR ""mitochondrial""[Title] OR ""mitochondrion""[Title])"
MT898454.1,ST11,1762,89f02f5df748bbad7ee11eb15d289865,Elephant,host_qualifier,USA,Unknown,feces,ONT,high,source declares ST11 only,broad_query,2026-08-13T12:29:33.338201+00:00,"Blastocystis[Organism] AND (""18S""[All Fields] OR ""SSU""[All Fields] OR ""small subunit""[All Fields] OR ""18S ribosomal""[All Fields] OR ""SSU rRNA""[All Fields] OR ""ribosomal RNA""[All Fields] OR ""rRNA""[All Fields] OR ""rDNA""[All Fields]) NOT (""whole genome""[Title] OR ""complete genome""[Title] OR ""WGS""[Title] OR ""shotgun""[Title] OR ""mitochondrial""[Title] OR ""mitochondrion""[Title])"
MT898453.1,ST4,1773,d061b8a3e6d08b59c812ebebd8ab67a3,Homo sapiens,host_qualifier,Spain,Unknown,feces,ONT,high,source declares ST4 only,broad_query,2026-08-13T12:29:33.338201+00:00,"Blastocystis[Organism] AND (""18S""[All Fields] OR ""SSU""[All Fields] OR ""small subunit""[All Fields] OR ""18S ribosomal""[All Fields] OR ""SSU rRNA""[All Fields] OR ""ribosomal RNA""[All Fields] OR ""rRNA""[All Fields] OR ""rDNA""[All Fields]) NOT (""whole genome""[Title] OR ""complete genome""[Title] OR ""WGS""[Title] OR ""shotgun""[Title] OR ""mitochondrial""[Title] OR ""mitochondrion""[Title])"
MT898452.1,ST4,1772,9a268a2cfa52c80c02df6be01c24f1cc,Homo sapiens,host_qualifier,USA,Unknown,culture,ONT,high,source declares ST4 only,broad_query,2026-08-13T12:29:33.338201+00:00,"Blastocystis[Organism] AND (""18S""[All Fields] OR ""SSU""[All Fields] OR ""small subunit""[All Fields] OR ""18S ribosomal""[All Fields] OR ""SSU rRNA""[All Fields] OR ""ribosomal RNA""[All Fields] OR ""rRNA""[All Fields] OR ""rDNA""[All Fields]) NOT (""whole genome""[Title] OR ""complete genome""[Title] OR ""WGS""[Title] OR ""shotgun""[Title] OR ""mitochondrial""[Title] OR ""mitochondrion""[Title])"
MT898451.1,ST1,1766,e17a78460419c45e27cc00a26eb74f4b,Homo sapiens,host_qualifier,USA,Unknown,culture,ONT,high,source declares ST1 only,broad_query,2026-08-13T12:29:33.338201+00:00,"Blastocystis[Organism] AND (""18S""[All Fields] OR ""SSU""[All Fields] OR ""small subunit""[All Fields] OR ""18S ribosomal""[All Fields] OR ""SSU rRNA""[All Fields] OR ""ribosomal RNA""[All Fields] OR ""rRNA""[All Fields] OR ""rDNA""[All Fields]) NOT (""whole genome""[Title] OR ""complete genome""[Title] OR ""WGS""[Title] OR ""shotgun""[Title] OR ""mitochondrial""[Title] OR ""mitochondrion""[Title])"
MW228072.1,ST10,1161,7a9c3deea48ed43d82643501b6a8509e,Bos taurus,host_qualifier,China,Unknown,feces,Sanger,high,source declares ST10 only,broad_query,2026-08-13T12:29:33.338201+00:00,"Blastocystis[Organism] AND (""18S""[All Fields] OR ""SSU""[All Fields] OR ""small subunit""[All Fields] OR ""18S ribosomal""[All Fields] OR ""SSU rRNA""[All Fields] OR ""ribosomal RNA""[All Fields] OR ""rRNA""[All Fields] OR ""rDNA""[All Fields]) NOT (""whole genome""[Title] OR ""complete genome""[Title] OR ""WGS""[Title] OR ""shotgun""[Title] OR ""mitochondrial""[Title] OR ""mitochondrion""[Title])"
MW228071.1,ST10,1145,0d4ebf61f8aab14da3afcced155c6102,Bos taurus,host_qualifier,China,Unknown,feces,Sanger,high,source declares ST10 only,broad_query,2026-08-13T12:29:33.338201+00:00,"Blastocystis[Organism] AND (""18S""[All Fields] OR ""SSU""[All Fields] OR ""small subunit""[All Fields] OR ""18S ribosomal""[All Fields] OR ""SSU rRNA""[All Fields] OR ""ribosomal RNA""[All Fields] OR ""rRNA""[All Fields] OR ""rDNA""[All Fields]) NOT (""whole genome""[Title] OR ""complete genome""[Title] OR ""WGS""[Title] OR ""shotgun""[Title] OR ""mitochondrial""[Title] OR ""mitochondrion""[Title])"
MN914082.1,ST3,1729,abb0f2a1f99b0852ca29eadddf5d24fa,human feaces,isolation_source,Germany,Unknown,human feaces,Ion Torrent,high,source declares ST3 only,broad_query,2026-08-13T12:29:33.338201+00:00,"Blastocystis[Organism] AND (""18S""[All Fields] OR ""SSU""[All Fields] OR ""small subunit""[All Fields] OR ""18S ribosomal""[All Fields] OR ""SSU rRNA""[All Fields] OR ""ribosomal RNA""[All Fields] OR ""rRNA""[All Fields] OR ""rDNA""[All Fields]) NOT (""whole genome""[Title] OR ""complete genome""[Title] OR ""WGS""[Title] OR ""shotgun""[Title] OR ""mitochondrial""[Title] OR ""mitochondrion""[Title])"
MN914081.1,ST3,1602,45e159ab0f11e7badd0645ec75430b07,human feaces,isolation_source,Germany,Unknown,human feaces,Ion Torrent,high,source declares ST3 only,broad_query,2026-08-13T12:29:33.338201+00:00,"Blastocystis[Organism] AND (""18S""[All Fields] OR ""SSU""[All Fields] OR ""small subunit""[All Fields] OR ""18S ribosomal""[All Fields] OR ""SSU rRNA""[All Fields] OR ""ribosomal RNA""[All Fields] OR ""rRNA""[All Fields] OR ""rDNA""[All Fields]) NOT (""whole genome""[Title] OR ""complete genome""[Title] OR ""WGS""[Title] OR ""shotgun""[Title] OR ""mitochondrial""[Title] OR ""mitochondrion""[Title])"
MN914080.1,ST3,1592,2f4e937f44e22c4724779046ad4ecac2,human feaces,isolation_source,Germany,Unknown,human feaces,Ion Torrent,high,source declares ST3 only,broad_query,2026-08-13T12:29:33.338201+00:00,"Blastocystis[Organism] AND (""18S""[All Fields] OR ""SSU""[All Fields] OR ""small subunit""[All Fields] OR ""18S ribosomal""[All Fields] OR ""SSU rRNA""[All Fields] OR ""ribosomal RNA""[All Fields] OR ""rRNA""[All Fields] OR ""rDNA""[All Fields]) NOT (""whole genome""[Title] OR ""complete genome""[Title] OR ""WGS""[Title] OR ""shotgun""[Title] OR ""mitochondrial""[Title] OR ""mitochondrion""[Title])"
MN914078.1,ST1,1235,4577cf37f2d28d223e531be2d861bfe8,human feaces,isolation_source,Germany,Unknown,human feaces,Ion Torrent,high,source declares ST1 only,broad_query,2026-08-13T12:29:33.338201+00:00,"Blastocystis[Organism] AND (""18S""[All Fields] OR ""SSU""[All Fields] OR ""small subunit""[All Fields] OR ""18S ribosomal""[All Fields] OR ""SSU rRNA""[All Fields] OR ""ribosomal RNA""[All Fields] OR ""rRNA""[All Fields] OR ""rDNA""[All Fields]) NOT (""whole genome""[Title] OR ""complete genome""[Title] OR ""WGS""[Title] OR ""shotgun""[Title] OR ""mitochondrial""[Title] OR ""mitochondrion""[Title])"
MN914076.1,ST1,1614,3b7ffa07d719fcce1d1a08553adbe051,human feaces,isolation_source,Germany,Unknown,human feaces,Ion Torrent,high,source declares ST1 only,broad_query,2026-08-13T12:29:33.338201+00:00,"Blastocystis[Organism] AND (""18S""[All Fields] OR ""SSU""[All Fields] OR ""small subunit""[All Fields] OR ""18S ribosomal""[All Fields] OR ""SSU rRNA""[All Fields] OR ""ribosomal RNA""[All Fields] OR ""rRNA""[All Fields] OR ""rDNA""[All Fields]) NOT (""whole genome""[Title] OR ""complete genome""[Title] OR ""WGS""[Title] OR ""shotgun""[Title] OR ""mitochondrial""[Title] OR ""mitochondrion""[Title])"
MN914075.1,ST1,1665,0c0a5283eaba0aefc2e91761745f44b2,human feaces,isolation_source,Germany,Unknown,human feaces,Ion Torrent,high,source declares ST1 only,broad_query,2026-08-13T12:29:33.338201+00:00,"Blastocystis[Organism] AND (""18S""[All Fields] OR ""SSU""[All Fields] OR ""small subunit""[All Fields] OR ""18S ribosomal""[All Fields] OR ""SSU rRNA""[All Fields] OR ""ribosomal RNA""[All Fields] OR ""rRNA""[All Fields] OR ""rDNA""[All Fields]) NOT (""whole genome""[Title] OR ""complete genome""[Title] OR ""WGS""[Title] OR ""shotgun""[Title] OR ""mitochondrial""[Title] OR ""mitochondrion""[Title])"
MN914073.1,ST3,1715,79d651d4fb78eb4203d85008ed59ee16,human feaces,isolation_source,Germany,Unknown,human feaces,Ion Torrent,high,source declares ST3 only,broad_query,2026-08-13T12:29:33.338201+00:00,"Blastocystis[Organism] AND (""18S""[All Fields] OR ""SSU""[All Fields] OR ""small subunit""[All Fields] OR ""18S ribosomal""[All Fields] OR ""SSU rRNA""[All Fields] OR ""ribosomal RNA""[All Fields] OR ""rRNA""[All Fields] OR ""rDNA""[All Fields]) NOT (""whole genome""[Title] OR ""complete genome""[Title] OR ""WGS""[Title] OR ""shotgun""[Title] OR ""mitochondrial""[Title] OR ""mitochondrion""[Title])"
MN914072.1,ST1,1678,7516c47a737edf73a9e5c84eae0e185e,human feaces,isolation_source,Germany,Unknown,human feaces,Ion Torrent,high,source declares ST1 only,broad_query,2026-08-13T12:29:33.338201+00:00,"Blastocystis[Organism] AND (""18S""[All Fields] OR ""SSU""[All Fields] OR ""small subunit""[All Fields] OR ""18S ribosomal""[All Fields] OR ""SSU rRNA""[All Fields] OR ""ribosomal RNA""[All Fields] OR ""rRNA""[All Fields] OR ""rDNA""[All Fields]) NOT (""whole genome""[Title] OR ""complete genome""[Title] OR ""WGS""[Title] OR ""shotgun""[Title] OR ""mitochondrial""[Title] OR ""mitochondrion""[Title])"
MK801422.1,ST15,1878,cb17e2109dd30e5ecea7eec862addcca,Sus scrofa domesticus,host_qualifier,Germany,Unknown,feces,Ion Torrent,high,source declares ST15 only,broad_query,2026-08-13T12:29:33.338201+00:00,"Blastocystis[Organism] AND (""18S""[All Fields] OR ""SSU""[All Fields] OR ""small subunit""[All Fields] OR ""18S ribosomal""[All Fields] OR ""SSU rRNA""[All Fields] OR ""ribosomal RNA""[All Fields] OR ""rRNA""[All Fields] OR ""rDNA""[All Fields]) NOT (""whole genome""[Title] OR ""complete genome""[Title] OR ""WGS""[Title] OR ""shotgun""[Title] OR ""mitochondrial""[Title] OR ""mitochondrion""[Title])"
MK801421.1,ST5,1740,85cc1df437b448ae62f0ef68756d6478,Sus scrofa domesticus,host_qualifier,Germany,Unknown,feces,Ion Torrent,high,source declares ST5 only,broad_query,2026-08-13T12:29:33.338201+00:00,"Blastocystis[Organism] AND (""18S""[All Fields] OR ""SSU""[All Fields] OR ""small subunit""[All Fields] OR ""18S ribosomal""[All Fields] OR ""SSU rRNA""[All Fields] OR ""ribosomal RNA""[All Fields] OR ""rRNA""[All Fields] OR ""rDNA""[All Fields]) NOT (""whole genome""[Title] OR ""complete genome""[Title] OR ""WGS""[Title] OR ""shotgun""[Title] OR ""mitochondrial""[Title] OR ""mitochondrion""[Title])"
MK801420.1,ST15,1858,53ee8adf15a2b4450c42e96d3604fa76,Sus scrofa domesticus,host_qualifier,Romania,Unknown,feces,Ion Torrent,high,source declares ST15 only,broad_query,2026-08-13T12:29:33.338201+00:00,"Blastocystis[Organism] AND (""18S""[All Fields] OR ""SSU""[All Fields] OR ""small subunit""[All Fields] OR ""18S ribosomal""[All Fields] OR ""SSU rRNA""[All Fields] OR ""ribosomal RNA""[All Fields] OR ""rRNA""[All Fields] OR ""rDNA""[All Fields]) NOT (""whole genome""[Title] OR ""complete genome""[Title] OR ""WGS""[Title] OR ""shotgun""[Title] OR ""mitochondrial""[Title] OR ""mitochondrion""[Title])"
MK801419.1,ST5,1776,80607dccc9214e3b3ac345a5576f4fda,Sus scrofa domesticus,host_qualifier,Romania,Unknown,feces,Ion Torrent,high,source declares ST5 only,broad_query,2026-08-13T12:29:33.338201+00:00,"Blastocystis[Organism] AND (""18S""[All Fields] OR ""SSU""[All Fields] OR ""small subunit""[All Fields] OR ""18S ribosomal""[All Fields] OR ""SSU rRNA""[All Fields] OR ""ribosomal RNA""[All Fields] OR ""rRNA""[All Fields] OR ""rDNA""[All Fields]) NOT (""whole genome""[Title] OR ""complete genome""[Title] OR ""WGS""[Title] OR ""shotgun""[Title] OR ""mitochondrial""[Title] OR ""mitochondrion""[Title])"
MK801418.1,ST5,1748,4c0b6b552376f500a25bd5eebce44dc7,Sus scrofa domesticus,host_qualifier,Romania,Unknown,feces,Ion Torrent,high,source declares ST5 only,broad_query,2026-08-13T12:29:33.338201+00:00,"Blastocystis[Organism] AND (""18S""[All Fields] OR ""SSU""[All Fields] OR ""small subunit""[All Fields] OR ""18S ribosomal""[All Fields] OR ""SSU rRNA""[All Fields] OR ""ribosomal RNA""[All Fields] OR ""rRNA""[All Fields] OR ""rDNA""[All Fields]) NOT (""whole genome""[Title] OR ""complete genome""[Title] OR ""WGS""[Title] OR ""shotgun""[Title] OR ""mitochondrial""[Title] OR ""mitochondrion""[Title])"
MK801417.1,ST5,1739,88268ae41c01c2c178a171089a52ddd1,Sus scrofa domesticus,host_qualifier,Austria,Unknown,feces,Ion Torrent,high,source declares ST5 only,broad_query,2026-08-13T12:29:33.338201+00:00,"Blastocystis[Organism] AND (""18S""[All Fields] OR ""SSU""[All Fields] OR ""small subunit""[All Fields] OR ""18S ribosomal""[All Fields] OR ""SSU rRNA""[All Fields] OR ""ribosomal RNA""[All Fields] OR ""rRNA""[All Fields] OR ""rDNA""[All Fields]) NOT (""whole genome""[Title] OR ""complete genome""[Title] OR ""WGS""[Title] OR ""shotgun""[Title] OR ""mitochondrial""[Title] OR ""mitochondrion""[Title])"
MK801416.1,ST15,1879,f3c452a518ab879bfbc497cd8c12e8f8,Sus scrofa domesticus,host_qualifier,Austria,Unknown,feces,Ion Torrent,high,source declares ST15 only,broad_query,2026-08-13T12:29:33.338201+00:00,"Blastocystis[Organism] AND (""18S""[All Fields] OR ""SSU""[All Fields] OR ""small subunit""[All Fields] OR ""18S ribosomal""[All Fields] OR ""SSU rRNA""[All Fields] OR ""ribosomal RNA""[All Fields] OR ""rRNA""[All Fields] OR ""rDNA""[All Fields]) NOT (""whole genome""[Title] OR ""complete genome""[Title] OR ""WGS""[Title] OR ""shotgun""[Title] OR ""mitochondrial""[Title] OR ""mitochondrion""[Title])"
MK801415.1,ST5,1749,8e0933fa0c9bcf33736bdf13781cda88,Sus scrofa domesticus,host_qualifier,Austria,Unknown,feces,Ion Torrent,high,source declares ST5 only,broad_query,2026-08-13T12:29:33.338201+00:00,"Blastocystis[Organism] AND (""18S""[All Fields] OR ""SSU""[All Fields] OR ""small subunit""[All Fields] OR ""18S ribosomal""[All Fields] OR ""SSU rRNA""[All Fields] OR ""ribosomal RNA""[All Fields] OR ""rRNA""[All Fields] OR ""rDNA""[All Fields]) NOT (""whole genome""[Title] OR ""complete genome""[Title] OR ""WGS""[Title] OR ""shotgun""[Title] OR ""mitochondrial""[Title] OR ""mitochondrion""[Title])"
MK801414.1,ST5,1746,17c9dc2f5fe83f803ec135606c9d41c9,Sus scrofa domesticus,host_qualifier,Austria,Unknown,feces,Ion Torrent,high,source declares ST5 only,broad_query,2026-08-13T12:29:33.338201+00:00,"Blastocystis[Organism] AND (""18S""[All Fields] OR ""SSU""[All Fields] OR ""small subunit""[All Fields] OR ""18S ribosomal""[All Fields] OR ""SSU rRNA""[All Fields] OR ""ribosomal RNA""[All Fields] OR ""rRNA""[All Fields] OR ""rDNA""[All Fields]) NOT (""whole genome""[Title] OR ""complete genome""[Title] OR ""WGS""[Title] OR ""shotgun""[Title] OR ""mitochondrial""[Title] OR ""mitochondrion""[Title])"
MK801413.1,ST15,1896,d0a4e177f2d6a609ed3dd1daa426650e,Sus scrofa domesticus,host_qualifier,Austria,Unknown,feces,Ion Torrent,high,source declares ST15 only,broad_query,2026-08-13T12:29:33.338201+00:00,"Blastocystis[Organism] AND (""18S""[All Fields] OR ""SSU""[All Fields] OR ""small subunit""[All Fields] OR ""18S ribosomal""[All Fields] OR ""SSU rRNA""[All Fields] OR ""ribosomal RNA""[All Fields] OR ""rRNA""[All Fields] OR ""rDNA""[All Fields]) NOT (""whole genome""[Title] OR ""complete genome""[Title] OR ""WGS""[Title] OR ""shotgun""[Title] OR ""mitochondrial""[Title] OR ""mitochondrion""[Title])"
MK801412.1,ST5,1763,24ab34ec903de59b14075f131ada1896,Sus scrofa domesticus,host_qualifier,Austria,Unknown,feces,Ion Torrent,high,source declares ST5 only,broad_query,2026-08-13T12:29:33.338201+00:00,"Blastocystis[Organism] AND (""18S""[All Fields] OR ""SSU""[All Fields] OR ""small subunit""[All Fields] OR ""18S ribosomal""[All Fields] OR ""SSU rRNA""[All Fields] OR ""ribosomal RNA""[All Fields] OR ""rRNA""[All Fields] OR ""rDNA""[All Fields]) NOT (""whole genome""[Title] OR ""complete genome""[Title] OR ""WGS""[Title] OR ""shotgun""[Title] OR ""mitochondrial""[Title] OR ""mitochondrion""[Title])"
MK801411.1,ST1,1722,c1e713a83e8b81fce8f90a025da7d0d5,Sus scrofa domesticus,host_qualifier,Austria,Unknown,feces,Ion Torrent,high,source declares ST1 only,broad_query,2026-08-13T12:29:33.338201+00:00,"Blastocystis[Organism] AND (""18S""[All Fields] OR ""SSU""[All Fields] OR ""small subunit""[All Fields] OR ""18S ribosomal""[All Fields] OR ""SSU rRNA""[All Fields] OR ""ribosomal RNA""[All Fields] OR ""rRNA""[All Fields] OR ""rDNA""[All Fields]) NOT (""whole genome""[Title] OR ""complete genome""[Title] OR ""WGS""[Title] OR ""shotgun""[Title] OR ""mitochondrial""[Title] OR ""mitochondrion""[Title])"
MK801410.1,ST5,1775,4cd8c25a1ef8153732563bc29cf14862,Sus scrofa domesticus,host_qualifier,Germany,Unknown,feces,Ion Torrent,high,source declares ST5 only,broad_query,2026-08-13T12:29:33.338201+00:00,"Blastocystis[Organism] AND (""18S""[All Fields] OR ""SSU""[All Fields] OR ""small subunit""[All Fields] OR ""18S ribosomal""[All Fields] OR ""SSU rRNA""[All Fields] OR ""ribosomal RNA""[All Fields] OR ""rRNA""[All Fields] OR ""rDNA""[All Fields]) NOT (""whole genome""[Title] OR ""complete genome""[Title] OR ""WGS""[Title] OR ""shotgun""[Title] OR ""mitochondrial""[Title] OR ""mitochondrion""[Title])"
MK801409.1,ST3,1673,f4196023a5bd9d8a9f58e4b8a0b6a34d,Sus scrofa domesticus,host_qualifier,Germany,Unknown,feces,Ion Torrent,high,source declares ST3 only,broad_query,2026-08-13T12:29:33.338201+00:00,"Blastocystis[Organism] AND (""18S""[All Fields] OR ""SSU""[All Fields] OR ""small subunit""[All Fields] OR ""18S ribosomal""[All Fields] OR ""SSU rRNA""[All Fields] OR ""ribosomal RNA""[All Fields] OR ""rRNA""[All Fields] OR ""rDNA""[All Fields]) NOT (""whole genome""[Title] OR ""complete genome""[Title] OR ""WGS""[Title] OR ""shotgun""[Title] OR ""mitochondrial""[Title] OR ""mitochondrion""[Title])"
MK801408.1,ST1,1630,c883375713cd63da95a787bf734e818c,Sus scrofa domesticus,host_qualifier,Germany,Unknown,feces,Ion Torrent,high,source declares ST1 only,broad_query,2026-08-13T12:29:33.338201+00:00,"Blastocystis[Organism] AND (""18S""[All Fields] OR ""SSU""[All Fields] OR ""small subunit""[All Fields] OR ""18S ribosomal""[All Fields] OR ""SSU rRNA""[All Fields] OR ""ribosomal RNA""[All Fields] OR ""rRNA""[All Fields] OR ""rDNA""[All Fields]) NOT (""whole genome""[Title] OR ""complete genome""[Title] OR ""WGS""[Title] OR ""shotgun""[Title] OR ""mitochondrial""[Title] OR ""mitochondrion""[Title])"
MK801407.1,ST5,1778,96e4b06edd7903219de769d468ad86ac,Sus scrofa domesticus,host_qualifier,Germany,Unknown,feces,Ion Torrent,high,source declares ST5 only,broad_query,2026-08-13T12:29:33.338201+00:00,"Blastocystis[Organism] AND (""18S""[All Fields] OR ""SSU""[All Fields] OR ""small subunit""[All Fields] OR ""18S ribosomal""[All Fields] OR ""SSU rRNA""[All Fields] OR ""ribosomal RNA""[All Fields] OR ""rRNA""[All Fields] OR ""rDNA""[All Fields]) NOT (""whole genome""[Title] OR ""complete genome""[Title] OR ""WGS""[Title] OR ""shotgun""[Title] OR ""mitochondrial""[Title] OR ""mitochondrion""[Title])"
MK801406.1,ST5,1733,f90effcd459b077580af7d94655641fe,Sus scrofa domesticus,host_qualifier,Germany,Unknown,feces,Ion Torrent,high,source declares ST5 only,broad_query,2026-08-13T12:29:33.338201+00:00,"Blastocystis[Organism] AND (""18S""[All Fields] OR ""SSU""[All Fields] OR ""small subunit""[All Fields] OR ""18S ribosomal""[All Fields] OR ""SSU rRNA""[All Fields] OR ""ribosomal RNA""[All Fields] OR ""rRNA""[All Fields] OR ""rDNA""[All Fields]) NOT (""whole genome""[Title] OR ""complete genome""[Title] OR ""WGS""[Title] OR ""shotgun""[Title] OR ""mitochondrial""[Title] OR ""mitochondrion""[Title])"
MK801405.1,ST15,1905,558cb4c0e171f4fc81c90367684045ab,Sus scrofa domesticus,host_qualifier,Germany,Unknown,feces,Ion Torrent,high,source declares ST15 only,broad_query,2026-08-13T12:29:33.338201+00:00,"Blastocystis[Organism] AND (""18S""[All Fields] OR ""SSU""[All Fields] OR ""small subunit""[All Fields] OR ""18S ribosomal""[All Fields] OR ""SSU rRNA""[All Fields] OR ""ribosomal RNA""[All Fields] OR ""rRNA""[All Fields] OR ""rDNA""[All Fields]) NOT (""whole genome""[Title] OR ""complete genome""[Title] OR ""WGS""[Title] OR ""shotgun""[Title] OR ""mitochondrial""[Title] OR ""mitochondrion""[Title])"
MK801404.1,ST5,1740,c2194940f27199e71c9d6c418f0556e3,Sus scrofa domesticus,host_qualifier,Germany,Unknown,feces,Ion Torrent,high,source declares ST5 only,broad_query,2026-08-13T12:29:33.338201+00:00,"Blastocystis[Organism] AND (""18S""[All Fields] OR ""SSU""[All Fields] OR ""small subunit""[All Fields] OR ""18S ribosomal""[All Fields] OR ""SSU rRNA""[All Fields] OR ""ribosomal RNA""[All Fields] OR ""rRNA""[All Fields] OR ""rDNA""[All Fields]) NOT (""whole genome""[Title] OR ""complete genome""[Title] OR ""WGS""[Title] OR ""shotgun""[Title] OR ""mitochondrial""[Title] OR ""mitochondrion""[Title])"
MK801403.1,ST3,1727,b056bdcadcd83ea83b8d8959c38f6f57,Sus scrofa domesticus,host_qualifier,Germany,Unknown,feces,Ion Torrent,high,source declares ST3 only,broad_query,2026-08-13T12:29:33.338201+00:00,"Blastocystis[Organism] AND (""18S""[All Fields] OR ""SSU""[All Fields] OR ""small subunit""[All Fields] OR ""18S ribosomal""[All Fields] OR ""SSU rRNA""[All Fields] OR ""ribosomal RNA""[All Fields] OR ""rRNA""[All Fields] OR ""rDNA""[All Fields]) NOT (""whole genome""[Title] OR ""complete genome""[Title] OR ""WGS""[Title] OR ""shotgun""[Title] OR ""mitochondrial""[Title] OR ""mitochondrion""[Title])"
MK801402.1,ST1,1725,560253a8652d303bdefba3072a249e07,Sus scrofa domesticus,host_qualifier,Germany,Unknown,feces,Ion Torrent,high,source declares ST1 only,broad_query,2026-08-13T12:29:33.338201+00:00,"Blastocystis[Organism] AND (""18S""[All Fields] OR ""SSU""[All Fields] OR ""small subunit""[All Fields] OR ""18S ribosomal""[All Fields] OR ""SSU rRNA""[All Fields] OR ""ribosomal RNA""[All Fields] OR ""rRNA""[All Fields] OR ""rDNA""[All Fields]) NOT (""whole genome""[Title] OR ""complete genome""[Title] OR ""WGS""[Title] OR ""shotgun""[Title] OR ""mitochondrial""[Title] OR ""mitochondrion""[Title])"
MK801401.1,ST5,1712,4c1836ab371d8470a4692291d0904866,Sus scrofa domesticus,host_qualifier,Germany,Unknown,feces,Ion Torrent,high,source declares ST5 only,broad_query,2026-08-13T12:29:33.338201+00:00,"Blastocystis[Organism] AND (""18S""[All Fields] OR ""SSU""[All Fields] OR ""small subunit""[All Fields] OR ""18S ribosomal""[All Fields] OR ""SSU rRNA""[All Fields] OR ""ribosomal RNA""[All Fields] OR ""rRNA""[All Fields] OR ""rDNA""[All Fields]) NOT (""whole genome""[Title] OR ""complete genome""[Title] OR ""WGS""[Title] OR ""shotgun""[Title] OR ""mitochondrial""[Title] OR ""mitochondrion""[Title])"
MK801400.1,ST1,1593,4130dd14cdbeafbcc56d7d3c5269202f,Sus scrofa domesticus,host_qualifier,Germany,Unknown,feces,Ion Torrent,high,source declares ST1 only,broad_query,2026-08-13T12:29:33.338201+00:00,"Blastocystis[Organism] AND (""18S""[All Fields] OR ""SSU""[All Fields] OR ""small subunit""[All Fields] OR ""18S ribosomal""[All Fields] OR ""SSU rRNA""[All Fields] OR ""ribosomal RNA""[All Fields] OR ""rRNA""[All Fields] OR ""rDNA""[All Fields]) NOT (""whole genome""[Title] OR ""complete genome""[Title] OR ""WGS""[Title] OR ""shotgun""[Title] OR ""mitochondrial""[Title] OR ""mitochondrion""[Title])"
MK801399.1,ST5,1741,afdcf910c1d04f787d4847d94aea8d0c,Sus scrofa domesticus,host_qualifier,Germany,Unknown,feces,Ion Torrent,high,source declares ST5 only,broad_query,2026-08-13T12:29:33.338201+00:00,"Blastocystis[Organism] AND (""18S""[All Fields] OR ""SSU""[All Fields] OR ""small subunit""[All Fields] OR ""18S ribosomal""[All Fields] OR ""SSU rRNA""[All Fields] OR ""ribosomal RNA""[All Fields] OR ""rRNA""[All Fields] OR ""rDNA""[All Fields]) NOT (""whole genome""[Title] OR ""complete genome""[Title] OR ""WGS""[Title] OR ""shotgun""[Title] OR ""mitochondrial""[Title] OR ""mitochondrion""[Title])"
MK801398.1,ST15,1875,69ffd20539ce421f454ed59f1005db9a,Sus scrofa domesticus,host_qualifier,Germany,Unknown,feces,Ion Torrent,high,source declares ST15 only,broad_query,2026-08-13T12:29:33.338201+00:00,"Blastocystis[Organism] AND (""18S""[All Fields] OR ""SSU""[All Fields] OR ""small subunit""[All Fields] OR ""18S ribosomal""[All Fields] OR ""SSU rRNA""[All Fields] OR ""ribosomal RNA""[All Fields] OR ""rRNA""[All Fields] OR ""rDNA""[All Fields]) NOT (""whole genome""[Title] OR ""complete genome""[Title] OR ""WGS""[Title] OR ""shotgun""[Title] OR ""mitochondrial""[Title] OR ""mitochondrion""[Title])"
MK801397.1,ST5,1751,c8f4a3711cda1548ae79ec40108e6498,Sus scrofa domesticus,host_qualifier,Germany,Unknown,feces,Ion Torrent,high,source declares ST5 only,broad_query,2026-08-13T12:29:33.338201+00:00,"Blastocystis[Organism] AND (""18S""[All Fields] OR ""SSU""[All Fields] OR ""small subunit""[All Fields] OR ""18S ribosomal""[All Fields] OR ""SSU rRNA""[All Fields] OR ""ribosomal RNA""[All Fields] OR ""rRNA""[All Fields] OR ""rDNA""[All Fields]) NOT (""whole genome""[Title] OR ""complete genome""[Title] OR ""WGS""[Title] OR ""shotgun""[Title] OR ""mitochondrial""[Title] OR ""mitochondrion""[Title])"
MK801396.1,ST1,1675,8f9f029de0b4d506a833817c6f81aeb3,Sus scrofa domesticus,host_qualifier,Germany,Unknown,feces,Ion Torrent,high,source declares ST1 only,broad_query,2026-08-13T12:29:33.338201+00:00,"Blastocystis[Organism] AND (""18S""[All Fields] OR ""SSU""[All Fields] OR ""small subunit""[All Fields] OR ""18S ribosomal""[All Fields] OR ""SSU rRNA""[All Fields] OR ""ribosomal RNA""[All Fields] OR ""rRNA""[All Fields] OR ""rDNA""[All Fields]) NOT (""whole genome""[Title] OR ""complete genome""[Title] OR ""WGS""[Title] OR ""shotgun""[Title] OR ""mitochondrial""[Title] OR ""mitochondrion""[Title])"
MK801395.1,ST15,1836,f6b16f13bc244ad14d17bf30123b77e0,Sus scrofa domesticus,host_qualifier,Germany,Unknown,feces,Ion Torrent,high,source declares ST15 only,broad_query,2026-08-13T12:29:33.338201+00:00,"Blastocystis[Organism] AND (""18S""[All Fields] OR ""SSU""[All Fields] OR ""small subunit""[All Fields] OR ""18S ribosomal""[All Fields] OR ""SSU rRNA""[All Fields] OR ""ribosomal RNA""[All Fields] OR ""rRNA""[All Fields] OR ""rDNA""[All Fields]) NOT (""whole genome""[Title] OR ""complete genome""[Title] OR ""WGS""[Title] OR ""shotgun""[Title] OR ""mitochondrial""[Title] OR ""mitochondrion""[Title])"
MK801394.1,ST5,1736,cea5d32f71b6bec863626838998421ff,Sus scrofa domesticus,host_qualifier,Germany,Unknown,feces,Ion Torrent,high,source declares ST5 only,broad_query,2026-08-13T12:29:33.338201+00:00,"Blastocystis[Organism] AND (""18S""[All Fields] OR ""SSU""[All Fields] OR ""small subunit""[All Fields] OR ""18S ribosomal""[All Fields] OR ""SSU rRNA""[All Fields] OR ""ribosomal RNA""[All Fields] OR ""rRNA""[All Fields] OR ""rDNA""[All Fields]) NOT (""whole genome""[Title] OR ""complete genome""[Title] OR ""WGS""[Title] OR ""shotgun""[Title] OR ""mitochondrial""[Title] OR ""mitochondrion""[Title])"
MK801393.1,ST15,1873,ef3116ba802483ec4e933857a9a1733a,Sus scrofa domesticus,host_qualifier,Germany,Unknown,feces,Ion Torrent,high,source declares ST15 only,broad_query,2026-08-13T12:29:33.338201+00:00,"Blastocystis[Organism] AND (""18S""[All Fields] OR ""SSU""[All Fields] OR ""small subunit""[All Fields] OR ""18S ribosomal""[All Fields] OR ""SSU rRNA""[All Fields] OR ""ribosomal RNA""[All Fields] OR ""rRNA""[All Fields] OR ""rDNA""[All Fields]) NOT (""whole genome""[Title] OR ""complete genome""[Title] OR ""WGS""[Title] OR ""shotgun""[Title] OR ""mitochondrial""[Title] OR ""mitochondrion""[Title])"
MK801392.1,ST5,1737,df41bbc33b616fa5fcff1cc9dcf74c6f,Sus scrofa domesticus,host_qualifier,Germany,Unknown,feces,Ion Torrent,high,source declares ST5 only,broad_query,2026-08-13T12:29:33.338201+00:00,"Blastocystis[Organism] AND (""18S""[All Fields] OR ""SSU""[All Fields] OR ""small subunit""[All Fields] OR ""18S ribosomal""[All Fields] OR ""SSU rRNA""[All Fields] OR ""ribosomal RNA""[All Fields] OR ""rRNA""[All Fields] OR ""rDNA""[All Fields]) NOT (""whole genome""[Title] OR ""complete genome""[Title] OR ""WGS""[Title] OR ""shotgun""[Title] OR ""mitochondrial""[Title] OR ""mitochondrion""[Title])"
MK801391.1,ST5,1753,a6217c96aecd3072925ddb67142db512,Sus scrofa domesticus,host_qualifier,Germany,Unknown,feces,Ion Torrent,high,source declares ST5 only,broad_query,2026-08-13T12:29:33.338201+00:00,"Blastocystis[Organism] AND (""18S""[All Fields] OR ""SSU""[All Fields] OR ""small subunit""[All Fields] OR ""18S ribosomal""[All Fields] OR ""SSU rRNA""[All Fields] OR ""ribosomal RNA""[All Fields] OR ""rRNA""[All Fields] OR ""rDNA""[All Fields]) NOT (""whole genome""[Title] OR ""complete genome""[Title] OR ""WGS""[Title] OR ""shotgun""[Title] OR ""mitochondrial""[Title] OR ""mitochondrion""[Title])"
MK801389.1,ST3,1727,ea10e36dc595f88e71b08818372d959c,Sus scrofa domesticus,host_qualifier,Germany,Unknown,feces,Ion Torrent,high,source declares ST3 only,broad_query,2026-08-13T12:29:33.338201+00:00,"Blastocystis[Organism] AND (""18S""[All Fields] OR ""SSU""[All Fields] OR ""small subunit""[All Fields] OR ""18S ribosomal""[All Fields] OR ""SSU rRNA""[All Fields] OR ""ribosomal RNA""[All Fields] OR ""rRNA""[All Fields] OR ""rDNA""[All Fields]) NOT (""whole genome""[Title] OR ""complete genome""[Title] OR ""WGS""[Title] OR ""shotgun""[Title] OR ""mitochondrial""[Title] OR ""mitochondrion""[Title])"
MK801387.1,ST15,1892,c4644d1f0a6e95e98bfbd7601aaa8ab8,Sus scrofa domesticus,host_qualifier,Germany,Unknown,feces,Ion Torrent,high,source declares ST15 only,broad_query,2026-08-13T12:29:33.338201+00:00,"Blastocystis[Organism] AND (""18S""[All Fields] OR ""SSU""[All Fields] OR ""small subunit""[All Fields] OR ""18S ribosomal""[All Fields] OR ""SSU rRNA""[All Fields] OR ""ribosomal RNA""[All Fields] OR ""rRNA""[All Fields] OR ""rDNA""[All Fields]) NOT (""whole genome""[Title] OR ""complete genome""[Title] OR ""WGS""[Title] OR ""shotgun""[Title] OR ""mitochondrial""[Title] OR ""mitochondrion""[Title])"
MK801386.1,ST5,1751,395e630dcfa5ad79eef5abecbbbf6d11,Sus scrofa domesticus,host_qualifier,Germany,Unknown,feces,Ion Torrent,high,source declares ST5 only,broad_query,2026-08-13T12:29:33.338201+00:00,"Blastocystis[Organism] AND (""18S""[All Fields] OR ""SSU""[All Fields] OR ""small subunit""[All Fields] OR ""18S ribosomal""[All Fields] OR ""SSU rRNA""[All Fields] OR ""ribosomal RNA""[All Fields] OR ""rRNA""[All Fields] OR ""rDNA""[All Fields]) NOT (""whole genome""[Title] OR ""complete genome""[Title] OR ""WGS""[Title] OR ""shotgun""[Title] OR ""mitochondrial""[Title] OR ""mitochondrion""[Title])"
MK801385.1,ST1,1709,8dbba81cec5ab692b75e404994d5c6e7,Sus scrofa domesticus,host_qualifier,Germany,Unknown,feces,Ion Torrent,high,source declares ST1 only,broad_query,2026-08-13T12:29:33.338201+00:00,"Blastocystis[Organism] AND (""18S""[All Fields] OR ""SSU""[All Fields] OR ""small subunit""[All Fields] OR ""18S ribosomal""[All Fields] OR ""SSU rRNA""[All Fields] OR ""ribosomal RNA""[All Fields] OR ""rRNA""[All Fields] OR ""rDNA""[All Fields]) NOT (""whole genome""[Title] OR ""complete genome""[Title] OR ""WGS""[Title] OR ""shotgun""[Title] OR ""mitochondrial""[Title] OR ""mitochondrion""[Title])"
MK801384.1,ST15,1865,3333418bdfa34d380d7b58ffb88c9d38,Sus scrofa domesticus,host_qualifier,Germany,Unknown,feces,Ion Torrent,high,source declares ST15 only,broad_query,2026-08-13T12:29:33.338201+00:00,"Blastocystis[Organism] AND (""18S""[All Fields] OR ""SSU""[All Fields] OR ""small subunit""[All Fields] OR ""18S ribosomal""[All Fields] OR ""SSU rRNA""[All Fields] OR ""ribosomal RNA""[All Fields] OR ""rRNA""[All Fields] OR ""rDNA""[All Fields]) NOT (""whole genome""[Title] OR ""complete genome""[Title] OR ""WGS""[Title] OR ""shotgun""[Title] OR ""mitochondrial""[Title] OR ""mitochondrion""[Title])"
MK801383.1,ST5,1757,cda8acfe16a1b13837322b98980c76d0,Sus scrofa domesticus,host_qualifier,Germany,Unknown,feces,Ion Torrent,high,source declares ST5 only,broad_query,2026-08-13T12:29:33.338201+00:00,"Blastocystis[Organism] AND (""18S""[All Fields] OR ""SSU""[All Fields] OR ""small subunit""[All Fields] OR ""18S ribosomal""[All Fields] OR ""SSU rRNA""[All Fields] OR ""ribosomal RNA""[All Fields] OR ""rRNA""[All Fields] OR ""rDNA""[All Fields]) NOT (""whole genome""[Title] OR ""complete genome""[Title] OR ""WGS""[Title] OR ""shotgun""[Title] OR ""mitochondrial""[Title] OR ""mitochondrion""[Title])"
MK801382.1,ST15,1880,7f641a062812d060d2a19159d672daf3,Sus scrofa domesticus,host_qualifier,Germany,Unknown,feces,Ion Torrent,high,source declares ST15 only,broad_query,2026-08-13T12:29:33.338201+00:00,"Blastocystis[Organism] AND (""18S""[All Fields] OR ""SSU""[All Fields] OR ""small subunit""[All Fields] OR ""18S ribosomal""[All Fields] OR ""SSU rRNA""[All Fields] OR ""ribosomal RNA""[All Fields] OR ""rRNA""[All Fields] OR ""rDNA""[All Fields]) NOT (""whole genome""[Title] OR ""complete genome""[Title] OR ""WGS""[Title] OR ""shotgun""[Title] OR ""mitochondrial""[Title] OR ""mitochondrion""[Title])"
MK801381.1,ST5,1748,c050c6f85d5ea2418d5e3d0f846dc9bb,Sus scrofa domesticus,host_qualifier,Germany,Unknown,feces,Ion Torrent,high,source declares ST5 only,broad_query,2026-08-13T12:29:33.338201+00:00,"Blastocystis[Organism] AND (""18S""[All Fields] OR ""SSU""[All Fields] OR ""small subunit""[All Fields] OR ""18S ribosomal""[All Fields] OR ""SSU rRNA""[All Fields] OR ""ribosomal RNA""[All Fields] OR ""rRNA""[All Fields] OR ""rDNA""[All Fields]) NOT (""whole genome""[Title] OR ""complete genome""[Title] OR ""WGS""[Title] OR ""shotgun""[Title] OR ""mitochondrial""[Title] OR ""mitochondrion""[Title])"
MK801380.1,ST1,1534,8d2377834e67ef0dc6ca73962ecbef66,Sus scrofa domesticus,host_qualifier,Germany,Unknown,feces,Ion Torrent,high,source declares ST1 only,broad_query,2026-08-13T12:29:33.338201+00:00,"Blastocystis[Organism] AND (""18S""[All Fields] OR ""SSU""[All Fields] OR ""small subunit""[All Fields] OR ""18S ribosomal""[All Fields] OR ""SSU rRNA""[All Fields] OR ""ribosomal RNA""[All Fields] OR ""rRNA""[All Fields] OR ""rDNA""[All Fields]) NOT (""whole genome""[Title] OR ""complete genome""[Title] OR ""WGS""[Title] OR ""shotgun""[Title] OR ""mitochondrial""[Title] OR ""mitochondrion""[Title])"
MK801379.1,ST5,1729,673c9092b30d1d01295cc57e125531aa,Sus scrofa domesticus,host_qualifier,Germany,Unknown,feces,Ion Torrent,high,source declares ST5 only,broad_query,2026-08-13T12:29:33.338201+00:00,"Blastocystis[Organism] AND (""18S""[All Fields] OR ""SSU""[All Fields] OR ""small subunit""[All Fields] OR ""18S ribosomal""[All Fields] OR ""SSU rRNA""[All Fields] OR ""ribosomal RNA""[All Fields] OR ""rRNA""[All Fields] OR ""rDNA""[All Fields]) NOT (""whole genome""[Title] OR ""complete genome""[Title] OR ""WGS""[Title] OR ""shotgun""[Title] OR ""mitochondrial""[Title] OR ""mitochondrion""[Title])"
MK801378.1,ST5,1738,8eb2441467223abd7998d939d2b2f232,Sus scrofa domesticus,host_qualifier,Germany,Unknown,feces,Ion Torrent,high,source declares ST5 only,broad_query,2026-08-13T12:29:33.338201+00:00,"Blastocystis[Organism] AND (""18S""[All Fields] OR ""SSU""[All Fields] OR ""small subunit""[All Fields] OR ""18S ribosomal""[All Fields] OR ""SSU rRNA""[All Fields] OR ""ribosomal RNA""[All Fields] OR ""rRNA""[All Fields] OR ""rDNA""[All Fields]) NOT (""whole genome""[Title] OR ""complete genome""[Title] OR ""WGS""[Title] OR ""shotgun""[Title] OR ""mitochondrial""[Title] OR ""mitochondrion""[Title])"
MK801377.1,ST1,1631,92884a91873640b556fa7b6e211d890c,Sus scrofa domesticus,host_qualifier,Germany,Unknown,feces,Ion Torrent,high,source declares ST1 only,broad_query,2026-08-13T12:29:33.338201+00:00,"Blastocystis[Organism] AND (""18S""[All Fields] OR ""SSU""[All Fields] OR ""small subunit""[All Fields] OR ""18S ribosomal""[All Fields] OR ""SSU rRNA""[All Fields] OR ""ribosomal RNA""[All Fields] OR ""rRNA""[All Fields] OR ""rDNA""[All Fields]) NOT (""whole genome""[Title] OR ""complete genome""[Title] OR ""WGS""[Title] OR ""shotgun""[Title] OR ""mitochondrial""[Title] OR ""mitochondrion""[Title])"
MK801376.1,ST5,1737,05d814def7b2cba7e221649e2314f4df,Sus scrofa domesticus,host_qualifier,Germany,Unknown,feces,Ion Torrent,high,source declares ST5 only,broad_query,2026-08-13T12:29:33.338201+00:00,"Blastocystis[Organism] AND (""18S""[All Fields] OR ""SSU""[All Fields] OR ""small subunit""[All Fields] OR ""18S ribosomal""[All Fields] OR ""SSU rRNA""[All Fields] OR ""ribosomal RNA""[All Fields] OR ""rRNA""[All Fields] OR ""rDNA""[All Fields]) NOT (""whole genome""[Title] OR ""complete genome""[Title] OR ""WGS""[Title] OR ""shotgun""[Title] OR ""mitochondrial""[Title] OR ""mitochondrion""[Title])"
MK801375.1,ST5,1737,004fb0d66229e430664dcd7d8c9ad692,Sus scrofa domesticus,host_qualifier,Germany,Unknown,feces,Ion Torrent,high,source declares ST5 only,broad_query,2026-08-13T12:29:33.338201+00:00,"Blastocystis[Organism] AND (""18S""[All Fields] OR ""SSU""[All Fields] OR ""small subunit""[All Fields] OR ""18S ribosomal""[All Fields] OR ""SSU rRNA""[All Fields] OR ""ribosomal RNA""[All Fields] OR ""rRNA""[All Fields] OR ""rDNA""[All Fields]) NOT (""whole genome""[Title] OR ""complete genome""[Title] OR ""WGS""[Title] OR ""shotgun""[Title] OR ""mitochondrial""[Title] OR ""mitochondrion""[Title])"
MK801374.1,ST5,1684,b5a0863c6768343f870e255b8fbb47ad,Sus scrofa domesticus,host_qualifier,Germany,Unknown,feces,Ion Torrent,high,source declares ST5 only,broad_query,2026-08-13T12:29:33.338201+00:00,"Blastocystis[Organism] AND (""18S""[All Fields] OR ""SSU""[All Fields] OR ""small subunit""[All Fields] OR ""18S ribosomal""[All Fields] OR ""SSU rRNA""[All Fields] OR ""ribosomal RNA""[All Fields] OR ""rRNA""[All Fields] OR ""rDNA""[All Fields]) NOT (""whole genome""[Title] OR ""complete genome""[Title] OR ""WGS""[Title] OR ""shotgun""[Title] OR ""mitochondrial""[Title] OR ""mitochondrion""[Title])"
MK801373.1,ST15,1878,954d843d3f18eba676d9a40c06d90f88,Sus scrofa domesticus,host_qualifier,Germany,Unknown,feces,Ion Torrent,high,source declares ST15 only,broad_query,2026-08-13T12:29:33.338201+00:00,"Blastocystis[Organism] AND (""18S""[All Fields] OR ""SSU""[All Fields] OR ""small subunit""[All Fields] OR ""18S ribosomal""[All Fields] OR ""SSU rRNA""[All Fields] OR ""ribosomal RNA""[All Fields] OR ""rRNA""[All Fields] OR ""rDNA""[All Fields]) NOT (""whole genome""[Title] OR ""complete genome""[Title] OR ""WGS""[Title] OR ""shotgun""[Title] OR ""mitochondrial""[Title] OR ""mitochondrion""[Title])"
MK801372.1,ST5,1749,b0ee6c919a9ea9a85ccae4a76a569109,Sus scrofa domesticus,host_qualifier,Germany,Unknown,feces,Ion Torrent,high,source declares ST5 only,broad_query,2026-08-13T12:29:33.338201+00:00,"Blastocystis[Organism] AND (""18S""[All Fields] OR ""SSU""[All Fields] OR ""small subunit""[All Fields] OR ""18S ribosomal""[All Fields] OR ""SSU rRNA""[All Fields] OR ""ribosomal RNA""[All Fields] OR ""rRNA""[All Fields] OR ""rDNA""[All Fields]) NOT (""whole genome""[Title] OR ""complete genome""[Title] OR ""WGS""[Title] OR ""shotgun""[Title] OR ""mitochondrial""[Title] OR ""mitochondrion""[Title])"
MK801371.1,ST5,1737,a308d789d996bb57dff3aeee4bf83b8f,Sus scrofa domesticus,host_qualifier,Germany,Unknown,feces,Ion Torrent,high,source declares ST5 only,broad_query,2026-08-13T12:29:33.338201+00:00,"Blastocystis[Organism] AND (""18S""[All Fields] OR ""SSU""[All Fields] OR ""small subunit""[All Fields] OR ""18S ribosomal""[All Fields] OR ""SSU rRNA""[All Fields] OR ""ribosomal RNA""[All Fields] OR ""rRNA""[All Fields] OR ""rDNA""[All Fields]) NOT (""whole genome""[Title] OR ""complete genome""[Title] OR ""WGS""[Title] OR ""shotgun""[Title] OR ""mitochondrial""[Title] OR ""mitochondrion""[Title])"
MK801370.1,ST15,1903,e7f6fbd9a48f1bfe9c0646fd594d1243,Sus scrofa domesticus,host_qualifier,Germany,Unknown,feces,Ion Torrent,high,source declares ST15 only,broad_query,2026-08-13T12:29:33.338201+00:00,"Blastocystis[Organism] AND (""18S""[All Fields] OR ""SSU""[All Fields] OR ""small subunit""[All Fields] OR ""18S ribosomal""[All Fields] OR ""SSU rRNA""[All Fields] OR ""ribosomal RNA""[All Fields] OR ""rRNA""[All Fields] OR ""rDNA""[All Fields]) NOT (""whole genome""[Title] OR ""complete genome""[Title] OR ""WGS""[Title] OR ""shotgun""[Title] OR ""mitochondrial""[Title] OR ""mitochondrion""[Title])"
MK801369.1,ST5,1738,889753094095bdbffb3387cab139ba6f,Sus scrofa domesticus,host_qualifier,Germany,Unknown,feces,Ion Torrent,high,source declares ST5 only,broad_query,2026-08-13T12:29:33.338201+00:00,"Blastocystis[Organism] AND (""18S""[All Fields] OR ""SSU""[All Fields] OR ""small subunit""[All Fields] OR ""18S ribosomal""[All Fields] OR ""SSU rRNA""[All Fields] OR ""ribosomal RNA""[All Fields] OR ""rRNA""[All Fields] OR ""rDNA""[All Fields]) NOT (""whole genome""[Title] OR ""complete genome""[Title] OR ""WGS""[Title] OR ""shotgun""[Title] OR ""mitochondrial""[Title] OR ""mitochondrion""[Title])"
MK801368.1,ST2,1632,ec49f8b26c436dca361d3883b289809d,Sus scrofa domesticus,host_qualifier,Germany,Unknown,feces,Ion Torrent,high,source declares ST2 only,broad_query,2026-08-13T12:29:33.338201+00:00,"Blastocystis[Organism] AND (""18S""[All Fields] OR ""SSU""[All Fields] OR ""small subunit""[All Fields] OR ""18S ribosomal""[All Fields] OR ""SSU rRNA""[All Fields] OR ""ribosomal RNA""[All Fields] OR ""rRNA""[All Fields] OR ""rDNA""[All Fields]) NOT (""whole genome""[Title] OR ""complete genome""[Title] OR ""WGS""[Title] OR ""shotgun""[Title] OR ""mitochondrial""[Title] OR ""mitochondrion""[Title])"
MK801367.1,ST5,1741,fbeea3396334762e205ff6c8e1f99255,Sus scrofa domesticus,host_qualifier,Germany,Unknown,feces,Ion Torrent,high,source declares ST5 only,broad_query,2026-08-13T12:29:33.338201+00:00,"Blastocystis[Organism] AND (""18S""[All Fields] OR ""SSU""[All Fields] OR ""small subunit""[All Fields] OR ""18S ribosomal""[All Fields] OR ""SSU rRNA""[All Fields] OR ""ribosomal RNA""[All Fields] OR ""rRNA""[All Fields] OR ""rDNA""[All Fields]) NOT (""whole genome""[Title] OR ""complete genome""[Title] OR ""WGS""[Title] OR ""shotgun""[Title] OR ""mitochondrial""[Title] OR ""mitochondrion""[Title])"
MK801366.1,ST3,1724,2804efc01ba47fb718331bef30d61af3,Sus scrofa domesticus,host_qualifier,Germany,Unknown,feces,Ion Torrent,high,source declares ST3 only,broad_query,2026-08-13T12:29:33.338201+00:00,"Blastocystis[Organism] AND (""18S""[All Fields] OR ""SSU""[All Fields] OR ""small subunit""[All Fields] OR ""18S ribosomal""[All Fields] OR ""SSU rRNA""[All Fields] OR ""ribosomal RNA""[All Fields] OR ""rRNA""[All Fields] OR ""rDNA""[All Fields]) NOT (""whole genome""[Title] OR ""complete genome""[Title] OR ""WGS""[Title] OR ""shotgun""[Title] OR ""mitochondrial""[Title] OR ""mitochondrion""[Title])"
MK801365.1,ST2,1654,1d27fd1e49bbba50a21c0a0ff9369cf3,Sus scrofa domesticus,host_qualifier,Germany,Unknown,feces,Ion Torrent,high,source declares ST2 only,broad_query,2026-08-13T12:29:33.338201+00:00,"Blastocystis[Organism] AND (""18S""[All Fields] OR ""SSU""[All Fields] OR ""small subunit""[All Fields] OR ""18S ribosomal""[All Fields] OR ""SSU rRNA""[All Fields] OR ""ribosomal RNA""[All Fields] OR ""rRNA""[All Fields] OR ""rDNA""[All Fields]) NOT (""whole genome""[Title] OR ""complete genome""[Title] OR ""WGS""[Title] OR ""shotgun""[Title] OR ""mitochondrial""[Title] OR ""mitochondrion""[Title])"
MK801364.1,ST1,1731,8f67be5abca1543d04ec4fa3d165d662,Sus scrofa domesticus,host_qualifier,Germany,Unknown,feces,Ion Torrent,high,source declares ST1 only,broad_query,2026-08-13T12:29:33.338201+00:00,"Blastocystis[Organism] AND (""18S""[All Fields] OR ""SSU""[All Fields] OR ""small subunit""[All Fields] OR ""18S ribosomal""[All Fields] OR ""SSU rRNA""[All Fields] OR ""ribosomal RNA""[All Fields] OR ""rRNA""[All Fields] OR ""rDNA""[All Fields]) NOT (""whole genome""[Title] OR ""complete genome""[Title] OR ""WGS""[Title] OR ""shotgun""[Title] OR ""mitochondrial""[Title] OR ""mitochondrion""[Title])"
MK801363.1,ST5,1744,f43021e8b34ecb77383c23753312ffa9,Sus scrofa domesticus,host_qualifier,Germany,Unknown,feces,Ion Torrent,high,source declares ST5 only,broad_query,2026-08-13T12:29:33.338201+00:00,"Blastocystis[Organism] AND (""18S""[All Fields] OR ""SSU""[All Fields] OR ""small subunit""[All Fields] OR ""18S ribosomal""[All Fields] OR ""SSU rRNA""[All Fields] OR ""ribosomal RNA""[All Fields] OR ""rRNA""[All Fields] OR ""rDNA""[All Fields]) NOT (""whole genome""[Title] OR ""complete genome""[Title] OR ""WGS""[Title] OR ""shotgun""[Title] OR ""mitochondrial""[Title] OR ""mitochondrion""[Title])"
MK801362.1,ST3,1724,658619c9482bf120d368873a89678d3d,Sus scrofa domesticus,host_qualifier,Germany,Unknown,feces,Ion Torrent,high,source declares ST3 only,broad_query,2026-08-13T12:29:33.338201+00:00,"Blastocystis[Organism] AND (""18S""[All Fields] OR ""SSU""[All Fields] OR ""small subunit""[All Fields] OR ""18S ribosomal""[All Fields] OR ""SSU rRNA""[All Fields] OR ""ribosomal RNA""[All Fields] OR ""rRNA""[All Fields] OR ""rDNA""[All Fields]) NOT (""whole genome""[Title] OR ""complete genome""[Title] OR ""WGS""[Title] OR ""shotgun""[Title] OR ""mitochondrial""[Title] OR ""mitochondrion""[Title])"
MK801361.1,ST1,1731,313fa2e06b1a6ce1d0f6b1e7e7b10441,Sus scrofa domesticus,host_qualifier,Germany,Unknown,feces,Ion Torrent,high,source declares ST1 only,broad_query,2026-08-13T12:29:33.338201+00:00,"Blastocystis[Organism] AND (""18S""[All Fields] OR ""SSU""[All Fields] OR ""small subunit""[All Fields] OR ""18S ribosomal""[All Fields] OR ""SSU rRNA""[All Fields] OR ""ribosomal RNA""[All Fields] OR ""rRNA""[All Fields] OR ""rDNA""[All Fields]) NOT (""whole genome""[Title] OR ""complete genome""[Title] OR ""WGS""[Title] OR ""shotgun""[Title] OR ""mitochondrial""[Title] OR ""mitochondrion""[Title])"
MK801360.1,ST5,1737,28f1fe66f85e99f2bce7489fbf12db74,Sus scrofa domesticus,host_qualifier,Germany,Unknown,feces,Ion Torrent,high,source declares ST5 only,broad_query,2026-08-13T12:29:33.338201+00:00,"Blastocystis[Organism] AND (""18S""[All Fields] OR ""SSU""[All Fields] OR ""small subunit""[All Fields] OR ""18S ribosomal""[All Fields] OR ""SSU rRNA""[All Fields] OR ""ribosomal RNA""[All Fields] OR ""rRNA""[All Fields] OR ""rDNA""[All Fields]) NOT (""whole genome""[Title] OR ""complete genome""[Title] OR ""WGS""[Title] OR ""shotgun""[Title] OR ""mitochondrial""[Title] OR ""mitochondrion""[Title])"
MK801359.1,ST3,1752,ed874e98e7b136ca4df10992afae60e0,Sus scrofa domesticus,host_qualifier,Germany,Unknown,feces,Ion Torrent,high,source declares ST3 only,broad_query,2026-08-13T12:29:33.338201+00:00,"Blastocystis[Organism] AND (""18S""[All Fields] OR ""SSU""[All Fields] OR ""small subunit""[All Fields] OR ""18S ribosomal""[All Fields] OR ""SSU rRNA""[All Fields] OR ""ribosomal RNA""[All Fields] OR ""rRNA""[All Fields] OR ""rDNA""[All Fields]) NOT (""whole genome""[Title] OR ""complete genome""[Title] OR ""WGS""[Title] OR ""shotgun""[Title] OR ""mitochondrial""[Title] OR ""mitochondrion""[Title])"
MK801358.1,ST1,1713,37542c055b154241b22f9a3ba32110a7,Sus scrofa domesticus,host_qualifier,Germany,Unknown,feces,Ion Torrent,high,source declares ST1 only,broad_query,2026-08-13T12:29:33.338201+00:00,"Blastocystis[Organism] AND (""18S""[All Fields] OR ""SSU""[All Fields] OR ""small subunit""[All Fields] OR ""18S ribosomal""[All Fields] OR ""SSU rRNA""[All Fields] OR ""ribosomal RNA""[All Fields] OR ""rRNA""[All Fields] OR ""rDNA""[All Fields]) NOT (""whole genome""[Title] OR ""complete genome""[Title] OR ""WGS""[Title] OR ""shotgun""[Title] OR ""mitochondrial""[Title] OR ""mitochondrion""[Title])"
MK801357.1,ST15,1877,bd30e59daae823fd35328919d6df77be,Sus scrofa domesticus,host_qualifier,Germany,Unknown,feces,Ion Torrent,high,source declares ST15 only,broad_query,2026-08-13T12:29:33.338201+00:00,"Blastocystis[Organism] AND (""18S""[All Fields] OR ""SSU""[All Fields] OR ""small subunit""[All Fields] OR ""18S ribosomal""[All Fields] OR ""SSU rRNA""[All Fields] OR ""ribosomal RNA""[All Fields] OR ""rRNA""[All Fields] OR ""rDNA""[All Fields]) NOT (""whole genome""[Title] OR ""complete genome""[Title] OR ""WGS""[Title] OR ""shotgun""[Title] OR ""mitochondrial""[Title] OR ""mitochondrion""[Title])"
MK801356.1,ST5,1749,52bf7b854c9c747b1146de0318e59acd,Sus scrofa domesticus,host_qualifier,Germany,Unknown,feces,Ion Torrent,high,source declares ST5 only,broad_query,2026-08-13T12:29:33.338201+00:00,"Blastocystis[Organism] AND (""18S""[All Fields] OR ""SSU""[All Fields] OR ""small subunit""[All Fields] OR ""18S ribosomal""[All Fields] OR ""SSU rRNA""[All Fields] OR ""ribosomal RNA""[All Fields] OR ""rRNA""[All Fields] OR ""rDNA""[All Fields]) NOT (""whole genome""[Title] OR ""complete genome""[Title] OR ""WGS""[Title] OR ""shotgun""[Title] OR ""mitochondrial""[Title] OR ""mitochondrion""[Title])"
MH358367.1,ST12,1072,941c34719dc8a2509093047524167085,Bos grunniens,host_qualifier,China,Unknown,feces,Sanger,high,source declares ST12 only,broad_query,2026-08-13T12:29:33.338201+00:00,"Blastocystis[Organism] AND (""18S""[All Fields] OR ""SSU""[All Fields] OR ""small subunit""[All Fields] OR ""18S ribosomal""[All Fields] OR ""SSU rRNA""[All Fields] OR ""ribosomal RNA""[All Fields] OR ""rRNA""[All Fields] OR ""rDNA""[All Fields]) NOT (""whole genome""[Title] OR ""complete genome""[Title] OR ""WGS""[Title] OR ""shotgun""[Title] OR ""mitochondrial""[Title] OR ""mitochondrion""[Title])"
MH358363.1,ST10,1091,52339b663b90bca6b8d412e4cc3b4b9e,Bos grunniens,host_qualifier,China,Unknown,feces,Sanger,high,source declares ST10 only,broad_query,2026-08-13T12:29:33.338201+00:00,"Blastocystis[Organism] AND (""18S""[All Fields] OR ""SSU""[All Fields] OR ""small subunit""[All Fields] OR ""18S ribosomal""[All Fields] OR ""SSU rRNA""[All Fields] OR ""ribosomal RNA""[All Fields] OR ""rRNA""[All Fields] OR ""rDNA""[All Fields]) NOT (""whole genome""[Title] OR ""complete genome""[Title] OR ""WGS""[Title] OR ""shotgun""[Title] OR ""mitochondrial""[Title] OR ""mitochondrion""[Title])"
MH358361.1,ST14,1089,20d6bd14d6b4462c3b1d91702ef5078b,Bos grunniens,host_qualifier,China,Unknown,feces,Sanger,high,source declares ST14 only,broad_query,2026-08-13T12:29:33.338201+00:00,"Blastocystis[Organism] AND (""18S""[All Fields] OR ""SSU""[All Fields] OR ""small subunit""[All Fields] OR ""18S ribosomal""[All Fields] OR ""SSU rRNA""[All Fields] OR ""ribosomal RNA""[All Fields] OR ""rRNA""[All Fields] OR ""rDNA""[All Fields]) NOT (""whole genome""[Title] OR ""complete genome""[Title] OR ""WGS""[Title] OR ""shotgun""[Title] OR ""mitochondrial""[Title] OR ""mitochondrion""[Title])"
MH127500.1,ST4,1780,4f12847b52ac6b5a3a63ed01c92413e7,Ruttus novercious,host_qualifier,"Japan: Hyogo, Nishinomiya",2012,Unknown,Sanger,high,source declares ST4 only,broad_query,2026-08-13T12:29:33.338201+00:00,"Blastocystis[Organism] AND (""18S""[All Fields] OR ""SSU""[All Fields] OR ""small subunit""[All Fields] OR ""18S ribosomal""[All Fields] OR ""SSU rRNA""[All Fields] OR ""ribosomal RNA""[All Fields] OR ""rRNA""[All Fields] OR ""rDNA""[All Fields]) NOT (""whole genome""[Title] OR ""complete genome""[Title] OR ""WGS""[Title] OR ""shotgun""[Title] OR ""mitochondrial""[Title] OR ""mitochondrion""[Title])"
MH127499.1,ST4,1780,23b0c0567587d671ee014a92f89a4a55,Ruttus novercious,host_qualifier,"Japan: Hyogo, Nishinomiya",2012,Unknown,Sanger,high,source declares ST4 only,broad_query,2026-08-13T12:29:33.338201+00:00,"Blastocystis[Organism] AND (""18S""[All Fields] OR ""SSU""[All Fields] OR ""small subunit""[All Fields] OR ""18S ribosomal""[All Fields] OR ""SSU rRNA""[All Fields] OR ""ribosomal RNA""[All Fields] OR ""rRNA""[All Fields] OR ""rDNA""[All Fields]) NOT (""whole genome""[Title] OR ""complete genome""[Title] OR ""WGS""[Title] OR ""shotgun""[Title] OR ""mitochondrial""[Title] OR ""mitochondrion""[Title])"
MH127498.1,ST4,1780,df786ea7eb058cea483656a59079d9d2,Ruttus novercious,host_qualifier,"Japan: Osaka, Tennouji",2012,Unknown,Sanger,high,source declares ST4 only,broad_query,2026-08-13T12:29:33.338201+00:00,"Blastocystis[Organism] AND (""18S""[All Fields] OR ""SSU""[All Fields] OR ""small subunit""[All Fields] OR ""18S ribosomal""[All Fields] OR ""SSU rRNA""[All Fields] OR ""ribosomal RNA""[All Fields] OR ""rRNA""[All Fields] OR ""rDNA""[All Fields]) NOT (""whole genome""[Title] OR ""complete genome""[Title] OR ""WGS""[Title] OR ""shotgun""[Title] OR ""mitochondrial""[Title] OR ""mitochondrion""[Title])"
MH127491.1,ST4,1781,968203e7d1564b5e77fef662a0831f55,Ruttus novercious,host_qualifier,"Japan: Osaka, Tennouji",2012,Unknown,Sanger,high,source declares ST4 only,broad_query,2026-08-13T12:29:33.338201+00:00,"Blastocystis[Organism] AND (""18S""[All Fields] OR ""SSU""[All Fields] OR ""small subunit""[All Fields] OR ""18S ribosomal""[All Fields] OR ""SSU rRNA""[All Fields] OR ""ribosomal RNA""[All Fields] OR ""rRNA""[All Fields] OR ""rDNA""[All Fields]) NOT (""whole genome""[Title] OR ""complete genome""[Title] OR ""WGS""[Title] OR ""shotgun""[Title] OR ""mitochondrial""[Title] OR ""mitochondrion""[Title])"
MH127488.1,ST4,1780,45a61bb083ae3fedcf6182f7256256f6,Rattus exulans,host_qualifier,Indonesia: Sumba Island,Aug-2012,Unknown,Sanger,high,source declares ST4 only,broad_query,2026-08-13T12:29:33.338201+00:00,"Blastocystis[Organism] AND (""18S""[All Fields] OR ""SSU""[All Fields] OR ""small subunit""[All Fields] OR ""18S ribosomal""[All Fields] OR ""SSU rRNA""[All Fields] OR ""ribosomal RNA""[All Fields] OR ""rRNA""[All Fields] OR ""rDNA""[All Fields]) NOT (""whole genome""[Title] OR ""complete genome""[Title] OR ""WGS""[Title] OR ""shotgun""[Title] OR ""mitochondrial""[Title] OR ""mitochondrion""[Title])"
MH127487.1,ST4,1780,bf0deb0d556d8c93308cb1b26b6018f3,Rattus exulans,host_qualifier,Indonesia: Sumba Island,Aug-2011,Unknown,Sanger,high,source declares ST4 only,broad_query,2026-08-13T12:29:33.338201+00:00,"Blastocystis[Organism] AND (""18S""[All Fields] OR ""SSU""[All Fields] OR ""small subunit""[All Fields] OR ""18S ribosomal""[All Fields] OR ""SSU rRNA""[All Fields] OR ""ribosomal RNA""[All Fields] OR ""rRNA""[All Fields] OR ""rDNA""[All Fields]) NOT (""whole genome""[Title] OR ""complete genome""[Title] OR ""WGS""[Title] OR ""shotgun""[Title] OR ""mitochondrial""[Title] OR ""mitochondrion""[Title])"
MH127485.1,ST4,1780,e3ad12905ee2908f1a66f9f8e61a6476,Rattus exulans,host_qualifier,Indonesia: Sumba Island,Aug-2011,Unknown,Sanger,high,source declares ST4 only,broad_query,2026-08-13T12:29:33.338201+00:00,"Blastocystis[Organism] AND (""18S""[All Fields] OR ""SSU""[All Fields] OR ""small subunit""[All Fields] OR ""18S ribosomal""[All Fields] OR ""SSU rRNA""[All Fields] OR ""ribosomal RNA""[All Fields] OR ""rRNA""[All Fields] OR ""rDNA""[All Fields]) NOT (""whole genome""[Title] OR ""complete genome""[Title] OR ""WGS""[Title] OR ""shotgun""[Title] OR ""mitochondrial""[Title] OR ""mitochondrion""[Title])"
MH127480.1,ST4,1780,777eb6eae3a4f34e231e6c9a0fd9c0c3,Rattus exulans,host_qualifier,Indonesia: Sumba Island,Aug-2009,Unknown,Sanger,high,source declares ST4 only,broad_query,2026-08-13T12:29:33.338201+00:00,"Blastocystis[Organism] AND (""18S""[All Fields] OR ""SSU""[All Fields] OR ""small subunit""[All Fields] OR ""18S ribosomal""[All Fields] OR ""SSU rRNA""[All Fields] OR ""ribosomal RNA""[All Fields] OR ""rRNA""[All Fields] OR ""rDNA""[All Fields]) NOT (""whole genome""[Title] OR ""complete genome""[Title] OR ""WGS""[Title] OR ""shotgun""[Title] OR ""mitochondrial""[Title] OR ""mitochondrion""[Title])"
MH127479.1,ST4,1779,e1daab4aa9cb4f77b34213f374c5e09f,Rattus exulans,host_qualifier,Indonesia: Sumba Island,Aug-2009,Unknown,Sanger,high,source declares ST4 only,broad_query,2026-08-13T12:29:33.338201+00:00,"Blastocystis[Organism] AND (""18S""[All Fields] OR ""SSU""[All Fields] OR ""small subunit""[All Fields] OR ""18S ribosomal""[All Fields] OR ""SSU rRNA""[All Fields] OR ""ribosomal RNA""[All Fields] OR ""rRNA""[All Fields] OR ""rDNA""[All Fields]) NOT (""whole genome""[Title] OR ""complete genome""[Title] OR ""WGS""[Title] OR ""shotgun""[Title] OR ""mitochondrial""[Title] OR ""mitochondrion""[Title])"
MH127478.1,ST4,1782,79f3b27f7af2cba4e162ee1ab90c0bd1,Rattus exulans,host_qualifier,Indonesia: Sumba Island,Aug-2009,Unknown,Sanger,high,source declares ST4 only,broad_query,2026-08-13T12:29:33.338201+00:00,"Blastocystis[Organism] AND (""18S""[All Fields] OR ""SSU""[All Fields] OR ""small subunit""[All Fields] OR ""18S ribosomal""[All Fields] OR ""SSU rRNA""[All Fields] OR ""ribosomal RNA""[All Fields] OR ""rRNA""[All Fields] OR ""rDNA""[All Fields]) NOT (""whole genome""[Title] OR ""complete genome""[Title] OR ""WGS""[Title] OR ""shotgun""[Title] OR ""mitochondrial""[Title] OR ""mitochondrion""[Title])"
KY610205.1,ST1,1781,4d3aa634f09dfdcd4d7bd046508aa002,Sus scrofa,host_qualifier,Philippines,Unknown,Unknown,Sanger,high,source declares ST1 only,broad_query,2026-08-13T12:29:33.338201+00:00,"Blastocystis[Organism] AND (""18S""[All Fields] OR ""SSU""[All Fields] OR ""small subunit""[All Fields] OR ""18S ribosomal""[All Fields] OR ""SSU rRNA""[All Fields] OR ""ribosomal RNA""[All Fields] OR ""rRNA""[All Fields] OR ""rDNA""[All Fields]) NOT (""whole genome""[Title] OR ""complete genome""[Title] OR ""WGS""[Title] OR ""shotgun""[Title] OR ""mitochondrial""[Title] OR ""mitochondrion""[Title])"
KY610204.1,ST2,1765,2db82da998fc32ddcc497b83922a0aac,Sus scrofa,host_qualifier,Philippines,Unknown,Unknown,Sanger,high,source declares ST2 only,broad_query,2026-08-13T12:29:33.338201+00:00,"Blastocystis[Organism] AND (""18S""[All Fields] OR ""SSU""[All Fields] OR ""small subunit""[All Fields] OR ""18S ribosomal""[All Fields] OR ""SSU rRNA""[All Fields] OR ""ribosomal RNA""[All Fields] OR ""rRNA""[All Fields] OR ""rDNA""[All Fields]) NOT (""whole genome""[Title] OR ""complete genome""[Title] OR ""WGS""[Title] OR ""shotgun""[Title] OR ""mitochondrial""[Title] OR ""mitochondrion""[Title])"
KX618192.1,ST3,1769,d3d807a15f33e352fcaa3b652fda935c,Homo sapiens,host_qualifier,Singapore,18-Feb-2016,stool from an asymptomatic patient during health screening,Sanger,high,source declares ST3 only,broad_query,2026-08-13T12:29:33.338201+00:00,"Blastocystis[Organism] AND (""18S""[All Fields] OR ""SSU""[All Fields] OR ""small subunit""[All Fields] OR ""18S ribosomal""[All Fields] OR ""SSU rRNA""[All Fields] OR ""ribosomal RNA""[All Fields] OR ""rRNA""[All Fields] OR ""rDNA""[All Fields]) NOT (""whole genome""[Title] OR ""complete genome""[Title] OR ""WGS""[Title] OR ""shotgun""[Title] OR ""mitochondrial""[Title] OR ""mitochondrion""[Title])"
KY290430.1,ST3,1720,ddada7c1fa398be04e61c46f3781ba71,Unknown,unknown,Malaysia,Unknown,feces,Sanger,high,source declares ST3 only,broad_query,2026-08-13T12:29:33.338201+00:00,"Blastocystis[Organism] AND (""18S""[All Fields] OR ""SSU""[All Fields] OR ""small subunit""[All Fields] OR ""18S ribosomal""[All Fields] OR ""SSU rRNA""[All Fields] OR ""ribosomal RNA""[All Fields] OR ""rRNA""[All Fields] OR ""rDNA""[All Fields]) NOT (""whole genome""[Title] OR ""complete genome""[Title] OR ""WGS""[Title] OR ""shotgun""[Title] OR ""mitochondrial""[Title] OR ""mitochondrion""[Title])"
KY290429.1,ST3,1617,461fd73a756908701d1981d9d6353eba,Unknown,unknown,Malaysia,Unknown,feces,Sanger,high,source declares ST3 only,broad_query,2026-08-13T12:29:33.338201+00:00,"Blastocystis[Organism] AND (""18S""[All Fields] OR ""SSU""[All Fields] OR ""small subunit""[All Fields] OR ""18S ribosomal""[All Fields] OR ""SSU rRNA""[All Fields] OR ""ribosomal RNA""[All Fields] OR ""rRNA""[All Fields] OR ""rDNA""[All Fields]) NOT (""whole genome""[Title] OR ""complete genome""[Title] OR ""WGS""[Title] OR ""shotgun""[Title] OR ""mitochondrial""[Title] OR ""mitochondrion""[Title])"
KY290428.1,ST3,1671,9425b0e8ffe83a44a614d68abf440c03,Unknown,unknown,Malaysia,Unknown,feces,Sanger,high,source declares ST3 only,broad_query,2026-08-13T12:29:33.338201+00:00,"Blastocystis[Organism] AND (""18S""[All Fields] OR ""SSU""[All Fields] OR ""small subunit""[All Fields] OR ""18S ribosomal""[All Fields] OR ""SSU rRNA""[All Fields] OR ""ribosomal RNA""[All Fields] OR ""rRNA""[All Fields] OR ""rDNA""[All Fields]) NOT (""whole genome""[Title] OR ""complete genome""[Title] OR ""WGS""[Title] OR ""shotgun""[Title] OR ""mitochondrial""[Title] OR ""mitochondrion""[Title])"
KY290427.1,ST3,1653,77e7e373328f08d42c200e4a9aee77bb,Unknown,unknown,Malaysia,Unknown,feces,Sanger,high,source declares ST3 only,broad_query,2026-08-13T12:29:33.338201+00:00,"Blastocystis[Organism] AND (""18S""[All Fields] OR ""SSU""[All Fields] OR ""small subunit""[All Fields] OR ""18S ribosomal""[All Fields] OR ""SSU rRNA""[All Fields] OR ""ribosomal RNA""[All Fields] OR ""rRNA""[All Fields] OR ""rDNA""[All Fields]) NOT (""whole genome""[Title] OR ""complete genome""[Title] OR ""WGS""[Title] OR ""shotgun""[Title] OR ""mitochondrial""[Title] OR ""mitochondrion""[Title])"
KY290407.1,ST3,1677,4daeb48743f76d26c8570eafeba1ea07,Unknown,unknown,Malaysia,Unknown,feces,Sanger,high,source declares ST3 only,broad_query,2026-08-13T12:29:33.338201+00:00,"Blastocystis[Organism] AND (""18S""[All Fields] OR ""SSU""[All Fields] OR ""small subunit""[All Fields] OR ""18S ribosomal""[All Fields] OR ""SSU rRNA""[All Fields] OR ""ribosomal RNA""[All Fields] OR ""rRNA""[All Fields] OR ""rDNA""[All Fields]) NOT (""whole genome""[Title] OR ""complete genome""[Title] OR ""WGS""[Title] OR ""shotgun""[Title] OR ""mitochondrial""[Title] OR ""mitochondrion""[Title])"
KY290406.1,ST3,1678,830dceb20e29a380350611a714fd5877,Unknown,unknown,Malaysia,Unknown,feces,Sanger,high,source declares ST3 only,broad_query,2026-08-13T12:29:33.338201+00:00,"Blastocystis[Organism] AND (""18S""[All Fields] OR ""SSU""[All Fields] OR ""small subunit""[All Fields] OR ""18S ribosomal""[All Fields] OR ""SSU rRNA""[All Fields] OR ""ribosomal RNA""[All Fields] OR ""rRNA""[All Fields] OR ""rDNA""[All Fields]) NOT (""whole genome""[Title] OR ""complete genome""[Title] OR ""WGS""[Title] OR ""shotgun""[Title] OR ""mitochondrial""[Title] OR ""mitochondrion""[Title])"
KY290403.1,ST3,1000,52f1ab9caf83c0df0c67389f6f8c1d25,Unknown,unknown,Malaysia,Unknown,feces,Sanger,high,source declares ST3 only,broad_query,2026-08-13T12:29:33.338201+00:00,"Blastocystis[Organism] AND (""18S""[All Fields] OR ""SSU""[All Fields] OR ""small subunit""[All Fields] OR ""18S ribosomal""[All Fields] OR ""SSU rRNA""[All Fields] OR ""ribosomal RNA""[All Fields] OR ""rRNA""[All Fields] OR ""rDNA""[All Fields]) NOT (""whole genome""[Title] OR ""complete genome""[Title] OR ""WGS""[Title] OR ""shotgun""[Title] OR ""mitochondrial""[Title] OR ""mitochondrion""[Title])"
KY290402.1,ST3,1000,481728378ddb6e7a1a267fd924831725,Unknown,unknown,Malaysia,Unknown,feces,Sanger,high,source declares ST3 only,broad_query,2026-08-13T12:29:33.338201+00:00,"Blastocystis[Organism] AND (""18S""[All Fields] OR ""SSU""[All Fields] OR ""small subunit""[All Fields] OR ""18S ribosomal""[All Fields] OR ""SSU rRNA""[All Fields] OR ""ribosomal RNA""[All Fields] OR ""rRNA""[All Fields] OR ""rDNA""[All Fields]) NOT (""whole genome""[Title] OR ""complete genome""[Title] OR ""WGS""[Title] OR ""shotgun""[Title] OR ""mitochondrial""[Title] OR ""mitochondrion""[Title])"
KY290401.1,ST3,1716,5459165a62ed429d2495dfcecb75bdb0,Unknown,unknown,Malaysia,Unknown,feces,Sanger,high,source declares ST3 only,broad_query,2026-08-13T12:29:33.338201+00:00,"Blastocystis[Organism] AND (""18S""[All Fields] OR ""SSU""[All Fields] OR ""small subunit""[All Fields] OR ""18S ribosomal""[All Fields] OR ""SSU rRNA""[All Fields] OR ""ribosomal RNA""[All Fields] OR ""rRNA""[All Fields] OR ""rDNA""[All Fields]) NOT (""whole genome""[Title] OR ""complete genome""[Title] OR ""WGS""[Title] OR ""shotgun""[Title] OR ""mitochondrial""[Title] OR ""mitochondrion""[Title])"
KY290400.1,ST3,1734,a28d7d8dbc90a04839af11d9f864db75,Unknown,unknown,Malaysia,Unknown,feces,Sanger,high,source declares ST3 only,broad_query,2026-08-13T12:29:33.338201+00:00,"Blastocystis[Organism] AND (""18S""[All Fields] OR ""SSU""[All Fields] OR ""small subunit""[All Fields] OR ""18S ribosomal""[All Fields] OR ""SSU rRNA""[All Fields] OR ""ribosomal RNA""[All Fields] OR ""rRNA""[All Fields] OR ""rDNA""[All Fields]) NOT (""whole genome""[Title] OR ""complete genome""[Title] OR ""WGS""[Title] OR ""shotgun""[Title] OR ""mitochondrial""[Title] OR ""mitochondrion""[Title])"
KX234639.1,ST10,1166,03fe400fb990327958dffcbdbe0f360d,bird,host_qualifier,Malaysia,Unknown,feces,Sanger,high,source declares ST10 only,broad_query,2026-08-13T12:29:33.338201+00:00,"Blastocystis[Organism] AND (""18S""[All Fields] OR ""SSU""[All Fields] OR ""small subunit""[All Fields] OR ""18S ribosomal""[All Fields] OR ""SSU rRNA""[All Fields] OR ""ribosomal RNA""[All Fields] OR ""rRNA""[All Fields] OR ""rDNA""[All Fields]) NOT (""whole genome""[Title] OR ""complete genome""[Title] OR ""WGS""[Title] OR ""shotgun""[Title] OR ""mitochondrial""[Title] OR ""mitochondrion""[Title])"
KX234638.1,ST10,1328,ca502216eed62aab17345552819b0df6,Capra hircus,host_qualifier,Malaysia,Unknown,feces,Sanger,high,source declares ST10 only,broad_query,2026-08-13T12:29:33.338201+00:00,"Blastocystis[Organism] AND (""18S""[All Fields] OR ""SSU""[All Fields] OR ""small subunit""[All Fields] OR ""18S ribosomal""[All Fields] OR ""SSU rRNA""[All Fields] OR ""ribosomal RNA""[All Fields] OR ""rRNA""[All Fields] OR ""rDNA""[All Fields]) NOT (""whole genome""[Title] OR ""complete genome""[Title] OR ""WGS""[Title] OR ""shotgun""[Title] OR ""mitochondrial""[Title] OR ""mitochondrion""[Title])"
KX234634.1,ST4,1386,6a62257fd04d34c8596cea3b18afaadd,Canis lupus familiaris,host_qualifier,Malaysia,Unknown,feces,Sanger,high,source declares ST4 only,broad_query,2026-08-13T12:29:33.338201+00:00,"Blastocystis[Organism] AND (""18S""[All Fields] OR ""SSU""[All Fields] OR ""small subunit""[All Fields] OR ""18S ribosomal""[All Fields] OR ""SSU rRNA""[All Fields] OR ""ribosomal RNA""[All Fields] OR ""rRNA""[All Fields] OR ""rDNA""[All Fields]) NOT (""whole genome""[Title] OR ""complete genome""[Title] OR ""WGS""[Title] OR ""shotgun""[Title] OR ""mitochondrial""[Title] OR ""mitochondrion""[Title])"
KX234625.1,ST3,1607,f3674943814441865610577824a45ac5,Gallus gallus,host_qualifier,Malaysia,Unknown,feces,Sanger,high,source declares ST3 only,broad_query,2026-08-13T12:29:33.338201+00:00,"Blastocystis[Organism] AND (""18S""[All Fields] OR ""SSU""[All Fields] OR ""small subunit""[All Fields] OR ""18S ribosomal""[All Fields] OR ""SSU rRNA""[All Fields] OR ""ribosomal RNA""[All Fields] OR ""rRNA""[All Fields] OR ""rDNA""[All Fields]) NOT (""whole genome""[Title] OR ""complete genome""[Title] OR ""WGS""[Title] OR ""shotgun""[Title] OR ""mitochondrial""[Title] OR ""mitochondrion""[Title])"
KX234621.1,ST7,1075,515ea671c34b96db6a937706cfb5e6d7,Gallus gallus,host_qualifier,Malaysia,Unknown,feces,Sanger,high,source declares ST7 only,broad_query,2026-08-13T12:29:33.338201+00:00,"Blastocystis[Organism] AND (""18S""[All Fields] OR ""SSU""[All Fields] OR ""small subunit""[All Fields] OR ""18S ribosomal""[All Fields] OR ""SSU rRNA""[All Fields] OR ""ribosomal RNA""[All Fields] OR ""rRNA""[All Fields] OR ""rDNA""[All Fields]) NOT (""whole genome""[Title] OR ""complete genome""[Title] OR ""WGS""[Title] OR ""shotgun""[Title] OR ""mitochondrial""[Title] OR ""mitochondrion""[Title])"
KX234619.1,ST7,1044,9f98b6308d50bde73bd34587260761b8,Gallus gallus,host_qualifier,Malaysia,Unknown,feces,Sanger,high,source declares ST7 only,broad_query,2026-08-13T12:29:33.338201+00:00,"Blastocystis[Organism] AND (""18S""[All Fields] OR ""SSU""[All Fields] OR ""small subunit""[All Fields] OR ""18S ribosomal""[All Fields] OR ""SSU rRNA""[All Fields] OR ""ribosomal RNA""[All Fields] OR ""rRNA""[All Fields] OR ""rDNA""[All Fields]) NOT (""whole genome""[Title] OR ""complete genome""[Title] OR ""WGS""[Title] OR ""shotgun""[Title] OR ""mitochondrial""[Title] OR ""mitochondrion""[Title])"
KX234618.1,ST4,1124,62117995efad6cf9b20ef8c95d2c398a,Canis lupus familiaris,host_qualifier,Malaysia,Unknown,feces,Sanger,high,source declares ST4 only,broad_query,2026-08-13T12:29:33.338201+00:00,"Blastocystis[Organism] AND (""18S""[All Fields] OR ""SSU""[All Fields] OR ""small subunit""[All Fields] OR ""18S ribosomal""[All Fields] OR ""SSU rRNA""[All Fields] OR ""ribosomal RNA""[All Fields] OR ""rRNA""[All Fields] OR ""rDNA""[All Fields]) NOT (""whole genome""[Title] OR ""complete genome""[Title] OR ""WGS""[Title] OR ""shotgun""[Title] OR ""mitochondrial""[Title] OR ""mitochondrion""[Title])"
KX234616.1,ST10,1255,cbddaaa9b4f7a6e5fd76e0521fc814f9,Canis lupus familiaris,host_qualifier,Malaysia,Unknown,feces,Sanger,high,source declares ST10 only,broad_query,2026-08-13T12:29:33.338201+00:00,"Blastocystis[Organism] AND (""18S""[All Fields] OR ""SSU""[All Fields] OR ""small subunit""[All Fields] OR ""18S ribosomal""[All Fields] OR ""SSU rRNA""[All Fields] OR ""ribosomal RNA""[All Fields] OR ""rRNA""[All Fields] OR ""rDNA""[All Fields]) NOT (""whole genome""[Title] OR ""complete genome""[Title] OR ""WGS""[Title] OR ""shotgun""[Title] OR ""mitochondrial""[Title] OR ""mitochondrion""[Title])"
KX234613.1,ST8,1186,bcbc9497ec3971259a9239c689a2e131,Canis lupus familiaris,host_qualifier,Malaysia,Unknown,feces,Sanger,high,source declares ST8 only,broad_query,2026-08-13T12:29:33.338201+00:00,"Blastocystis[Organism] AND (""18S""[All Fields] OR ""SSU""[All Fields] OR ""small subunit""[All Fields] OR ""18S ribosomal""[All Fields] OR ""SSU rRNA""[All Fields] OR ""ribosomal RNA""[All Fields] OR ""rRNA""[All Fields] OR ""rDNA""[All Fields]) NOT (""whole genome""[Title] OR ""complete genome""[Title] OR ""WGS""[Title] OR ""shotgun""[Title] OR ""mitochondrial""[Title] OR ""mitochondrion""[Title])"
KX234612.1,ST8,1255,0d33725e18c9e3f41ed54f89947cf4d0,Canis lupus familiaris,host_qualifier,Malaysia,Unknown,feces,Sanger,high,source declares ST8 only,broad_query,2026-08-13T12:29:33.338201+00:00,"Blastocystis[Organism] AND (""18S""[All Fields] OR ""SSU""[All Fields] OR ""small subunit""[All Fields] OR ""18S ribosomal""[All Fields] OR ""SSU rRNA""[All Fields] OR ""ribosomal RNA""[All Fields] OR ""rRNA""[All Fields] OR ""rDNA""[All Fields]) NOT (""whole genome""[Title] OR ""complete genome""[Title] OR ""WGS""[Title] OR ""shotgun""[Title] OR ""mitochondrial""[Title] OR ""mitochondrion""[Title])"
KX234611.1,ST3,1629,7e70e1b59d087706f52abc1d668a0cb3,Canis lupus familiaris,host_qualifier,Malaysia,Unknown,feces,Sanger,high,source declares ST3 only,broad_query,2026-08-13T12:29:33.338201+00:00,"Blastocystis[Organism] AND (""18S""[All Fields] OR ""SSU""[All Fields] OR ""small subunit""[All Fields] OR ""18S ribosomal""[All Fields] OR ""SSU rRNA""[All Fields] OR ""ribosomal RNA""[All Fields] OR ""rRNA""[All Fields] OR ""rDNA""[All Fields]) NOT (""whole genome""[Title] OR ""complete genome""[Title] OR ""WGS""[Title] OR ""shotgun""[Title] OR ""mitochondrial""[Title] OR ""mitochondrion""[Title])"
KX234607.1,ST7,1113,bc86f263cf87e59cbd76023978e60970,Anas platyrhynchos,host_qualifier,Malaysia,Unknown,feces,Sanger,high,source declares ST7 only,broad_query,2026-08-13T12:29:33.338201+00:00,"Blastocystis[Organism] AND (""18S""[All Fields] OR ""SSU""[All Fields] OR ""small subunit""[All Fields] OR ""18S ribosomal""[All Fields] OR ""SSU rRNA""[All Fields] OR ""ribosomal RNA""[All Fields] OR ""rRNA""[All Fields] OR ""rDNA""[All Fields]) NOT (""whole genome""[Title] OR ""complete genome""[Title] OR ""WGS""[Title] OR ""shotgun""[Title] OR ""mitochondrial""[Title] OR ""mitochondrion""[Title])"
KX234594.1,ST7,1326,b221f1479035362ceca313a3003cb0a1,Gallus gallus,host_qualifier,Malaysia,Unknown,feces,Sanger,high,source declares ST7 only,broad_query,2026-08-13T12:29:33.338201+00:00,"Blastocystis[Organism] AND (""18S""[All Fields] OR ""SSU""[All Fields] OR ""small subunit""[All Fields] OR ""18S ribosomal""[All Fields] OR ""SSU rRNA""[All Fields] OR ""ribosomal RNA""[All Fields] OR ""rRNA""[All Fields] OR ""rDNA""[All Fields]) NOT (""whole genome""[Title] OR ""complete genome""[Title] OR ""WGS""[Title] OR ""shotgun""[Title] OR ""mitochondrial""[Title] OR ""mitochondrion""[Title])"
KX234593.1,ST7,1264,d6a491174d7be6e3177ed801b2a01ecc,Gallus gallus,host_qualifier,Malaysia,Unknown,feces,Sanger,high,source declares ST7 only,broad_query,2026-08-13T12:29:33.338201+00:00,"Blastocystis[Organism] AND (""18S""[All Fields] OR ""SSU""[All Fields] OR ""small subunit""[All Fields] OR ""18S ribosomal""[All Fields] OR ""SSU rRNA""[All Fields] OR ""ribosomal RNA""[All Fields] OR ""rRNA""[All Fields] OR ""rDNA""[All Fields]) NOT (""whole genome""[Title] OR ""complete genome""[Title] OR ""WGS""[Title] OR ""shotgun""[Title] OR ""mitochondrial""[Title] OR ""mitochondrion""[Title])"
KX352032.1,ST3,1169,ebd7f011f5d5c0197a5ff3999c8ad464,Unknown,unknown,Malaysia,Unknown,water,Sanger,high,source declares ST3 only,broad_query,2026-08-13T12:29:33.338201+00:00,"Blastocystis[Organism] AND (""18S""[All Fields] OR ""SSU""[All Fields] OR ""small subunit""[All Fields] OR ""18S ribosomal""[All Fields] OR ""SSU rRNA""[All Fields] OR ""ribosomal RNA""[All Fields] OR ""rRNA""[All Fields] OR ""rDNA""[All Fields]) NOT (""whole genome""[Title] OR ""complete genome""[Title] OR ""WGS""[Title] OR ""shotgun""[Title] OR ""mitochondrial""[Title] OR ""mitochondrion""[Title])"
KX352030.1,ST3,1191,97458a8109323743a132db2830de415c,Unknown,unknown,Malaysia,Unknown,water,Sanger,high,source declares ST3 only,broad_query,2026-08-13T12:29:33.338201+00:00,"Blastocystis[Organism] AND (""18S""[All Fields] OR ""SSU""[All Fields] OR ""small subunit""[All Fields] OR ""18S ribosomal""[All Fields] OR ""SSU rRNA""[All Fields] OR ""ribosomal RNA""[All Fields] OR ""rRNA""[All Fields] OR ""rDNA""[All Fields]) NOT (""whole genome""[Title] OR ""complete genome""[Title] OR ""WGS""[Title] OR ""shotgun""[Title] OR ""mitochondrial""[Title] OR ""mitochondrion""[Title])"
KX352028.1,ST3,1012,265d5586f704328d06cdbedcfb1bcfdb,Unknown,unknown,Malaysia,Unknown,water,Sanger,high,source declares ST3 only,broad_query,2026-08-13T12:29:33.338201+00:00,"Blastocystis[Organism] AND (""18S""[All Fields] OR ""SSU""[All Fields] OR ""small subunit""[All Fields] OR ""18S ribosomal""[All Fields] OR ""SSU rRNA""[All Fields] OR ""ribosomal RNA""[All Fields] OR ""rRNA""[All Fields] OR ""rDNA""[All Fields]) NOT (""whole genome""[Title] OR ""complete genome""[Title] OR ""WGS""[Title] OR ""shotgun""[Title] OR ""mitochondrial""[Title] OR ""mitochondrion""[Title])"
KX352027.1,ST3,1404,4a238ba8f25c889c35fa74764257b68c,Unknown,unknown,Malaysia,Unknown,water,Sanger,high,source declares ST3 only,broad_query,2026-08-13T12:29:33.338201+00:00,"Blastocystis[Organism] AND (""18S""[All Fields] OR ""SSU""[All Fields] OR ""small subunit""[All Fields] OR ""18S ribosomal""[All Fields] OR ""SSU rRNA""[All Fields] OR ""ribosomal RNA""[All Fields] OR ""rRNA""[All Fields] OR ""rDNA""[All Fields]) NOT (""whole genome""[Title] OR ""complete genome""[Title] OR ""WGS""[Title] OR ""shotgun""[Title] OR ""mitochondrial""[Title] OR ""mitochondrion""[Title])"
KX352026.1,ST4,1188,d817e6615bddb87bb581dfe2df26da3b,Unknown,unknown,Malaysia,Unknown,water,Sanger,high,source declares ST4 only,broad_query,2026-08-13T12:29:33.338201+00:00,"Blastocystis[Organism] AND (""18S""[All Fields] OR ""SSU""[All Fields] OR ""small subunit""[All Fields] OR ""18S ribosomal""[All Fields] OR ""SSU rRNA""[All Fields] OR ""ribosomal RNA""[All Fields] OR ""rRNA""[All Fields] OR ""rDNA""[All Fields]) NOT (""whole genome""[Title] OR ""complete genome""[Title] OR ""WGS""[Title] OR ""shotgun""[Title] OR ""mitochondrial""[Title] OR ""mitochondrion""[Title])"
KX352025.1,ST3,1174,2520d82183785fb8ee4f4bed7afc6c09,Unknown,unknown,Malaysia,Unknown,water,Sanger,high,source declares ST3 only,broad_query,2026-08-13T12:29:33.338201+00:00,"Blastocystis[Organism] AND (""18S""[All Fields] OR ""SSU""[All Fields] OR ""small subunit""[All Fields] OR ""18S ribosomal""[All Fields] OR ""SSU rRNA""[All Fields] OR ""ribosomal RNA""[All Fields] OR ""rRNA""[All Fields] OR ""rDNA""[All Fields]) NOT (""whole genome""[Title] OR ""complete genome""[Title] OR ""WGS""[Title] OR ""shotgun""[Title] OR ""mitochondrial""[Title] OR ""mitochondrion""[Title])"
KX352024.1,ST3,1507,4b84df88c3aafea285b7911d676f525f,Unknown,unknown,Malaysia,Unknown,water,Sanger,high,source declares ST3 only,broad_query,2026-08-13T12:29:33.338201+00:00,"Blastocystis[Organism] AND (""18S""[All Fields] OR ""SSU""[All Fields] OR ""small subunit""[All Fields] OR ""18S ribosomal""[All Fields] OR ""SSU rRNA""[All Fields] OR ""ribosomal RNA""[All Fields] OR ""rRNA""[All Fields] OR ""rDNA""[All Fields]) NOT (""whole genome""[Title] OR ""complete genome""[Title] OR ""WGS""[Title] OR ""shotgun""[Title] OR ""mitochondrial""[Title] OR ""mitochondrion""[Title])"
KX352018.1,ST3,1299,f5f3312e001b8846995e05272e032081,Unknown,unknown,Malaysia,Unknown,water,Sanger,high,source declares ST3 only,broad_query,2026-08-13T12:29:33.338201+00:00,"Blastocystis[Organism] AND (""18S""[All Fields] OR ""SSU""[All Fields] OR ""small subunit""[All Fields] OR ""18S ribosomal""[All Fields] OR ""SSU rRNA""[All Fields] OR ""ribosomal RNA""[All Fields] OR ""rRNA""[All Fields] OR ""rDNA""[All Fields]) NOT (""whole genome""[Title] OR ""complete genome""[Title] OR ""WGS""[Title] OR ""shotgun""[Title] OR ""mitochondrial""[Title] OR ""mitochondrion""[Title])"
KX352013.1,ST3,1271,48a2e187bd95f3d1d517ac3adeeae240,Unknown,unknown,Malaysia,Unknown,water,Sanger,high,source declares ST3 only,broad_query,2026-08-13T12:29:33.338201+00:00,"Blastocystis[Organism] AND (""18S""[All Fields] OR ""SSU""[All Fields] OR ""small subunit""[All Fields] OR ""18S ribosomal""[All Fields] OR ""SSU rRNA""[All Fields] OR ""ribosomal RNA""[All Fields] OR ""rRNA""[All Fields] OR ""rDNA""[All Fields]) NOT (""whole genome""[Title] OR ""complete genome""[Title] OR ""WGS""[Title] OR ""shotgun""[Title] OR ""mitochondrial""[Title] OR ""mitochondrion""[Title])"
KX352006.1,ST10,1465,3b95e4252caa07e8e60b59ae2a72dd44,Unknown,unknown,Malaysia,Unknown,water,Sanger,high,source declares ST10 only,broad_query,2026-08-13T12:29:33.338201+00:00,"Blastocystis[Organism] AND (""18S""[All Fields] OR ""SSU""[All Fields] OR ""small subunit""[All Fields] OR ""18S ribosomal""[All Fields] OR ""SSU rRNA""[All Fields] OR ""ribosomal RNA""[All Fields] OR ""rRNA""[All Fields] OR ""rDNA""[All Fields]) NOT (""whole genome""[Title] OR ""complete genome""[Title] OR ""WGS""[Title] OR ""shotgun""[Title] OR ""mitochondrial""[Title] OR ""mitochondrion""[Title])"
KX351987.1,ST4,1275,6e05b12279a461c253ee4da0af1bc215,Homo sapiens,host_qualifier,Malaysia,Unknown,feces,Sanger,high,source declares ST4 only,broad_query,2026-08-13T12:29:33.338201+00:00,"Blastocystis[Organism] AND (""18S""[All Fields] OR ""SSU""[All Fields] OR ""small subunit""[All Fields] OR ""18S ribosomal""[All Fields] OR ""SSU rRNA""[All Fields] OR ""ribosomal RNA""[All Fields] OR ""rRNA""[All Fields] OR ""rDNA""[All Fields]) NOT (""whole genome""[Title] OR ""complete genome""[Title] OR ""WGS""[Title] OR ""shotgun""[Title] OR ""mitochondrial""[Title] OR ""mitochondrion""[Title])"
KX351986.1,ST3,1307,9128f00383617ab4a6e771eabd866910,Homo sapiens,host_qualifier,Malaysia,Unknown,feces,Sanger,high,source declares ST3 only,broad_query,2026-08-13T12:29:33.338201+00:00,"Blastocystis[Organism] AND (""18S""[All Fields] OR ""SSU""[All Fields] OR ""small subunit""[All Fields] OR ""18S ribosomal""[All Fields] OR ""SSU rRNA""[All Fields] OR ""ribosomal RNA""[All Fields] OR ""rRNA""[All Fields] OR ""rDNA""[All Fields]) NOT (""whole genome""[Title] OR ""complete genome""[Title] OR ""WGS""[Title] OR ""shotgun""[Title] OR ""mitochondrial""[Title] OR ""mitochondrion""[Title])"
KX351985.1,ST3,1096,be982432ecbdac6aee6f17864de49a65,Homo sapiens,host_qualifier,Malaysia,Unknown,feces,Sanger,high,source declares ST3 only,broad_query,2026-08-13T12:29:33.338201+00:00,"Blastocystis[Organism] AND (""18S""[All Fields] OR ""SSU""[All Fields] OR ""small subunit""[All Fields] OR ""18S ribosomal""[All Fields] OR ""SSU rRNA""[All Fields] OR ""ribosomal RNA""[All Fields] OR ""rRNA""[All Fields] OR ""rDNA""[All Fields]) NOT (""whole genome""[Title] OR ""complete genome""[Title] OR ""WGS""[Title] OR ""shotgun""[Title] OR ""mitochondrial""[Title] OR ""mitochondrion""[Title])"
KX351984.1,ST3,1526,71f61cd70cc71f91a8ed341724a5d9e3,Homo sapiens,host_qualifier,Malaysia,Unknown,feces,Sanger,high,source declares ST3 only,broad_query,2026-08-13T12:29:33.338201+00:00,"Blastocystis[Organism] AND (""18S""[All Fields] OR ""SSU""[All Fields] OR ""small subunit""[All Fields] OR ""18S ribosomal""[All Fields] OR ""SSU rRNA""[All Fields] OR ""ribosomal RNA""[All Fields] OR ""rRNA""[All Fields] OR ""rDNA""[All Fields]) NOT (""whole genome""[Title] OR ""complete genome""[Title] OR ""WGS""[Title] OR ""shotgun""[Title] OR ""mitochondrial""[Title] OR ""mitochondrion""[Title])"
KX351983.1,ST3,1289,9ebab667b7a4f0d8d3a8a59f4b419f65,Homo sapiens,host_qualifier,Malaysia,Unknown,feces,Sanger,high,source declares ST3 only,broad_query,2026-08-13T12:29:33.338201+00:00,"Blastocystis[Organism] AND (""18S""[All Fields] OR ""SSU""[All Fields] OR ""small subunit""[All Fields] OR ""18S ribosomal""[All Fields] OR ""SSU rRNA""[All Fields] OR ""ribosomal RNA""[All Fields] OR ""rRNA""[All Fields] OR ""rDNA""[All Fields]) NOT (""whole genome""[Title] OR ""complete genome""[Title] OR ""WGS""[Title] OR ""shotgun""[Title] OR ""mitochondrial""[Title] OR ""mitochondrion""[Title])"
KX351982.1,ST3,1161,bcbb7df2231e94022d99243fd0db13c1,Homo sapiens,host_qualifier,Malaysia,Unknown,feces,Sanger,high,source declares ST3 only,broad_query,2026-08-13T12:29:33.338201+00:00,"Blastocystis[Organism] AND (""18S""[All Fields] OR ""SSU""[All Fields] OR ""small subunit""[All Fields] OR ""18S ribosomal""[All Fields] OR ""SSU rRNA""[All Fields] OR ""ribosomal RNA""[All Fields] OR ""rRNA""[All Fields] OR ""rDNA""[All Fields]) NOT (""whole genome""[Title] OR ""complete genome""[Title] OR ""WGS""[Title] OR ""shotgun""[Title] OR ""mitochondrial""[Title] OR ""mitochondrion""[Title])"
KX234637.1,ST4,1152,5b63965b355eb881b330f42bb769c769,Capra hircus,host_qualifier,Malaysia,Unknown,feces,Sanger,high,source declares ST4 only,broad_query,2026-08-13T12:29:33.338201+00:00,"Blastocystis[Organism] AND (""18S""[All Fields] OR ""SSU""[All Fields] OR ""small subunit""[All Fields] OR ""18S ribosomal""[All Fields] OR ""SSU rRNA""[All Fields] OR ""ribosomal RNA""[All Fields] OR ""rRNA""[All Fields] OR ""rDNA""[All Fields]) NOT (""whole genome""[Title] OR ""complete genome""[Title] OR ""WGS""[Title] OR ""shotgun""[Title] OR ""mitochondrial""[Title] OR ""mitochondrion""[Title])"
KX234624.1,ST3,1000,f12528e8910b4d4708390a2fa15634a7,Gallus gallus,host_qualifier,Malaysia,Unknown,feces,Sanger,high,source declares ST3 only,broad_query,2026-08-13T12:29:33.338201+00:00,"Blastocystis[Organism] AND (""18S""[All Fields] OR ""SSU""[All Fields] OR ""small subunit""[All Fields] OR ""18S ribosomal""[All Fields] OR ""SSU rRNA""[All Fields] OR ""ribosomal RNA""[All Fields] OR ""rRNA""[All Fields] OR ""rDNA""[All Fields]) NOT (""whole genome""[Title] OR ""complete genome""[Title] OR ""WGS""[Title] OR ""shotgun""[Title] OR ""mitochondrial""[Title] OR ""mitochondrion""[Title])"
KX234601.1,ST8,1266,99f38cf49140f112cf87b011e7815d46,Capra hircus,host_qualifier,Malaysia,Unknown,feces,Sanger,high,source declares ST8 only,broad_query,2026-08-13T12:29:33.338201+00:00,"Blastocystis[Organism] AND (""18S""[All Fields] OR ""SSU""[All Fields] OR ""small subunit""[All Fields] OR ""18S ribosomal""[All Fields] OR ""SSU rRNA""[All Fields] OR ""ribosomal RNA""[All Fields] OR ""rRNA""[All Fields] OR ""rDNA""[All Fields]) NOT (""whole genome""[Title] OR ""complete genome""[Title] OR ""WGS""[Title] OR ""shotgun""[Title] OR ""mitochondrial""[Title] OR ""mitochondrion""[Title])"
KX234596.1,ST9,1203,219149eb24f9023f646105da91e2ef20,Gallus gallus,host_qualifier,Malaysia,Unknown,feces,Sanger,high,source declares ST9 only,broad_query,2026-08-13T12:29:33.338201+00:00,"Blastocystis[Organism] AND (""18S""[All Fields] OR ""SSU""[All Fields] OR ""small subunit""[All Fields] OR ""18S ribosomal""[All Fields] OR ""SSU rRNA""[All Fields] OR ""ribosomal RNA""[All Fields] OR ""rRNA""[All Fields] OR ""rDNA""[All Fields]) NOT (""whole genome""[Title] OR ""complete genome""[Title] OR ""WGS""[Title] OR ""shotgun""[Title] OR ""mitochondrial""[Title] OR ""mitochondrion""[Title])"
JQ974945.1,ST8,1494,55da91f6117acaac6a10f0d0a2f20322,Pan troglodytes,host_qualifier,Czech Republic: ZOO Liberec,Unknown,feces,Unknown,high,source declares ST8 only,broad_query,2026-08-13T12:29:33.338201+00:00,"Blastocystis[Organism] AND (""18S""[All Fields] OR ""SSU""[All Fields] OR ""small subunit""[All Fields] OR ""18S ribosomal""[All Fields] OR ""SSU rRNA""[All Fields] OR ""ribosomal RNA""[All Fields] OR ""rRNA""[All Fields] OR ""rDNA""[All Fields]) NOT (""whole genome""[Title] OR ""complete genome""[Title] OR ""WGS""[Title] OR ""shotgun""[Title] OR ""mitochondrial""[Title] OR ""mitochondrion""[Title])"
KF447173.1,ST7,1804,6735fe4d4124a7be4c97138405f803e4,Unknown,unknown,Unknown,Unknown,Unknown,Sanger,high,source declares ST7 only,broad_query,2026-08-13T12:29:33.338201+00:00,"Blastocystis[Organism] AND (""18S""[All Fields] OR ""SSU""[All Fields] OR ""small subunit""[All Fields] OR ""18S ribosomal""[All Fields] OR ""SSU rRNA""[All Fields] OR ""ribosomal RNA""[All Fields] OR ""rRNA""[All Fields] OR ""rDNA""[All Fields]) NOT (""whole genome""[Title] OR ""complete genome""[Title] OR ""WGS""[Title] OR ""shotgun""[Title] OR ""mitochondrial""[Title] OR ""mitochondrion""[Title])"
KF447172.1,ST7,1804,0d63f5c8d82641cc2a210dd88a8ed2ce,Unknown,unknown,Unknown,Unknown,Unknown,Sanger,high,source declares ST7 only,broad_query,2026-08-13T12:29:33.338201+00:00,"Blastocystis[Organism] AND (""18S""[All Fields] OR ""SSU""[All Fields] OR ""small subunit""[All Fields] OR ""18S ribosomal""[All Fields] OR ""SSU rRNA""[All Fields] OR ""ribosomal RNA""[All Fields] OR ""rRNA""[All Fields] OR ""rDNA""[All Fields]) NOT (""whole genome""[Title] OR ""complete genome""[Title] OR ""WGS""[Title] OR ""shotgun""[Title] OR ""mitochondrial""[Title] OR ""mitochondrion""[Title])"
KF447171.1,ST7,1808,439eece173073dd3bae76d3d025e7943,Unknown,unknown,Unknown,Unknown,Unknown,Sanger,high,source declares ST7 only,broad_query,2026-08-13T12:29:33.338201+00:00,"Blastocystis[Organism] AND (""18S""[All Fields] OR ""SSU""[All Fields] OR ""small subunit""[All Fields] OR ""18S ribosomal""[All Fields] OR ""SSU rRNA""[All Fields] OR ""ribosomal RNA""[All Fields] OR ""rRNA""[All Fields] OR ""rDNA""[All Fields]) NOT (""whole genome""[Title] OR ""complete genome""[Title] OR ""WGS""[Title] OR ""shotgun""[Title] OR ""mitochondrial""[Title] OR ""mitochondrion""[Title])"
KF447170.1,ST7,1808,94715db462a95efcdd1bf2289456bb0e,Unknown,unknown,Unknown,Unknown,Unknown,Sanger,high,source declares ST7 only,broad_query,2026-08-13T12:29:33.338201+00:00,"Blastocystis[Organism] AND (""18S""[All Fields] OR ""SSU""[All Fields] OR ""small subunit""[All Fields] OR ""18S ribosomal""[All Fields] OR ""SSU rRNA""[All Fields] OR ""ribosomal RNA""[All Fields] OR ""rRNA""[All Fields] OR ""rDNA""[All Fields]) NOT (""whole genome""[Title] OR ""complete genome""[Title] OR ""WGS""[Title] OR ""shotgun""[Title] OR ""mitochondrial""[Title] OR ""mitochondrion""[Title])"
KF447169.1,ST7,1801,d22d9e26f92cfac7d4c8a975e63a4151,Unknown,unknown,Unknown,Unknown,Unknown,Sanger,high,source declares ST7 only,broad_query,2026-08-13T12:29:33.338201+00:00,"Blastocystis[Organism] AND (""18S""[All Fields] OR ""SSU""[All Fields] OR ""small subunit""[All Fields] OR ""18S ribosomal""[All Fields] OR ""SSU rRNA""[All Fields] OR ""ribosomal RNA""[All Fields] OR ""rRNA""[All Fields] OR ""rDNA""[All Fields]) NOT (""whole genome""[Title] OR ""complete genome""[Title] OR ""WGS""[Title] OR ""shotgun""[Title] OR ""mitochondrial""[Title] OR ""mitochondrion""[Title])"
KF447168.1,ST7,1808,260445903f402d96af00b19e76651659,Unknown,unknown,Unknown,Unknown,Unknown,Sanger,high,source declares ST7 only,broad_query,2026-08-13T12:29:33.338201+00:00,"Blastocystis[Organism] AND (""18S""[All Fields] OR ""SSU""[All Fields] OR ""small subunit""[All Fields] OR ""18S ribosomal""[All Fields] OR ""SSU rRNA""[All Fields] OR ""ribosomal RNA""[All Fields] OR ""rRNA""[All Fields] OR ""rDNA""[All Fields]) NOT (""whole genome""[Title] OR ""complete genome""[Title] OR ""WGS""[Title] OR ""shotgun""[Title] OR ""mitochondrial""[Title] OR ""mitochondrion""[Title])"
KF447167.1,ST7,1809,6cc98fed369757e7b4d684d8192ead14,Unknown,unknown,Unknown,Unknown,Unknown,Sanger,high,source declares ST7 only,broad_query,2026-08-13T12:29:33.338201+00:00,"Blastocystis[Organism] AND (""18S""[All Fields] OR ""SSU""[All Fields] OR ""small subunit""[All Fields] OR ""18S ribosomal""[All Fields] OR ""SSU rRNA""[All Fields] OR ""ribosomal RNA""[All Fields] OR ""rRNA""[All Fields] OR ""rDNA""[All Fields]) NOT (""whole genome""[Title] OR ""complete genome""[Title] OR ""WGS""[Title] OR ""shotgun""[Title] OR ""mitochondrial""[Title] OR ""mitochondrion""[Title])"
KF447166.1,ST7,1797,dcb196bded57607836fdb48ab8770ba6,Unknown,unknown,Unknown,Unknown,Unknown,Sanger,high,source declares ST7 only,broad_query,2026-08-13T12:29:33.338201+00:00,"Blastocystis[Organism] AND (""18S""[All Fields] OR ""SSU""[All Fields] OR ""small subunit""[All Fields] OR ""18S ribosomal""[All Fields] OR ""SSU rRNA""[All Fields] OR ""ribosomal RNA""[All Fields] OR ""rRNA""[All Fields] OR ""rDNA""[All Fields]) NOT (""whole genome""[Title] OR ""complete genome""[Title] OR ""WGS""[Title] OR ""shotgun""[Title] OR ""mitochondrial""[Title] OR ""mitochondrion""[Title])"
KF447165.1,ST7,1808,6429d5d4dce7389044d8eae2b9ad5f29,Unknown,unknown,Unknown,Unknown,Unknown,Sanger,high,source declares ST7 only,broad_query,2026-08-13T12:29:33.338201+00:00,"Blastocystis[Organism] AND (""18S""[All Fields] OR ""SSU""[All Fields] OR ""small subunit""[All Fields] OR ""18S ribosomal""[All Fields] OR ""SSU rRNA""[All Fields] OR ""ribosomal RNA""[All Fields] OR ""rRNA""[All Fields] OR ""rDNA""[All Fields]) NOT (""whole genome""[Title] OR ""complete genome""[Title] OR ""WGS""[Title] OR ""shotgun""[Title] OR ""mitochondrial""[Title] OR ""mitochondrion""[Title])"
KF447164.1,ST7,1801,8dd0a1cac81fafdb7cb23993e8355b55,Unknown,unknown,Unknown,Unknown,Unknown,Sanger,high,source declares ST7 only,broad_query,2026-08-13T12:29:33.338201+00:00,"Blastocystis[Organism] AND (""18S""[All Fields] OR ""SSU""[All Fields] OR ""small subunit""[All Fields] OR ""18S ribosomal""[All Fields] OR ""SSU rRNA""[All Fields] OR ""ribosomal RNA""[All Fields] OR ""rRNA""[All Fields] OR ""rDNA""[All Fields]) NOT (""whole genome""[Title] OR ""complete genome""[Title] OR ""WGS""[Title] OR ""shotgun""[Title] OR ""mitochondrial""[Title] OR ""mitochondrion""[Title])"
KF447163.1,ST7,1804,c0f31711b3238bb207127a851dd78761,Unknown,unknown,Unknown,Unknown,Unknown,Sanger,high,source declares ST7 only,broad_query,2026-08-13T12:29:33.338201+00:00,"Blastocystis[Organism] AND (""18S""[All Fields] OR ""SSU""[All Fields] OR ""small subunit""[All Fields] OR ""18S ribosomal""[All Fields] OR ""SSU rRNA""[All Fields] OR ""ribosomal RNA""[All Fields] OR ""rRNA""[All Fields] OR ""rDNA""[All Fields]) NOT (""whole genome""[Title] OR ""complete genome""[Title] OR ""WGS""[Title] OR ""shotgun""[Title] OR ""mitochondrial""[Title] OR ""mitochondrion""[Title])"
KF447162.1,ST7,1800,660b9e6437b348f10bc3c42557642916,Unknown,unknown,Unknown,Unknown,Unknown,Sanger,high,source declares ST7 only,broad_query,2026-08-13T12:29:33.338201+00:00,"Blastocystis[Organism] AND (""18S""[All Fields] OR ""SSU""[All Fields] OR ""small subunit""[All Fields] OR ""18S ribosomal""[All Fields] OR ""SSU rRNA""[All Fields] OR ""ribosomal RNA""[All Fields] OR ""rRNA""[All Fields] OR ""rDNA""[All Fields]) NOT (""whole genome""[Title] OR ""complete genome""[Title] OR ""WGS""[Title] OR ""shotgun""[Title] OR ""mitochondrial""[Title] OR ""mitochondrion""[Title])"
KF447161.1,ST7,1819,29dc834ea2623f111e840bf2a37328f4,Unknown,unknown,Unknown,Unknown,Unknown,Sanger,high,source declares ST7 only,broad_query,2026-08-13T12:29:33.338201+00:00,"Blastocystis[Organism] AND (""18S""[All Fields] OR ""SSU""[All Fields] OR ""small subunit""[All Fields] OR ""18S ribosomal""[All Fields] OR ""SSU rRNA""[All Fields] OR ""ribosomal RNA""[All Fields] OR ""rRNA""[All Fields] OR ""rDNA""[All Fields]) NOT (""whole genome""[Title] OR ""complete genome""[Title] OR ""WGS""[Title] OR ""shotgun""[Title] OR ""mitochondrial""[Title] OR ""mitochondrion""[Title])"
KF447160.1,ST7,1806,4e26e74a4c703adcb3d25c584d4dbd6f,Unknown,unknown,Unknown,Unknown,Unknown,Sanger,high,source declares ST7 only,broad_query,2026-08-13T12:29:33.338201+00:00,"Blastocystis[Organism] AND (""18S""[All Fields] OR ""SSU""[All Fields] OR ""small subunit""[All Fields] OR ""18S ribosomal""[All Fields] OR ""SSU rRNA""[All Fields] OR ""ribosomal RNA""[All Fields] OR ""rRNA""[All Fields] OR ""rDNA""[All Fields]) NOT (""whole genome""[Title] OR ""complete genome""[Title] OR ""WGS""[Title] OR ""shotgun""[Title] OR ""mitochondrial""[Title] OR ""mitochondrion""[Title])"
KF447159.1,ST7,1800,3df909fbc3028c9b82e3d0ddd5ee3a56,Unknown,unknown,Unknown,Unknown,Unknown,Sanger,high,source declares ST7 only,broad_query,2026-08-13T12:29:33.338201+00:00,"Blastocystis[Organism] AND (""18S""[All Fields] OR ""SSU""[All Fields] OR ""small subunit""[All Fields] OR ""18S ribosomal""[All Fields] OR ""SSU rRNA""[All Fields] OR ""ribosomal RNA""[All Fields] OR ""rRNA""[All Fields] OR ""rDNA""[All Fields]) NOT (""whole genome""[Title] OR ""complete genome""[Title] OR ""WGS""[Title] OR ""shotgun""[Title] OR ""mitochondrial""[Title] OR ""mitochondrion""[Title])"
KF447158.1,ST7,1800,6531887b6ba0e51a066bdc3b42ff9ef2,Unknown,unknown,Unknown,Unknown,Unknown,Sanger,high,source declares ST7 only,broad_query,2026-08-13T12:29:33.338201+00:00,"Blastocystis[Organism] AND (""18S""[All Fields] OR ""SSU""[All Fields] OR ""small subunit""[All Fields] OR ""18S ribosomal""[All Fields] OR ""SSU rRNA""[All Fields] OR ""ribosomal RNA""[All Fields] OR ""rRNA""[All Fields] OR ""rDNA""[All Fields]) NOT (""whole genome""[Title] OR ""complete genome""[Title] OR ""WGS""[Title] OR ""shotgun""[Title] OR ""mitochondrial""[Title] OR ""mitochondrion""[Title])"
KF447157.1,ST7,1798,359d20a81e4eb7b469e397cec4b5b57a,Unknown,unknown,Unknown,Unknown,Unknown,Sanger,high,source declares ST7 only,broad_query,2026-08-13T12:29:33.338201+00:00,"Blastocystis[Organism] AND (""18S""[All Fields] OR ""SSU""[All Fields] OR ""small subunit""[All Fields] OR ""18S ribosomal""[All Fields] OR ""SSU rRNA""[All Fields] OR ""ribosomal RNA""[All Fields] OR ""rRNA""[All Fields] OR ""rDNA""[All Fields]) NOT (""whole genome""[Title] OR ""complete genome""[Title] OR ""WGS""[Title] OR ""shotgun""[Title] OR ""mitochondrial""[Title] OR ""mitochondrion""[Title])"
KC138681.1,ST9,1688,0afe6f0099e5fd9c52e3dd6c378d4fa1,Homo sapiens,host_qualifier,Unknown,Unknown,feces,Sanger,high,source declares ST9 only,broad_query,2026-08-13T12:29:33.338201+00:00,"Blastocystis[Organism] AND (""18S""[All Fields] OR ""SSU""[All Fields] OR ""small subunit""[All Fields] OR ""18S ribosomal""[All Fields] OR ""SSU rRNA""[All Fields] OR ""ribosomal RNA""[All Fields] OR ""rRNA""[All Fields] OR ""rDNA""[All Fields]) NOT (""whole genome""[Title] OR ""complete genome""[Title] OR ""WGS""[Title] OR ""shotgun""[Title] OR ""mitochondrial""[Title] OR ""mitochondrion""[Title])"
KC148211.1,ST15,1898,ba8544a7556b3b9d211638970d8cc694,Hylobates lar,isolation_source,Unknown,Unknown,Gibbon,Sanger,high,source declares ST15 only,broad_query,2026-08-13T12:29:33.338201+00:00,"Blastocystis[Organism] AND (""18S""[All Fields] OR ""SSU""[All Fields] OR ""small subunit""[All Fields] OR ""18S ribosomal""[All Fields] OR ""SSU rRNA""[All Fields] OR ""ribosomal RNA""[All Fields] OR ""rRNA""[All Fields] OR ""rDNA""[All Fields]) NOT (""whole genome""[Title] OR ""complete genome""[Title] OR ""WGS""[Title] OR ""shotgun""[Title] OR ""mitochondrial""[Title] OR ""mitochondrion""[Title])"
KC148210.1,ST15,1907,88f818d847e15aa0358436dc5877f059,Camelus dromedarius,isolation_source,Unknown,Unknown,Camelus dromedarius,Sanger,high,source declares ST15 only,broad_query,2026-08-13T12:29:33.338201+00:00,"Blastocystis[Organism] AND (""18S""[All Fields] OR ""SSU""[All Fields] OR ""small subunit""[All Fields] OR ""18S ribosomal""[All Fields] OR ""SSU rRNA""[All Fields] OR ""ribosomal RNA""[All Fields] OR ""rRNA""[All Fields] OR ""rDNA""[All Fields]) NOT (""whole genome""[Title] OR ""complete genome""[Title] OR ""WGS""[Title] OR ""shotgun""[Title] OR ""mitochondrial""[Title] OR ""mitochondrion""[Title])"
KC148209.1,ST13,1765,1da4ebe457cd798a06837084a0599abb,Tragulus javanicus,isolation_source,Unknown,Unknown,Tragulus javanicus,Sanger,high,source declares ST13 only,broad_query,2026-08-13T12:29:33.338201+00:00,"Blastocystis[Organism] AND (""18S""[All Fields] OR ""SSU""[All Fields] OR ""small subunit""[All Fields] OR ""18S ribosomal""[All Fields] OR ""SSU rRNA""[All Fields] OR ""ribosomal RNA""[All Fields] OR ""rRNA""[All Fields] OR ""rDNA""[All Fields]) NOT (""whole genome""[Title] OR ""complete genome""[Title] OR ""WGS""[Title] OR ""shotgun""[Title] OR ""mitochondrial""[Title] OR ""mitochondrion""[Title])"
KC148208.1,ST17,1983,7b597d1d5f42c1b800d20e8f5213a710,Ctenodactylus gundi,isolation_source,Unknown,Unknown,Ctenodactylus gundi,Sanger,high,source declares ST17 only,broad_query,2026-08-13T12:29:33.338201+00:00,"Blastocystis[Organism] AND (""18S""[All Fields] OR ""SSU""[All Fields] OR ""small subunit""[All Fields] OR ""18S ribosomal""[All Fields] OR ""SSU rRNA""[All Fields] OR ""ribosomal RNA""[All Fields] OR ""rRNA""[All Fields] OR ""rDNA""[All Fields]) NOT (""whole genome""[Title] OR ""complete genome""[Title] OR ""WGS""[Title] OR ""shotgun""[Title] OR ""mitochondrial""[Title] OR ""mitochondrion""[Title])"
KC148207.1,ST10,1728,6faf97b206febcffaf35cb53278bb92a,Camelus dromedarius,isolation_source,Unknown,Unknown,Camelus dromedarius,Sanger,high,source declares ST10 only,broad_query,2026-08-13T12:29:33.338201+00:00,"Blastocystis[Organism] AND (""18S""[All Fields] OR ""SSU""[All Fields] OR ""small subunit""[All Fields] OR ""18S ribosomal""[All Fields] OR ""SSU rRNA""[All Fields] OR ""ribosomal RNA""[All Fields] OR ""rRNA""[All Fields] OR ""rDNA""[All Fields]) NOT (""whole genome""[Title] OR ""complete genome""[Title] OR ""WGS""[Title] OR ""shotgun""[Title] OR ""mitochondrial""[Title] OR ""mitochondrion""[Title])"
KC148206.1,ST14,1708,387f0db3291413449438b3a239d92f01,Unknown,unknown,Unknown,Unknown,Ovis orientalis musimon,Sanger,high,source declares ST14 only,broad_query,2026-08-13T12:29:33.338201+00:00,"Blastocystis[Organism] AND (""18S""[All Fields] OR ""SSU""[All Fields] OR ""small subunit""[All Fields] OR ""18S ribosomal""[All Fields] OR ""SSU rRNA""[All Fields] OR ""ribosomal RNA""[All Fields] OR ""rRNA""[All Fields] OR ""rDNA""[All Fields]) NOT (""whole genome""[Title] OR ""complete genome""[Title] OR ""WGS""[Title] OR ""shotgun""[Title] OR ""mitochondrial""[Title] OR ""mitochondrion""[Title])"
KC148205.1,ST14,1772,9d82738dc9ace5dd40da92096c8b4e43,Bos taurus,isolation_source,Unknown,Unknown,Bos taurus,Sanger,high,source declares ST14 only,broad_query,2026-08-13T12:29:33.338201+00:00,"Blastocystis[Organism] AND (""18S""[All Fields] OR ""SSU""[All Fields] OR ""small subunit""[All Fields] OR ""18S ribosomal""[All Fields] OR ""SSU rRNA""[All Fields] OR ""ribosomal RNA""[All Fields] OR ""rRNA""[All Fields] OR ""rDNA""[All Fields]) NOT (""whole genome""[Title] OR ""complete genome""[Title] OR ""WGS""[Title] OR ""shotgun""[Title] OR ""mitochondrial""[Title] OR ""mitochondrion""[Title])"
JQ665872.1,ST1,1023,2e7100521eb9f09c55a9ed3cf061f31c,Homo sapiens,host_qualifier,Thailand,Nov-2008,Unknown,Sanger,high,source declares ST1 only,broad_query,2026-08-13T12:29:33.338201+00:00,"Blastocystis[Organism] AND (""18S""[All Fields] OR ""SSU""[All Fields] OR ""small subunit""[All Fields] OR ""18S ribosomal""[All Fields] OR ""SSU rRNA""[All Fields] OR ""ribosomal RNA""[All Fields] OR ""rRNA""[All Fields] OR ""rDNA""[All Fields]) NOT (""whole genome""[Title] OR ""complete genome""[Title] OR ""WGS""[Title] OR ""shotgun""[Title] OR ""mitochondrial""[Title] OR ""mitochondrion""[Title])"
JQ665869.1,ST1,1000,66185db6fb9ee76279650475ed65333d,Homo sapiens,host_qualifier,Thailand,Nov-2008,Unknown,Sanger,high,source declares ST1 only,broad_query,2026-08-13T12:29:33.338201+00:00,"Blastocystis[Organism] AND (""18S""[All Fields] OR ""SSU""[All Fields] OR ""small subunit""[All Fields] OR ""18S ribosomal""[All Fields] OR ""SSU rRNA""[All Fields] OR ""ribosomal RNA""[All Fields] OR ""rRNA""[All Fields] OR ""rDNA""[All Fields]) NOT (""whole genome""[Title] OR ""complete genome""[Title] OR ""WGS""[Title] OR ""shotgun""[Title] OR ""mitochondrial""[Title] OR ""mitochondrion""[Title])"
JQ665868.1,ST1,1014,f9fa516d2aafc5533d138aebf687636e,Homo sapiens,host_qualifier,Thailand,Nov-2008,Unknown,Sanger,high,source declares ST1 only,broad_query,2026-08-13T12:29:33.338201+00:00,"Blastocystis[Organism] AND (""18S""[All Fields] OR ""SSU""[All Fields] OR ""small subunit""[All Fields] OR ""18S ribosomal""[All Fields] OR ""SSU rRNA""[All Fields] OR ""ribosomal RNA""[All Fields] OR ""rRNA""[All Fields] OR ""rDNA""[All Fields]) NOT (""whole genome""[Title] OR ""complete genome""[Title] OR ""WGS""[Title] OR ""shotgun""[Title] OR ""mitochondrial""[Title] OR ""mitochondrion""[Title])"
JQ665867.1,ST1,1016,5c2c8544b3474a71978e1da726c27262,Homo sapiens,host_qualifier,Thailand,Nov-2008,Unknown,Sanger,high,source declares ST1 only,broad_query,2026-08-13T12:29:33.338201+00:00,"Blastocystis[Organism] AND (""18S""[All Fields] OR ""SSU""[All Fields] OR ""small subunit""[All Fields] OR ""18S ribosomal""[All Fields] OR ""SSU rRNA""[All Fields] OR ""ribosomal RNA""[All Fields] OR ""rRNA""[All Fields] OR ""rDNA""[All Fields]) NOT (""whole genome""[Title] OR ""complete genome""[Title] OR ""WGS""[Title] OR ""shotgun""[Title] OR ""mitochondrial""[Title] OR ""mitochondrion""[Title])"
JQ665866.1,ST1,1009,deb6bdb3bc19b9a7889125bbd69bade7,Homo sapiens,host_qualifier,Thailand,Nov-2008,Unknown,Sanger,high,source declares ST1 only,broad_query,2026-08-13T12:29:33.338201+00:00,"Blastocystis[Organism] AND (""18S""[All Fields] OR ""SSU""[All Fields] OR ""small subunit""[All Fields] OR ""18S ribosomal""[All Fields] OR ""SSU rRNA""[All Fields] OR ""ribosomal RNA""[All Fields] OR ""rRNA""[All Fields] OR ""rDNA""[All Fields]) NOT (""whole genome""[Title] OR ""complete genome""[Title] OR ""WGS""[Title] OR ""shotgun""[Title] OR ""mitochondrial""[Title] OR ""mitochondrion""[Title])"
JQ665865.1,ST1,1023,77ead50d832376d6b448893d9347fc2d,Homo sapiens,host_qualifier,Thailand,Nov-2008,Unknown,Sanger,high,source declares ST1 only,broad_query,2026-08-13T12:29:33.338201+00:00,"Blastocystis[Organism] AND (""18S""[All Fields] OR ""SSU""[All Fields] OR ""small subunit""[All Fields] OR ""18S ribosomal""[All Fields] OR ""SSU rRNA""[All Fields] OR ""ribosomal RNA""[All Fields] OR ""rRNA""[All Fields] OR ""rDNA""[All Fields]) NOT (""whole genome""[Title] OR ""complete genome""[Title] OR ""WGS""[Title] OR ""shotgun""[Title] OR ""mitochondrial""[Title] OR ""mitochondrion""[Title])"
JQ665864.1,ST1,1023,0846123e8f2d69497dcebe9370862ce8,Homo sapiens,host_qualifier,Thailand,Nov-2008,Unknown,Sanger,high,source declares ST1 only,broad_query,2026-08-13T12:29:33.338201+00:00,"Blastocystis[Organism] AND (""18S""[All Fields] OR ""SSU""[All Fields] OR ""small subunit""[All Fields] OR ""18S ribosomal""[All Fields] OR ""SSU rRNA""[All Fields] OR ""ribosomal RNA""[All Fields] OR ""rRNA""[All Fields] OR ""rDNA""[All Fields]) NOT (""whole genome""[Title] OR ""complete genome""[Title] OR ""WGS""[Title] OR ""shotgun""[Title] OR ""mitochondrial""[Title] OR ""mitochondrion""[Title])"
JQ665863.1,ST1,1008,b14a9766d1e1883d112c09041553af25,Homo sapiens,host_qualifier,Thailand,Nov-2008,Unknown,Sanger,high,source declares ST1 only,broad_query,2026-08-13T12:29:33.338201+00:00,"Blastocystis[Organism] AND (""18S""[All Fields] OR ""SSU""[All Fields] OR ""small subunit""[All Fields] OR ""18S ribosomal""[All Fields] OR ""SSU rRNA""[All Fields] OR ""ribosomal RNA""[All Fields] OR ""rRNA""[All Fields] OR ""rDNA""[All Fields]) NOT (""whole genome""[Title] OR ""complete genome""[Title] OR ""WGS""[Title] OR ""shotgun""[Title] OR ""mitochondrial""[Title] OR ""mitochondrion""[Title])"
JQ665862.1,ST1,1010,8ea57f1518c12bd99afa58c085fae562,Homo sapiens,host_qualifier,Thailand,Nov-2008,Unknown,Sanger,high,source declares ST1 only,broad_query,2026-08-13T12:29:33.338201+00:00,"Blastocystis[Organism] AND (""18S""[All Fields] OR ""SSU""[All Fields] OR ""small subunit""[All Fields] OR ""18S ribosomal""[All Fields] OR ""SSU rRNA""[All Fields] OR ""ribosomal RNA""[All Fields] OR ""rRNA""[All Fields] OR ""rDNA""[All Fields]) NOT (""whole genome""[Title] OR ""complete genome""[Title] OR ""WGS""[Title] OR ""shotgun""[Title] OR ""mitochondrial""[Title] OR ""mitochondrion""[Title])"
JQ665860.1,ST1,1009,1d307fed62796acd8c1cc9c2bac63597,Homo sapiens,host_qualifier,Thailand,Nov-2008,Unknown,Sanger,high,source declares ST1 only,broad_query,2026-08-13T12:29:33.338201+00:00,"Blastocystis[Organism] AND (""18S""[All Fields] OR ""SSU""[All Fields] OR ""small subunit""[All Fields] OR ""18S ribosomal""[All Fields] OR ""SSU rRNA""[All Fields] OR ""ribosomal RNA""[All Fields] OR ""rRNA""[All Fields] OR ""rDNA""[All Fields]) NOT (""whole genome""[Title] OR ""complete genome""[Title] OR ""WGS""[Title] OR ""shotgun""[Title] OR ""mitochondrial""[Title] OR ""mitochondrion""[Title])"
JQ665858.1,ST1,1023,b70c58fd50734f0618ad3ce0acc731f9,Homo sapiens,host_qualifier,Thailand,Nov-2008,Unknown,Sanger,high,source declares ST1 only,broad_query,2026-08-13T12:29:33.338201+00:00,"Blastocystis[Organism] AND (""18S""[All Fields] OR ""SSU""[All Fields] OR ""small subunit""[All Fields] OR ""18S ribosomal""[All Fields] OR ""SSU rRNA""[All Fields] OR ""ribosomal RNA""[All Fields] OR ""rRNA""[All Fields] OR ""rDNA""[All Fields]) NOT (""whole genome""[Title] OR ""complete genome""[Title] OR ""WGS""[Title] OR ""shotgun""[Title] OR ""mitochondrial""[Title] OR ""mitochondrion""[Title])"
JQ665857.1,ST1,1019,07a491116770e29715019217c34f7df1,Homo sapiens,host_qualifier,Thailand,Nov-2008,Unknown,Sanger,high,source declares ST1 only,broad_query,2026-08-13T12:29:33.338201+00:00,"Blastocystis[Organism] AND (""18S""[All Fields] OR ""SSU""[All Fields] OR ""small subunit""[All Fields] OR ""18S ribosomal""[All Fields] OR ""SSU rRNA""[All Fields] OR ""ribosomal RNA""[All Fields] OR ""rRNA""[All Fields] OR ""rDNA""[All Fields]) NOT (""whole genome""[Title] OR ""complete genome""[Title] OR ""WGS""[Title] OR ""shotgun""[Title] OR ""mitochondrial""[Title] OR ""mitochondrion""[Title])"
JQ665856.1,ST1,1016,15ca95679cc0783bdc30c4719d9d7ee0,Homo sapiens,host_qualifier,Thailand,Nov-2008,Unknown,Sanger,high,source declares ST1 only,broad_query,2026-08-13T12:29:33.338201+00:00,"Blastocystis[Organism] AND (""18S""[All Fields] OR ""SSU""[All Fields] OR ""small subunit""[All Fields] OR ""18S ribosomal""[All Fields] OR ""SSU rRNA""[All Fields] OR ""ribosomal RNA""[All Fields] OR ""rRNA""[All Fields] OR ""rDNA""[All Fields]) NOT (""whole genome""[Title] OR ""complete genome""[Title] OR ""WGS""[Title] OR ""shotgun""[Title] OR ""mitochondrial""[Title] OR ""mitochondrion""[Title])"
JQ665853.1,ST1,1001,2478bfad98f538d836c695d9526db1b0,Homo sapiens,host_qualifier,Thailand,Nov-2008,Unknown,Sanger,high,source declares ST1 only,broad_query,2026-08-13T12:29:33.338201+00:00,"Blastocystis[Organism] AND (""18S""[All Fields] OR ""SSU""[All Fields] OR ""small subunit""[All Fields] OR ""18S ribosomal""[All Fields] OR ""SSU rRNA""[All Fields] OR ""ribosomal RNA""[All Fields] OR ""rRNA""[All Fields] OR ""rDNA""[All Fields]) NOT (""whole genome""[Title] OR ""complete genome""[Title] OR ""WGS""[Title] OR ""shotgun""[Title] OR ""mitochondrial""[Title] OR ""mitochondrion""[Title])"
JQ665851.1,ST1,1014,f51269c81ee2c005170378dbd6edbf4b,Homo sapiens,host_qualifier,Thailand,Nov-2008,Unknown,Sanger,high,source declares ST1 only,broad_query,2026-08-13T12:29:33.338201+00:00,"Blastocystis[Organism] AND (""18S""[All Fields] OR ""SSU""[All Fields] OR ""small subunit""[All Fields] OR ""18S ribosomal""[All Fields] OR ""SSU rRNA""[All Fields] OR ""ribosomal RNA""[All Fields] OR ""rRNA""[All Fields] OR ""rDNA""[All Fields]) NOT (""whole genome""[Title] OR ""complete genome""[Title] OR ""WGS""[Title] OR ""shotgun""[Title] OR ""mitochondrial""[Title] OR ""mitochondrion""[Title])"
JQ665850.1,ST6,1003,fa127c55b20222b7e69ef35a663d4456,Homo sapiens,host_qualifier,Thailand,Nov-2008,Unknown,Sanger,high,source declares ST6 only,broad_query,2026-08-13T12:29:33.338201+00:00,"Blastocystis[Organism] AND (""18S""[All Fields] OR ""SSU""[All Fields] OR ""small subunit""[All Fields] OR ""18S ribosomal""[All Fields] OR ""SSU rRNA""[All Fields] OR ""ribosomal RNA""[All Fields] OR ""rRNA""[All Fields] OR ""rDNA""[All Fields]) NOT (""whole genome""[Title] OR ""complete genome""[Title] OR ""WGS""[Title] OR ""shotgun""[Title] OR ""mitochondrial""[Title] OR ""mitochondrion""[Title])"
JQ665849.1,ST6,1003,659dc62a09124ba5c364ae65f1baffcc,Homo sapiens,host_qualifier,Thailand,Nov-2008,Unknown,Sanger,high,source declares ST6 only,broad_query,2026-08-13T12:29:33.338201+00:00,"Blastocystis[Organism] AND (""18S""[All Fields] OR ""SSU""[All Fields] OR ""small subunit""[All Fields] OR ""18S ribosomal""[All Fields] OR ""SSU rRNA""[All Fields] OR ""ribosomal RNA""[All Fields] OR ""rRNA""[All Fields] OR ""rDNA""[All Fields]) NOT (""whole genome""[Title] OR ""complete genome""[Title] OR ""WGS""[Title] OR ""shotgun""[Title] OR ""mitochondrial""[Title] OR ""mitochondrion""[Title])"
JQ665848.1,ST2,1022,3da8be3e5fe7a460a483ea0b87649ac4,Homo sapiens,host_qualifier,Thailand,Nov-2008,Unknown,Sanger,high,source declares ST2 only,broad_query,2026-08-13T12:29:33.338201+00:00,"Blastocystis[Organism] AND (""18S""[All Fields] OR ""SSU""[All Fields] OR ""small subunit""[All Fields] OR ""18S ribosomal""[All Fields] OR ""SSU rRNA""[All Fields] OR ""ribosomal RNA""[All Fields] OR ""rRNA""[All Fields] OR ""rDNA""[All Fields]) NOT (""whole genome""[Title] OR ""complete genome""[Title] OR ""WGS""[Title] OR ""shotgun""[Title] OR ""mitochondrial""[Title] OR ""mitochondrion""[Title])"
JQ665847.1,ST1,1002,c020d0fbb3e10ac41f0617d13150f167,Homo sapiens,host_qualifier,Thailand,Nov-2008,Unknown,Sanger,high,source declares ST1 only,broad_query,2026-08-13T12:29:33.338201+00:00,"Blastocystis[Organism] AND (""18S""[All Fields] OR ""SSU""[All Fields] OR ""small subunit""[All Fields] OR ""18S ribosomal""[All Fields] OR ""SSU rRNA""[All Fields] OR ""ribosomal RNA""[All Fields] OR ""rRNA""[All Fields] OR ""rDNA""[All Fields]) NOT (""whole genome""[Title] OR ""complete genome""[Title] OR ""WGS""[Title] OR ""shotgun""[Title] OR ""mitochondrial""[Title] OR ""mitochondrion""[Title])"
JQ665846.1,ST1,1012,c3a7bc19970bfcfecb9ae83f4a274dfc,Homo sapiens,host_qualifier,Thailand,Nov-2008,Unknown,Sanger,high,source declares ST1 only,broad_query,2026-08-13T12:29:33.338201+00:00,"Blastocystis[Organism] AND (""18S""[All Fields] OR ""SSU""[All Fields] OR ""small subunit""[All Fields] OR ""18S ribosomal""[All Fields] OR ""SSU rRNA""[All Fields] OR ""ribosomal RNA""[All Fields] OR ""rRNA""[All Fields] OR ""rDNA""[All Fields]) NOT (""whole genome""[Title] OR ""complete genome""[Title] OR ""WGS""[Title] OR ""shotgun""[Title] OR ""mitochondrial""[Title] OR ""mitochondrion""[Title])"
JQ665844.1,ST1,1023,0598ee48376b60bf0b2796800bcc84df,Homo sapiens,host_qualifier,Thailand,Nov-2008,Unknown,Sanger,high,source declares ST1 only,broad_query,2026-08-13T12:29:33.338201+00:00,"Blastocystis[Organism] AND (""18S""[All Fields] OR ""SSU""[All Fields] OR ""small subunit""[All Fields] OR ""18S ribosomal""[All Fields] OR ""SSU rRNA""[All Fields] OR ""ribosomal RNA""[All Fields] OR ""rRNA""[All Fields] OR ""rDNA""[All Fields]) NOT (""whole genome""[Title] OR ""complete genome""[Title] OR ""WGS""[Title] OR ""shotgun""[Title] OR ""mitochondrial""[Title] OR ""mitochondrion""[Title])"
HQ909891.1,ST3,1733,b56fe604a39c83efe78c1110a74e10a5,Colobus abyssinicus,host_qualifier,Unknown,Unknown,Unknown,Unknown,high,source declares ST3 only,broad_query,2026-08-13T12:29:33.338201+00:00,"Blastocystis[Organism] AND (""18S""[All Fields] OR ""SSU""[All Fields] OR ""small subunit""[All Fields] OR ""18S ribosomal""[All Fields] OR ""SSU rRNA""[All Fields] OR ""ribosomal RNA""[All Fields] OR ""rRNA""[All Fields] OR ""rDNA""[All Fields]) NOT (""whole genome""[Title] OR ""complete genome""[Title] OR ""WGS""[Title] OR ""shotgun""[Title] OR ""mitochondrial""[Title] OR ""mitochondrion""[Title])"
HQ909890.1,ST3,1732,0517824bd50f2b3997bc50dbbe18e7de,Papio sp.,host_qualifier,Unknown,Unknown,Unknown,Unknown,high,source declares ST3 only,broad_query,2026-08-13T12:29:33.338201+00:00,"Blastocystis[Organism] AND (""18S""[All Fields] OR ""SSU""[All Fields] OR ""small subunit""[All Fields] OR ""18S ribosomal""[All Fields] OR ""SSU rRNA""[All Fields] OR ""ribosomal RNA""[All Fields] OR ""rRNA""[All Fields] OR ""rDNA""[All Fields]) NOT (""whole genome""[Title] OR ""complete genome""[Title] OR ""WGS""[Title] OR ""shotgun""[Title] OR ""mitochondrial""[Title] OR ""mitochondrion""[Title])"
JN682513.1,ST4,1762,787e550cd89de74f944572e949bdaaa9,Homo sapiens,host_qualifier,USA,Unknown,Unknown,Unknown,high,source declares ST4 only,broad_query,2026-08-13T12:29:33.338201+00:00,"Blastocystis[Organism] AND (""18S""[All Fields] OR ""SSU""[All Fields] OR ""small subunit""[All Fields] OR ""18S ribosomal""[All Fields] OR ""SSU rRNA""[All Fields] OR ""ribosomal RNA""[All Fields] OR ""rRNA""[All Fields] OR ""rDNA""[All Fields]) NOT (""whole genome""[Title] OR ""complete genome""[Title] OR ""WGS""[Title] OR ""shotgun""[Title] OR ""mitochondrial""[Title] OR ""mitochondrion""[Title])"
GU256937.1,ST12,1005,96410814b9747daefa8c814be26171a6,western grey kangaroo,host_qualifier,Australia,Unknown,Unknown,Unknown,high,source declares ST12 only,broad_query,2026-08-13T12:29:33.338201+00:00,"Blastocystis[Organism] AND (""18S""[All Fields] OR ""SSU""[All Fields] OR ""small subunit""[All Fields] OR ""18S ribosomal""[All Fields] OR ""SSU rRNA""[All Fields] OR ""ribosomal RNA""[All Fields] OR ""rRNA""[All Fields] OR ""rDNA""[All Fields]) NOT (""whole genome""[Title] OR ""complete genome""[Title] OR ""WGS""[Title] OR ""shotgun""[Title] OR ""mitochondrial""[Title] OR ""mitochondrion""[Title])"
GU256936.1,ST12,1003,43a304943611b935e3694077c69e264c,western grey kangaroo,host_qualifier,Australia,Unknown,Unknown,Unknown,high,source declares ST12 only,broad_query,2026-08-13T12:29:33.338201+00:00,"Blastocystis[Organism] AND (""18S""[All Fields] OR ""SSU""[All Fields] OR ""small subunit""[All Fields] OR ""18S ribosomal""[All Fields] OR ""SSU rRNA""[All Fields] OR ""ribosomal RNA""[All Fields] OR ""rRNA""[All Fields] OR ""rDNA""[All Fields]) NOT (""whole genome""[Title] OR ""complete genome""[Title] OR ""WGS""[Title] OR ""shotgun""[Title] OR ""mitochondrial""[Title] OR ""mitochondrion""[Title])"
GU256935.1,ST13,1015,094d05be8d2ae82cf285c05d8279f745,quokka,host_qualifier,Australia,Unknown,Unknown,Unknown,high,source declares ST13 only,broad_query,2026-08-13T12:29:33.338201+00:00,"Blastocystis[Organism] AND (""18S""[All Fields] OR ""SSU""[All Fields] OR ""small subunit""[All Fields] OR ""18S ribosomal""[All Fields] OR ""SSU rRNA""[All Fields] OR ""ribosomal RNA""[All Fields] OR ""rRNA""[All Fields] OR ""rDNA""[All Fields]) NOT (""whole genome""[Title] OR ""complete genome""[Title] OR ""WGS""[Title] OR ""shotgun""[Title] OR ""mitochondrial""[Title] OR ""mitochondrion""[Title])"
GU256913.1,ST12,1002,054be58bdf959dbd4aa85d2154b5a199,giraffe,host_qualifier,Belgium,Unknown,Unknown,Unknown,high,source declares ST12 only,broad_query,2026-08-13T12:29:33.338201+00:00,"Blastocystis[Organism] AND (""18S""[All Fields] OR ""SSU""[All Fields] OR ""small subunit""[All Fields] OR ""18S ribosomal""[All Fields] OR ""SSU rRNA""[All Fields] OR ""ribosomal RNA""[All Fields] OR ""rRNA""[All Fields] OR ""rDNA""[All Fields]) NOT (""whole genome""[Title] OR ""complete genome""[Title] OR ""WGS""[Title] OR ""shotgun""[Title] OR ""mitochondrial""[Title] OR ""mitochondrion""[Title])"
GU256911.1,ST12,1001,75f595f1547bd743963dd4aff402cdd8,giraffe,host_qualifier,Belgium,Unknown,Unknown,Unknown,high,source declares ST12 only,broad_query,2026-08-13T12:29:33.338201+00:00,"Blastocystis[Organism] AND (""18S""[All Fields] OR ""SSU""[All Fields] OR ""small subunit""[All Fields] OR ""18S ribosomal""[All Fields] OR ""SSU rRNA""[All Fields] OR ""ribosomal RNA""[All Fields] OR ""rRNA""[All Fields] OR ""rDNA""[All Fields]) NOT (""whole genome""[Title] OR ""complete genome""[Title] OR ""WGS""[Title] OR ""shotgun""[Title] OR ""mitochondrial""[Title] OR ""mitochondrion""[Title])"
GU256905.1,ST12,1023,5e55bbfc1cd98498e57013768e7aae96,giraffe,host_qualifier,Australia,Unknown,Unknown,Unknown,high,source declares ST12 only,broad_query,2026-08-13T12:29:33.338201+00:00,"Blastocystis[Organism] AND (""18S""[All Fields] OR ""SSU""[All Fields] OR ""small subunit""[All Fields] OR ""18S ribosomal""[All Fields] OR ""SSU rRNA""[All Fields] OR ""ribosomal RNA""[All Fields] OR ""rRNA""[All Fields] OR ""rDNA""[All Fields]) NOT (""whole genome""[Title] OR ""complete genome""[Title] OR ""WGS""[Title] OR ""shotgun""[Title] OR ""mitochondrial""[Title] OR ""mitochondrion""[Title])"
GU256904.1,ST11,1006,9049b6e67e83b389ea24cd253bd4aea2,elephant,host_qualifier,Australia,Unknown,Unknown,Unknown,high,source declares ST11 only,broad_query,2026-08-13T12:29:33.338201+00:00,"Blastocystis[Organism] AND (""18S""[All Fields] OR ""SSU""[All Fields] OR ""small subunit""[All Fields] OR ""18S ribosomal""[All Fields] OR ""SSU rRNA""[All Fields] OR ""ribosomal RNA""[All Fields] OR ""rRNA""[All Fields] OR ""rDNA""[All Fields]) NOT (""whole genome""[Title] OR ""complete genome""[Title] OR ""WGS""[Title] OR ""shotgun""[Title] OR ""mitochondrial""[Title] OR ""mitochondrion""[Title])"
PV866592.1,ST1,1112,848d7c9e5893a368a067ccc0221e8300,Red-crowned Cranes (Grus japonensis),host_qualifier,China,2025,Unknown,Sanger,low,placement_low (d=0.153),broad_query,2026-08-13T12:29:33.338201+00:00,"Blastocystis[Organism] AND (""18S""[All Fields] OR ""SSU""[All Fields] OR ""small subunit""[All Fields] OR ""18S ribosomal""[All Fields] OR ""SSU rRNA""[All Fields] OR ""ribosomal RNA""[All Fields] OR ""rRNA""[All Fields] OR ""rDNA""[All Fields]) NOT (""whole genome""[Title] OR ""complete genome""[Title] OR ""WGS""[Title] OR ""shotgun""[Title] OR ""mitochondrial""[Title] OR ""mitochondrion""[Title])"
PV866591.1,ST1,1112,5ed9db5aad11565ebc50afbad433b586,Red-crowned Cranes (Grus japonensis),host_qualifier,China,2025,Unknown,Sanger,low,placement_low (d=0.233),broad_query,2026-08-13T12:29:33.338201+00:00,"Blastocystis[Organism] AND (""18S""[All Fields] OR ""SSU""[All Fields] OR ""small subunit""[All Fields] OR ""18S ribosomal""[All Fields] OR ""SSU rRNA""[All Fields] OR ""ribosomal RNA""[All Fields] OR ""rRNA""[All Fields] OR ""rDNA""[All Fields]) NOT (""whole genome""[Title] OR ""complete genome""[Title] OR ""WGS""[Title] OR ""shotgun""[Title] OR ""mitochondrial""[Title] OR ""mitochondrion""[Title])"
PV866590.1,ST1,1112,56473187ccd67c5532d98e9ce97f2e14,Red-crowned Cranes (Grus japonensis),host_qualifier,China,2025,Unknown,Sanger,low,placement_low (d=0.178),broad_query,2026-08-13T12:29:33.338201+00:00,"Blastocystis[Organism] AND (""18S""[All Fields] OR ""SSU""[All Fields] OR ""small subunit""[All Fields] OR ""18S ribosomal""[All Fields] OR ""SSU rRNA""[All Fields] OR ""ribosomal RNA""[All Fields] OR ""rRNA""[All Fields] OR ""rDNA""[All Fields]) NOT (""whole genome""[Title] OR ""complete genome""[Title] OR ""WGS""[Title] OR ""shotgun""[Title] OR ""mitochondrial""[Title] OR ""mitochondrion""[Title])"
PV263255.1,ST3,1256,741645c8eb62412d5c9edfd362348bd8,Homo sapiens,organism,Iraq: Erbil,Sep-2022,stool,Sanger,low,placement_low (d=0.253),broad_query,2026-08-13T12:29:33.338201+00:00,"Blastocystis[Organism] AND (""18S""[All Fields] OR ""SSU""[All Fields] OR ""small subunit""[All Fields] OR ""18S ribosomal""[All Fields] OR ""SSU rRNA""[All Fields] OR ""ribosomal RNA""[All Fields] OR ""rRNA""[All Fields] OR ""rDNA""[All Fields]) NOT (""whole genome""[Title] OR ""complete genome""[Title] OR ""WGS""[Title] OR ""shotgun""[Title] OR ""mitochondrial""[Title] OR ""mitochondrion""[Title])"
PV263254.1,ST3,1256,6d004afae74669c7fc0d2449d5a085e8,Homo sapiens,organism,Iraq: Erbil,Jul-2021,stool,Sanger,low,placement_low (d=0.264),broad_query,2026-08-13T12:29:33.338201+00:00,"Blastocystis[Organism] AND (""18S""[All Fields] OR ""SSU""[All Fields] OR ""small subunit""[All Fields] OR ""18S ribosomal""[All Fields] OR ""SSU rRNA""[All Fields] OR ""ribosomal RNA""[All Fields] OR ""rRNA""[All Fields] OR ""rDNA""[All Fields]) NOT (""whole genome""[Title] OR ""complete genome""[Title] OR ""WGS""[Title] OR ""shotgun""[Title] OR ""mitochondrial""[Title] OR ""mitochondrion""[Title])"
PV263253.1,ST3,1256,56d964ae460501752d0173282179854c,Homo sapiens,organism,Iraq: Erbil,May-2020,stool,Sanger,low,placement_low (d=0.263),broad_query,2026-08-13T12:29:33.338201+00:00,"Blastocystis[Organism] AND (""18S""[All Fields] OR ""SSU""[All Fields] OR ""small subunit""[All Fields] OR ""18S ribosomal""[All Fields] OR ""SSU rRNA""[All Fields] OR ""ribosomal RNA""[All Fields] OR ""rRNA""[All Fields] OR ""rDNA""[All Fields]) NOT (""whole genome""[Title] OR ""complete genome""[Title] OR ""WGS""[Title] OR ""shotgun""[Title] OR ""mitochondrial""[Title] OR ""mitochondrion""[Title])"
PV263252.1,ST3,1256,b7f9c5452cf1d39cad23bf882ad3c4d0,Homo sapiens,organism,Iraq: Erbil,May-2019,stool,Sanger,low,placement_low (d=0.258),broad_query,2026-08-13T12:29:33.338201+00:00,"Blastocystis[Organism] AND (""18S""[All Fields] OR ""SSU""[All Fields] OR ""small subunit""[All Fields] OR ""18S ribosomal""[All Fields] OR ""SSU rRNA""[All Fields] OR ""ribosomal RNA""[All Fields] OR ""rRNA""[All Fields] OR ""rDNA""[All Fields]) NOT (""whole genome""[Title] OR ""complete genome""[Title] OR ""WGS""[Title] OR ""shotgun""[Title] OR ""mitochondrial""[Title] OR ""mitochondrion""[Title])"
PV263251.1,ST3,1256,1e025718f913580e4dbbd99ce1774f4c,Homo sapiens,organism,Iraq: Erbil,Apr-2018,stool,Sanger,low,placement_low (d=0.254),broad_query,2026-08-13T12:29:33.338201+00:00,"Blastocystis[Organism] AND (""18S""[All Fields] OR ""SSU""[All Fields] OR ""small subunit""[All Fields] OR ""18S ribosomal""[All Fields] OR ""SSU rRNA""[All Fields] OR ""ribosomal RNA""[All Fields] OR ""rRNA""[All Fields] OR ""rDNA""[All Fields]) NOT (""whole genome""[Title] OR ""complete genome""[Title] OR ""WGS""[Title] OR ""shotgun""[Title] OR ""mitochondrial""[Title] OR ""mitochondrion""[Title])"
PV263250.1,ST3,1256,a35c6dae7af99d0aa27044d7d42ffd86,Homo sapiens,organism,Iraq: Erbil,Apr-2017,stool,Sanger,low,placement_low (d=0.244),broad_query,2026-08-13T12:29:33.338201+00:00,"Blastocystis[Organism] AND (""18S""[All Fields] OR ""SSU""[All Fields] OR ""small subunit""[All Fields] OR ""18S ribosomal""[All Fields] OR ""SSU rRNA""[All Fields] OR ""ribosomal RNA""[All Fields] OR ""rRNA""[All Fields] OR ""rDNA""[All Fields]) NOT (""whole genome""[Title] OR ""complete genome""[Title] OR ""WGS""[Title] OR ""shotgun""[Title] OR ""mitochondrial""[Title] OR ""mitochondrion""[Title])"
PV263249.1,ST3,1256,b4f85e4977d0917cda7ae086447ed4cf,Homo sapiens,organism,Iraq: Erbil,Feb-2002,stool,Sanger,low,placement_low (d=0.244),broad_query,2026-08-13T12:29:33.338201+00:00,"Blastocystis[Organism] AND (""18S""[All Fields] OR ""SSU""[All Fields] OR ""small subunit""[All Fields] OR ""18S ribosomal""[All Fields] OR ""SSU rRNA""[All Fields] OR ""ribosomal RNA""[All Fields] OR ""rRNA""[All Fields] OR ""rDNA""[All Fields]) NOT (""whole genome""[Title] OR ""complete genome""[Title] OR ""WGS""[Title] OR ""shotgun""[Title] OR ""mitochondrial""[Title] OR ""mitochondrion""[Title])"
MK880048.1,ST6,1021,ba9eb36e8bbc91500bbd143e7a6975ff,Saltator similis,host_qualifier,Brazil,Unknown,feces,Sanger,high,placement_high (d=0.072),broad_query,2026-08-13T12:29:33.338201+00:00,"Blastocystis[Organism] AND (""18S""[All Fields] OR ""SSU""[All Fields] OR ""small subunit""[All Fields] OR ""18S ribosomal""[All Fields] OR ""SSU rRNA""[All Fields] OR ""ribosomal RNA""[All Fields] OR ""rRNA""[All Fields] OR ""rDNA""[All Fields]) NOT (""whole genome""[Title] OR ""complete genome""[Title] OR ""WGS""[Title] OR ""shotgun""[Title] OR ""mitochondrial""[Title] OR ""mitochondrion""[Title])"
OR603934.1,ST13,1730,8dd339f05a54846c4f4ff7d14ec5ae21,Dugong dugon,host_qualifier,Qatar,Unknown,Unknown,Sanger,low,"placement_low (nearest=ST13 d=0.834; top5=['ST13', 'ST3', 'ST3', 'ST3', 'ST3'])",broad_query,2026-08-13T12:29:33.338201+00:00,"Blastocystis[Organism] AND (""18S""[All Fields] OR ""SSU""[All Fields] OR ""small subunit""[All Fields] OR ""18S ribosomal""[All Fields] OR ""SSU rRNA""[All Fields] OR ""ribosomal RNA""[All Fields] OR ""rRNA""[All Fields] OR ""rDNA""[All Fields]) NOT (""whole genome""[Title] OR ""complete genome""[Title] OR ""WGS""[Title] OR ""shotgun""[Title] OR ""mitochondrial""[Title] OR ""mitochondrion""[Title])"
OR603933.1,ST13,1739,6fe5e4e1bf065c554d1ead53dc58e9bf,Dugong dugon,host_qualifier,Qatar,Unknown,Unknown,Sanger,low,"placement_low (nearest=ST13 d=0.840; top5=['ST13', 'ST13', 'ST1', 'ST1', 'ST1'])",broad_query,2026-08-13T12:29:33.338201+00:00,"Blastocystis[Organism] AND (""18S""[All Fields] OR ""SSU""[All Fields] OR ""small subunit""[All Fields] OR ""18S ribosomal""[All Fields] OR ""SSU rRNA""[All Fields] OR ""ribosomal RNA""[All Fields] OR ""rRNA""[All Fields] OR ""rDNA""[All Fields]) NOT (""whole genome""[Title] OR ""complete genome""[Title] OR ""WGS""[Title] OR ""shotgun""[Title] OR ""mitochondrial""[Title] OR ""mitochondrion""[Title])"
OR117713.1,ST24,1771,b111ca5aeaec88b2d9c8706efb7274f5,Ovis aries,host_qualifier,Portugal,Unknown,feces,ONT,high,placement_high (d=0.001),broad_query,2026-08-13T12:29:33.338201+00:00,"Blastocystis[Organism] AND (""18S""[All Fields] OR ""SSU""[All Fields] OR ""small subunit""[All Fields] OR ""18S ribosomal""[All Fields] OR ""SSU rRNA""[All Fields] OR ""ribosomal RNA""[All Fields] OR ""rRNA""[All Fields] OR ""rDNA""[All Fields]) NOT (""whole genome""[Title] OR ""complete genome""[Title] OR ""WGS""[Title] OR ""shotgun""[Title] OR ""mitochondrial""[Title] OR ""mitochondrion""[Title])"
OR117712.1,ST24,1770,1d43850e4f73a13f8405889cff90332d,Ovis aries,host_qualifier,Portugal,Unknown,feces,ONT,high,placement_high (d=0.013),broad_query,2026-08-13T12:29:33.338201+00:00,"Blastocystis[Organism] AND (""18S""[All Fields] OR ""SSU""[All Fields] OR ""small subunit""[All Fields] OR ""18S ribosomal""[All Fields] OR ""SSU rRNA""[All Fields] OR ""ribosomal RNA""[All Fields] OR ""rRNA""[All Fields] OR ""rDNA""[All Fields]) NOT (""whole genome""[Title] OR ""complete genome""[Title] OR ""WGS""[Title] OR ""shotgun""[Title] OR ""mitochondrial""[Title] OR ""mitochondrion""[Title])"
OR117710.1,ST24,1770,041a1cbd9403f4943645fea42811e08b,Ovis aries,host_qualifier,Portugal,Unknown,feces,ONT,high,placement_high (d=0.001),broad_query,2026-08-13T12:29:33.338201+00:00,"Blastocystis[Organism] AND (""18S""[All Fields] OR ""SSU""[All Fields] OR ""small subunit""[All Fields] OR ""18S ribosomal""[All Fields] OR ""SSU rRNA""[All Fields] OR ""ribosomal RNA""[All Fields] OR ""rRNA""[All Fields] OR ""rDNA""[All Fields]) NOT (""whole genome""[Title] OR ""complete genome""[Title] OR ""WGS""[Title] OR ""shotgun""[Title] OR ""mitochondrial""[Title] OR ""mitochondrion""[Title])"
OR117709.1,ST24,1771,223efe1c0f2fd50457088516c7bd117a,Ovis aries,host_qualifier,Portugal,Unknown,feces,ONT,high,placement_high (d=0.021),broad_query,2026-08-13T12:29:33.338201+00:00,"Blastocystis[Organism] AND (""18S""[All Fields] OR ""SSU""[All Fields] OR ""small subunit""[All Fields] OR ""18S ribosomal""[All Fields] OR ""SSU rRNA""[All Fields] OR ""ribosomal RNA""[All Fields] OR ""rRNA""[All Fields] OR ""rDNA""[All Fields]) NOT (""whole genome""[Title] OR ""complete genome""[Title] OR ""WGS""[Title] OR ""shotgun""[Title] OR ""mitochondrial""[Title] OR ""mitochondrion""[Title])"
OR117684.1,ST24,1770,0ef2d7de5339d6069b5ca161e64f2ecc,Ovis aries,host_qualifier,Portugal,Unknown,feces,ONT,high,placement_high (d=0.011),broad_query,2026-08-13T12:29:33.338201+00:00,"Blastocystis[Organism] AND (""18S""[All Fields] OR ""SSU""[All Fields] OR ""small subunit""[All Fields] OR ""18S ribosomal""[All Fields] OR ""SSU rRNA""[All Fields] OR ""ribosomal RNA""[All Fields] OR ""rRNA""[All Fields] OR ""rDNA""[All Fields]) NOT (""whole genome""[Title] OR ""complete genome""[Title] OR ""WGS""[Title] OR ""shotgun""[Title] OR ""mitochondrial""[Title] OR ""mitochondrion""[Title])"
OR117683.1,ST24,1773,ab6fea5bc6a4311c06164df96da70048,Ovis aries,host_qualifier,Portugal,Unknown,feces,ONT,high,placement_high (d=0.030),broad_query,2026-08-13T12:29:33.338201+00:00,"Blastocystis[Organism] AND (""18S""[All Fields] OR ""SSU""[All Fields] OR ""small subunit""[All Fields] OR ""18S ribosomal""[All Fields] OR ""SSU rRNA""[All Fields] OR ""ribosomal RNA""[All Fields] OR ""rRNA""[All Fields] OR ""rDNA""[All Fields]) NOT (""whole genome""[Title] OR ""complete genome""[Title] OR ""WGS""[Title] OR ""shotgun""[Title] OR ""mitochondrial""[Title] OR ""mitochondrion""[Title])"
OR117682.1,ST24,1771,37ba468565126a735c471c4bb5dbddf9,Capra hircus,host_qualifier,Portugal,Unknown,feces,ONT,high,placement_high (d=0.021),broad_query,2026-08-13T12:29:33.338201+00:00,"Blastocystis[Organism] AND (""18S""[All Fields] OR ""SSU""[All Fields] OR ""small subunit""[All Fields] OR ""18S ribosomal""[All Fields] OR ""SSU rRNA""[All Fields] OR ""ribosomal RNA""[All Fields] OR ""rRNA""[All Fields] OR ""rDNA""[All Fields]) NOT (""whole genome""[Title] OR ""complete genome""[Title] OR ""WGS""[Title] OR ""shotgun""[Title] OR ""mitochondrial""[Title] OR ""mitochondrion""[Title])"
OR117680.1,ST24,1770,5721e68bbf7a305aba516cba97313a31,Ovis aries,host_qualifier,Portugal,Unknown,feces,ONT,high,placement_high (d=0.045),broad_query,2026-08-13T12:29:33.338201+00:00,"Blastocystis[Organism] AND (""18S""[All Fields] OR ""SSU""[All Fields] OR ""small subunit""[All Fields] OR ""18S ribosomal""[All Fields] OR ""SSU rRNA""[All Fields] OR ""ribosomal RNA""[All Fields] OR ""rRNA""[All Fields] OR ""rDNA""[All Fields]) NOT (""whole genome""[Title] OR ""complete genome""[Title] OR ""WGS""[Title] OR ""shotgun""[Title] OR ""mitochondrial""[Title] OR ""mitochondrion""[Title])"
OR117679.1,ST24,1772,64fd3ce0c4433b85767f2cdd861442a6,Capra hircus,host_qualifier,Portugal,Unknown,feces,ONT,high,placement_high (d=0.053),broad_query,2026-08-13T12:29:33.338201+00:00,"Blastocystis[Organism] AND (""18S""[All Fields] OR ""SSU""[All Fields] OR ""small subunit""[All Fields] OR ""18S ribosomal""[All Fields] OR ""SSU rRNA""[All Fields] OR ""ribosomal RNA""[All Fields] OR ""rRNA""[All Fields] OR ""rDNA""[All Fields]) NOT (""whole genome""[Title] OR ""complete genome""[Title] OR ""WGS""[Title] OR ""shotgun""[Title] OR ""mitochondrial""[Title] OR ""mitochondrion""[Title])"
OR117675.1,ST24,1771,e86d950fc6a2e5ac773533bec9482ee4,Bos taurus,host_qualifier,USA,Unknown,feces,ONT,high,placement_high (d=0.021),broad_query,2026-08-13T12:29:33.338201+00:00,"Blastocystis[Organism] AND (""18S""[All Fields] OR ""SSU""[All Fields] OR ""small subunit""[All Fields] OR ""18S ribosomal""[All Fields] OR ""SSU rRNA""[All Fields] OR ""ribosomal RNA""[All Fields] OR ""rRNA""[All Fields] OR ""rDNA""[All Fields]) NOT (""whole genome""[Title] OR ""complete genome""[Title] OR ""WGS""[Title] OR ""shotgun""[Title] OR ""mitochondrial""[Title] OR ""mitochondrion""[Title])"
OR117657.1,ST42,1767,1bde3847ef1e030ceb8cbc136e04a67e,Bos taurus,host_qualifier,Portugal,Unknown,feces,ONT,low,"placement_low (nearest=ST42 d=0.033; top5=['ST42', 'ST23', 'ST23', 'ST23', 'ST23'])",broad_query,2026-08-13T12:29:33.338201+00:00,"Blastocystis[Organism] AND (""18S""[All Fields] OR ""SSU""[All Fields] OR ""small subunit""[All Fields] OR ""18S ribosomal""[All Fields] OR ""SSU rRNA""[All Fields] OR ""ribosomal RNA""[All Fields] OR ""rRNA""[All Fields] OR ""rDNA""[All Fields]) NOT (""whole genome""[Title] OR ""complete genome""[Title] OR ""WGS""[Title] OR ""shotgun""[Title] OR ""mitochondrial""[Title] OR ""mitochondrion""[Title])"
OR117655.1,ST42,1767,ffe9899fd326034a476d2d55c68c6d90,Bos taurus,host_qualifier,Portugal,Unknown,feces,ONT,low,"placement_low (nearest=ST42 d=0.022; top5=['ST42', 'ST23', 'ST23', 'ST23', 'ST23'])",broad_query,2026-08-13T12:29:33.338201+00:00,"Blastocystis[Organism] AND (""18S""[All Fields] OR ""SSU""[All Fields] OR ""small subunit""[All Fields] OR ""18S ribosomal""[All Fields] OR ""SSU rRNA""[All Fields] OR ""ribosomal RNA""[All Fields] OR ""rRNA""[All Fields] OR ""rDNA""[All Fields]) NOT (""whole genome""[Title] OR ""complete genome""[Title] OR ""WGS""[Title] OR ""shotgun""[Title] OR ""mitochondrial""[Title] OR ""mitochondrion""[Title])"
OR117654.1,ST42,1769,e09299c4110171b0abd1757123b4032a,Bos taurus,host_qualifier,Portugal,Unknown,feces,ONT,low,"placement_low (nearest=ST42 d=0.110; top5=['ST42', 'ST23', 'ST44', 'ST23', 'ST44'])",broad_query,2026-08-13T12:29:33.338201+00:00,"Blastocystis[Organism] AND (""18S""[All Fields] OR ""SSU""[All Fields] OR ""small subunit""[All Fields] OR ""18S ribosomal""[All Fields] OR ""SSU rRNA""[All Fields] OR ""ribosomal RNA""[All Fields] OR ""rRNA""[All Fields] OR ""rDNA""[All Fields]) NOT (""whole genome""[Title] OR ""complete genome""[Title] OR ""WGS""[Title] OR ""shotgun""[Title] OR ""mitochondrial""[Title] OR ""mitochondrion""[Title])"
OR117647.1,ST10,1769,9b051b2f047edad62fd94d1b95621ebe,Ovis aries,host_qualifier,Portugal,Unknown,feces,ONT,high,placement_high (d=0.040),broad_query,2026-08-13T12:29:33.338201+00:00,"Blastocystis[Organism] AND (""18S""[All Fields] OR ""SSU""[All Fields] OR ""small subunit""[All Fields] OR ""18S ribosomal""[All Fields] OR ""SSU rRNA""[All Fields] OR ""ribosomal RNA""[All Fields] OR ""rRNA""[All Fields] OR ""rDNA""[All Fields]) NOT (""whole genome""[Title] OR ""complete genome""[Title] OR ""WGS""[Title] OR ""shotgun""[Title] OR ""mitochondrial""[Title] OR ""mitochondrion""[Title])"
OR117646.1,ST10,1769,771aef3572ed9d6b67f5fe44fcda3e6a,Ovis aries,host_qualifier,Portugal,Unknown,feces,ONT,high,placement_high (d=0.031),broad_query,2026-08-13T12:29:33.338201+00:00,"Blastocystis[Organism] AND (""18S""[All Fields] OR ""SSU""[All Fields] OR ""small subunit""[All Fields] OR ""18S ribosomal""[All Fields] OR ""SSU rRNA""[All Fields] OR ""ribosomal RNA""[All Fields] OR ""rRNA""[All Fields] OR ""rDNA""[All Fields]) NOT (""whole genome""[Title] OR ""complete genome""[Title] OR ""WGS""[Title] OR ""shotgun""[Title] OR ""mitochondrial""[Title] OR ""mitochondrion""[Title])"
OR117645.1,ST10,1768,5d633c628aa3dd9286acfa9df8a23827,Ovis aries,host_qualifier,Portugal,Unknown,feces,ONT,high,placement_high (d=0.032),broad_query,2026-08-13T12:29:33.338201+00:00,"Blastocystis[Organism] AND (""18S""[All Fields] OR ""SSU""[All Fields] OR ""small subunit""[All Fields] OR ""18S ribosomal""[All Fields] OR ""SSU rRNA""[All Fields] OR ""ribosomal RNA""[All Fields] OR ""rRNA""[All Fields] OR ""rDNA""[All Fields]) NOT (""whole genome""[Title] OR ""complete genome""[Title] OR ""WGS""[Title] OR ""shotgun""[Title] OR ""mitochondrial""[Title] OR ""mitochondrion""[Title])"
OR117644.1,ST10,1768,5be72651efb23dec3bee4702e1d99497,Ovis aries,host_qualifier,Portugal,Unknown,feces,ONT,high,placement_high (d=0.040),broad_query,2026-08-13T12:29:33.338201+00:00,"Blastocystis[Organism] AND (""18S""[All Fields] OR ""SSU""[All Fields] OR ""small subunit""[All Fields] OR ""18S ribosomal""[All Fields] OR ""SSU rRNA""[All Fields] OR ""ribosomal RNA""[All Fields] OR ""rRNA""[All Fields] OR ""rDNA""[All Fields]) NOT (""whole genome""[Title] OR ""complete genome""[Title] OR ""WGS""[Title] OR ""shotgun""[Title] OR ""mitochondrial""[Title] OR ""mitochondrion""[Title])"
OR117643.1,ST10,1774,aae06cc209ad920a343b4a953d3d2224,Ovis aries,host_qualifier,Portugal,Unknown,feces,ONT,high,placement_high (d=0.074),broad_query,2026-08-13T12:29:33.338201+00:00,"Blastocystis[Organism] AND (""18S""[All Fields] OR ""SSU""[All Fields] OR ""small subunit""[All Fields] OR ""18S ribosomal""[All Fields] OR ""SSU rRNA""[All Fields] OR ""ribosomal RNA""[All Fields] OR ""rRNA""[All Fields] OR ""rDNA""[All Fields]) NOT (""whole genome""[Title] OR ""complete genome""[Title] OR ""WGS""[Title] OR ""shotgun""[Title] OR ""mitochondrial""[Title] OR ""mitochondrion""[Title])"
OR117642.1,ST10,1768,b4e98ea1cb68fe50fc7443bc9cd71e22,Roe deer,host_qualifier,Portugal,Unknown,feces,ONT,high,placement_high (d=0.022),broad_query,2026-08-13T12:29:33.338201+00:00,"Blastocystis[Organism] AND (""18S""[All Fields] OR ""SSU""[All Fields] OR ""small subunit""[All Fields] OR ""18S ribosomal""[All Fields] OR ""SSU rRNA""[All Fields] OR ""ribosomal RNA""[All Fields] OR ""rRNA""[All Fields] OR ""rDNA""[All Fields]) NOT (""whole genome""[Title] OR ""complete genome""[Title] OR ""WGS""[Title] OR ""shotgun""[Title] OR ""mitochondrial""[Title] OR ""mitochondrion""[Title])"
OR117641.1,ST10,1768,08824808355956885537bf4258c62394,Capra hircus,host_qualifier,Portugal,Unknown,feces,ONT,high,placement_high (d=0.039),broad_query,2026-08-13T12:29:33.338201+00:00,"Blastocystis[Organism] AND (""18S""[All Fields] OR ""SSU""[All Fields] OR ""small subunit""[All Fields] OR ""18S ribosomal""[All Fields] OR ""SSU rRNA""[All Fields] OR ""ribosomal RNA""[All Fields] OR ""rRNA""[All Fields] OR ""rDNA""[All Fields]) NOT (""whole genome""[Title] OR ""complete genome""[Title] OR ""WGS""[Title] OR ""shotgun""[Title] OR ""mitochondrial""[Title] OR ""mitochondrion""[Title])"
OR117639.1,ST10,1769,11bd7b2c682429f4941bdb73ee386b30,Ovis aries,host_qualifier,Portugal,Unknown,feces,ONT,high,placement_high (d=0.006),broad_query,2026-08-13T12:29:33.338201+00:00,"Blastocystis[Organism] AND (""18S""[All Fields] OR ""SSU""[All Fields] OR ""small subunit""[All Fields] OR ""18S ribosomal""[All Fields] OR ""SSU rRNA""[All Fields] OR ""ribosomal RNA""[All Fields] OR ""rRNA""[All Fields] OR ""rDNA""[All Fields]) NOT (""whole genome""[Title] OR ""complete genome""[Title] OR ""WGS""[Title] OR ""shotgun""[Title] OR ""mitochondrial""[Title] OR ""mitochondrion""[Title])"
OR117637.1,ST10,1768,ff2165ae1477f2df613ab20bf0e41362,Ovis aries,host_qualifier,Portugal,Unknown,feces,ONT,high,placement_high (d=0.007),broad_query,2026-08-13T12:29:33.338201+00:00,"Blastocystis[Organism] AND (""18S""[All Fields] OR ""SSU""[All Fields] OR ""small subunit""[All Fields] OR ""18S ribosomal""[All Fields] OR ""SSU rRNA""[All Fields] OR ""ribosomal RNA""[All Fields] OR ""rRNA""[All Fields] OR ""rDNA""[All Fields]) NOT (""whole genome""[Title] OR ""complete genome""[Title] OR ""WGS""[Title] OR ""shotgun""[Title] OR ""mitochondrial""[Title] OR ""mitochondrion""[Title])"
OR117636.1,ST10,1768,8c732fa1846667d08dcbf881d9a20050,Ovis aries,host_qualifier,Portugal,Unknown,feces,ONT,high,placement_high (d=0.006),broad_query,2026-08-13T12:29:33.338201+00:00,"Blastocystis[Organism] AND (""18S""[All Fields] OR ""SSU""[All Fields] OR ""small subunit""[All Fields] OR ""18S ribosomal""[All Fields] OR ""SSU rRNA""[All Fields] OR ""ribosomal RNA""[All Fields] OR ""rRNA""[All Fields] OR ""rDNA""[All Fields]) NOT (""whole genome""[Title] OR ""complete genome""[Title] OR ""WGS""[Title] OR ""shotgun""[Title] OR ""mitochondrial""[Title] OR ""mitochondrion""[Title])"
OR117634.1,ST10,1768,36d1db8eec3c4fa9d9ab6ad0daebcef7,Capra hircus,host_qualifier,Portugal,Unknown,feces,ONT,high,placement_high (d=0.016),broad_query,2026-08-13T12:29:33.338201+00:00,"Blastocystis[Organism] AND (""18S""[All Fields] OR ""SSU""[All Fields] OR ""small subunit""[All Fields] OR ""18S ribosomal""[All Fields] OR ""SSU rRNA""[All Fields] OR ""ribosomal RNA""[All Fields] OR ""rRNA""[All Fields] OR ""rDNA""[All Fields]) NOT (""whole genome""[Title] OR ""complete genome""[Title] OR ""WGS""[Title] OR ""shotgun""[Title] OR ""mitochondrial""[Title] OR ""mitochondrion""[Title])"
OR117630.1,ST42,1766,d8cfa76f5f3d323ccb5727bd253d5fc2,Bos taurus,host_qualifier,USA,Unknown,feces,ONT,low,"placement_low (nearest=ST42 d=0.090; top5=['ST42', 'ST23', 'ST23', 'ST23', 'ST23'])",broad_query,2026-08-13T12:29:33.338201+00:00,"Blastocystis[Organism] AND (""18S""[All Fields] OR ""SSU""[All Fields] OR ""small subunit""[All Fields] OR ""18S ribosomal""[All Fields] OR ""SSU rRNA""[All Fields] OR ""ribosomal RNA""[All Fields] OR ""rRNA""[All Fields] OR ""rDNA""[All Fields]) NOT (""whole genome""[Title] OR ""complete genome""[Title] OR ""WGS""[Title] OR ""shotgun""[Title] OR ""mitochondrial""[Title] OR ""mitochondrion""[Title])"
OR117628.1,ST42,1768,0fa3a9f18392177331d42682c297d1a5,Bos taurus,host_qualifier,USA,Unknown,feces,ONT,low,"placement_low (nearest=ST42 d=0.091; top5=['ST42', 'ST23', 'ST23', 'ST23', 'ST23'])",broad_query,2026-08-13T12:29:33.338201+00:00,"Blastocystis[Organism] AND (""18S""[All Fields] OR ""SSU""[All Fields] OR ""small subunit""[All Fields] OR ""18S ribosomal""[All Fields] OR ""SSU rRNA""[All Fields] OR ""ribosomal RNA""[All Fields] OR ""rRNA""[All Fields] OR ""rDNA""[All Fields]) NOT (""whole genome""[Title] OR ""complete genome""[Title] OR ""WGS""[Title] OR ""shotgun""[Title] OR ""mitochondrial""[Title] OR ""mitochondrion""[Title])"
OR117627.1,ST42,1771,008391096cc19773ff40df5b6e5f5dc8,Bos taurus,host_qualifier,USA,Unknown,feces,ONT,low,"placement_low (nearest=ST42 d=0.111; top5=['ST42', 'ST23', 'ST23', 'ST44', 'ST44'])",broad_query,2026-08-13T12:29:33.338201+00:00,"Blastocystis[Organism] AND (""18S""[All Fields] OR ""SSU""[All Fields] OR ""small subunit""[All Fields] OR ""18S ribosomal""[All Fields] OR ""SSU rRNA""[All Fields] OR ""ribosomal RNA""[All Fields] OR ""rRNA""[All Fields] OR ""rDNA""[All Fields]) NOT (""whole genome""[Title] OR ""complete genome""[Title] OR ""WGS""[Title] OR ""shotgun""[Title] OR ""mitochondrial""[Title] OR ""mitochondrion""[Title])"
OR117623.1,ST10,1768,26eb1aaa9e0666c86a57115d8c10f6a8,Bos taurus,host_qualifier,USA,Unknown,feces,ONT,high,placement_high (d=0.001),broad_query,2026-08-13T12:29:33.338201+00:00,"Blastocystis[Organism] AND (""18S""[All Fields] OR ""SSU""[All Fields] OR ""small subunit""[All Fields] OR ""18S ribosomal""[All Fields] OR ""SSU rRNA""[All Fields] OR ""ribosomal RNA""[All Fields] OR ""rRNA""[All Fields] OR ""rDNA""[All Fields]) NOT (""whole genome""[Title] OR ""complete genome""[Title] OR ""WGS""[Title] OR ""shotgun""[Title] OR ""mitochondrial""[Title] OR ""mitochondrion""[Title])"
OQ703608.1,ST17,1999,6886a90d7d74fc00f5e61f6730326263,Homo sapiens,host_qualifier,Colombia,Unknown,feces,ONT,low,"placement_low (nearest=ST17 d=0.133; top5=['ST17', 'ST15', 'ST15', 'ST15', 'ST15'])",broad_query,2026-08-13T12:29:33.338201+00:00,"Blastocystis[Organism] AND (""18S""[All Fields] OR ""SSU""[All Fields] OR ""small subunit""[All Fields] OR ""18S ribosomal""[All Fields] OR ""SSU rRNA""[All Fields] OR ""ribosomal RNA""[All Fields] OR ""rRNA""[All Fields] OR ""rDNA""[All Fields]) NOT (""whole genome""[Title] OR ""complete genome""[Title] OR ""WGS""[Title] OR ""shotgun""[Title] OR ""mitochondrial""[Title] OR ""mitochondrion""[Title])"
OR053705.1,ST3,1114,8163229c1cd8e850cc86bf89794ab626,Homo sapiens,organism,Iran,01-Aug-2022,human stool,Sanger,low,placement_low (d=0.173),broad_query,2026-08-13T12:29:33.338201+00:00,"Blastocystis[Organism] AND (""18S""[All Fields] OR ""SSU""[All Fields] OR ""small subunit""[All Fields] OR ""18S ribosomal""[All Fields] OR ""SSU rRNA""[All Fields] OR ""ribosomal RNA""[All Fields] OR ""rRNA""[All Fields] OR ""rDNA""[All Fields]) NOT (""whole genome""[Title] OR ""complete genome""[Title] OR ""WGS""[Title] OR ""shotgun""[Title] OR ""mitochondrial""[Title] OR ""mitochondrion""[Title])"
OR053704.1,ST1,1112,f43200e464ee92cdd5e756286783b356,Homo sapiens,organism,Iran,01-Aug-2022,human stool,Sanger,high,placement_high (d=0.058),broad_query,2026-08-13T12:29:33.338201+00:00,"Blastocystis[Organism] AND (""18S""[All Fields] OR ""SSU""[All Fields] OR ""small subunit""[All Fields] OR ""18S ribosomal""[All Fields] OR ""SSU rRNA""[All Fields] OR ""ribosomal RNA""[All Fields] OR ""rRNA""[All Fields] OR ""rDNA""[All Fields]) NOT (""whole genome""[Title] OR ""complete genome""[Title] OR ""WGS""[Title] OR ""shotgun""[Title] OR ""mitochondrial""[Title] OR ""mitochondrion""[Title])"
OR053703.1,ST1,1105,bd57bbe9f4cdbcab7b8f366085927a50,Homo sapiens,organism,Iran,01-Aug-2022,human stool,Sanger,medium,placement_medium (d=0.109),broad_query,2026-08-13T12:29:33.338201+00:00,"Blastocystis[Organism] AND (""18S""[All Fields] OR ""SSU""[All Fields] OR ""small subunit""[All Fields] OR ""18S ribosomal""[All Fields] OR ""SSU rRNA""[All Fields] OR ""ribosomal RNA""[All Fields] OR ""rRNA""[All Fields] OR ""rDNA""[All Fields]) NOT (""whole genome""[Title] OR ""complete genome""[Title] OR ""WGS""[Title] OR ""shotgun""[Title] OR ""mitochondrial""[Title] OR ""mitochondrion""[Title])"
OQ693813.1,ST11,1045,3164e4b8a4283c328766dba5758f02dc,iguana,host_qualifier,Thailand,2022,Unknown,Sanger,low,"placement_low (nearest=ST11 d=0.475; top5=['ST11', 'ST1', 'ST1', 'ST1', 'ST1'])",broad_query,2026-08-13T12:29:33.338201+00:00,"Blastocystis[Organism] AND (""18S""[All Fields] OR ""SSU""[All Fields] OR ""small subunit""[All Fields] OR ""18S ribosomal""[All Fields] OR ""SSU rRNA""[All Fields] OR ""ribosomal RNA""[All Fields] OR ""rRNA""[All Fields] OR ""rDNA""[All Fields]) NOT (""whole genome""[Title] OR ""complete genome""[Title] OR ""WGS""[Title] OR ""shotgun""[Title] OR ""mitochondrial""[Title] OR ""mitochondrion""[Title])"
OQ693812.1,ST11,1059,2ed36eecb373a8b97065469a5820494b,iguana,host_qualifier,Thailand,2022,Unknown,Sanger,low,"placement_low (nearest=ST11 d=0.480; top5=['ST11', 'ST1', 'ST1', 'ST1', 'ST1'])",broad_query,2026-08-13T12:29:33.338201+00:00,"Blastocystis[Organism] AND (""18S""[All Fields] OR ""SSU""[All Fields] OR ""small subunit""[All Fields] OR ""18S ribosomal""[All Fields] OR ""SSU rRNA""[All Fields] OR ""ribosomal RNA""[All Fields] OR ""rRNA""[All Fields] OR ""rDNA""[All Fields]) NOT (""whole genome""[Title] OR ""complete genome""[Title] OR ""WGS""[Title] OR ""shotgun""[Title] OR ""mitochondrial""[Title] OR ""mitochondrion""[Title])"
OQ693811.1,ST11,1053,b476bf41b2d3ed0db8af67ea6e3b4c24,iguana,host_qualifier,Thailand,2022,Unknown,Sanger,low,"placement_low (nearest=ST11 d=0.478; top5=['ST11', 'ST1', 'ST1', 'ST1', 'ST1'])",broad_query,2026-08-13T12:29:33.338201+00:00,"Blastocystis[Organism] AND (""18S""[All Fields] OR ""SSU""[All Fields] OR ""small subunit""[All Fields] OR ""18S ribosomal""[All Fields] OR ""SSU rRNA""[All Fields] OR ""ribosomal RNA""[All Fields] OR ""rRNA""[All Fields] OR ""rDNA""[All Fields]) NOT (""whole genome""[Title] OR ""complete genome""[Title] OR ""WGS""[Title] OR ""shotgun""[Title] OR ""mitochondrial""[Title] OR ""mitochondrion""[Title])"
OQ693810.1,ST11,1047,9a3ac5ae143c005a393f99f252193057,iguana,host_qualifier,Thailand,2022,Unknown,Sanger,low,"placement_low (nearest=ST11 d=0.481; top5=['ST11', 'ST1', 'ST1', 'ST1', 'ST1'])",broad_query,2026-08-13T12:29:33.338201+00:00,"Blastocystis[Organism] AND (""18S""[All Fields] OR ""SSU""[All Fields] OR ""small subunit""[All Fields] OR ""18S ribosomal""[All Fields] OR ""SSU rRNA""[All Fields] OR ""ribosomal RNA""[All Fields] OR ""rRNA""[All Fields] OR ""rDNA""[All Fields]) NOT (""whole genome""[Title] OR ""complete genome""[Title] OR ""WGS""[Title] OR ""shotgun""[Title] OR ""mitochondrial""[Title] OR ""mitochondrion""[Title])"
OQ693809.1,ST11,1056,8e795797132ab392298eb46c468e2db9,iguana,host_qualifier,Thailand,2022,Unknown,Sanger,low,"placement_low (nearest=ST11 d=0.479; top5=['ST11', 'ST1', 'ST1', 'ST1', 'ST1'])",broad_query,2026-08-13T12:29:33.338201+00:00,"Blastocystis[Organism] AND (""18S""[All Fields] OR ""SSU""[All Fields] OR ""small subunit""[All Fields] OR ""18S ribosomal""[All Fields] OR ""SSU rRNA""[All Fields] OR ""ribosomal RNA""[All Fields] OR ""rRNA""[All Fields] OR ""rDNA""[All Fields]) NOT (""whole genome""[Title] OR ""complete genome""[Title] OR ""WGS""[Title] OR ""shotgun""[Title] OR ""mitochondrial""[Title] OR ""mitochondrion""[Title])"
OQ693808.1,ST11,1042,30cd90ec980f50e27e03e4567491f007,iguana,host_qualifier,Thailand,2022,Unknown,Sanger,low,"placement_low (nearest=ST11 d=0.485; top5=['ST11', 'ST1', 'ST1', 'ST1', 'ST1'])",broad_query,2026-08-13T12:29:33.338201+00:00,"Blastocystis[Organism] AND (""18S""[All Fields] OR ""SSU""[All Fields] OR ""small subunit""[All Fields] OR ""18S ribosomal""[All Fields] OR ""SSU rRNA""[All Fields] OR ""ribosomal RNA""[All Fields] OR ""rRNA""[All Fields] OR ""rDNA""[All Fields]) NOT (""whole genome""[Title] OR ""complete genome""[Title] OR ""WGS""[Title] OR ""shotgun""[Title] OR ""mitochondrial""[Title] OR ""mitochondrion""[Title])"
OQ693807.1,ST11,1040,2c59d6501417f2df6cba8b2db33fa84f,iguana,host_qualifier,Thailand,2022,Unknown,Sanger,low,"placement_low (nearest=ST11 d=0.484; top5=['ST11', 'ST1', 'ST1', 'ST1', 'ST1'])",broad_query,2026-08-13T12:29:33.338201+00:00,"Blastocystis[Organism] AND (""18S""[All Fields] OR ""SSU""[All Fields] OR ""small subunit""[All Fields] OR ""18S ribosomal""[All Fields] OR ""SSU rRNA""[All Fields] OR ""ribosomal RNA""[All Fields] OR ""rRNA""[All Fields] OR ""rDNA""[All Fields]) NOT (""whole genome""[Title] OR ""complete genome""[Title] OR ""WGS""[Title] OR ""shotgun""[Title] OR ""mitochondrial""[Title] OR ""mitochondrion""[Title])"
OQ693806.1,ST11,1049,83c560d91b5cd1f80a4ff968a3aa482d,iguana,host_qualifier,Thailand,2022,Unknown,Sanger,low,"placement_low (nearest=ST11 d=0.479; top5=['ST11', 'ST1', 'ST1', 'ST1', 'ST1'])",broad_query,2026-08-13T12:29:33.338201+00:00,"Blastocystis[Organism] AND (""18S""[All Fields] OR ""SSU""[All Fields] OR ""small subunit""[All Fields] OR ""18S ribosomal""[All Fields] OR ""SSU rRNA""[All Fields] OR ""ribosomal RNA""[All Fields] OR ""rRNA""[All Fields] OR ""rDNA""[All Fields]) NOT (""whole genome""[Title] OR ""complete genome""[Title] OR ""WGS""[Title] OR ""shotgun""[Title] OR ""mitochondrial""[Title] OR ""mitochondrion""[Title])"
OQ693805.1,ST11,1041,fcc29ce18035fd452b8339cb312af870,iguana,host_qualifier,Thailand,2022,Unknown,Sanger,low,"placement_low (nearest=ST11 d=0.483; top5=['ST11', 'ST1', 'ST1', 'ST1', 'ST1'])",broad_query,2026-08-13T12:29:33.338201+00:00,"Blastocystis[Organism] AND (""18S""[All Fields] OR ""SSU""[All Fields] OR ""small subunit""[All Fields] OR ""18S ribosomal""[All Fields] OR ""SSU rRNA""[All Fields] OR ""ribosomal RNA""[All Fields] OR ""rRNA""[All Fields] OR ""rDNA""[All Fields]) NOT (""whole genome""[Title] OR ""complete genome""[Title] OR ""WGS""[Title] OR ""shotgun""[Title] OR ""mitochondrial""[Title] OR ""mitochondrion""[Title])"
OQ693804.1,ST11,1044,e2dcc6e234a1981044a740e5b2536378,iguana,host_qualifier,Thailand,2022,Unknown,Sanger,low,"placement_low (nearest=ST11 d=0.482; top5=['ST11', 'ST1', 'ST1', 'ST1', 'ST1'])",broad_query,2026-08-13T12:29:33.338201+00:00,"Blastocystis[Organism] AND (""18S""[All Fields] OR ""SSU""[All Fields] OR ""small subunit""[All Fields] OR ""18S ribosomal""[All Fields] OR ""SSU rRNA""[All Fields] OR ""ribosomal RNA""[All Fields] OR ""rRNA""[All Fields] OR ""rDNA""[All Fields]) NOT (""whole genome""[Title] OR ""complete genome""[Title] OR ""WGS""[Title] OR ""shotgun""[Title] OR ""mitochondrial""[Title] OR ""mitochondrion""[Title])"
OQ693803.1,ST11,1050,3843bd30b6b3b5ceb6c7d7da8afe0c8f,iguana,host_qualifier,Thailand,2022,Unknown,Sanger,low,"placement_low (nearest=ST11 d=0.477; top5=['ST11', 'ST1', 'ST1', 'ST1', 'ST1'])",broad_query,2026-08-13T12:29:33.338201+00:00,"Blastocystis[Organism] AND (""18S""[All Fields] OR ""SSU""[All Fields] OR ""small subunit""[All Fields] OR ""18S ribosomal""[All Fields] OR ""SSU rRNA""[All Fields] OR ""ribosomal RNA""[All Fields] OR ""rRNA""[All Fields] OR ""rDNA""[All Fields]) NOT (""whole genome""[Title] OR ""complete genome""[Title] OR ""WGS""[Title] OR ""shotgun""[Title] OR ""mitochondrial""[Title] OR ""mitochondrion""[Title])"
OQ693802.1,ST11,1052,2f0dc257e62befa407fbcfb7ca221c34,iguana,host_qualifier,Thailand,2022,Unknown,Sanger,low,"placement_low (nearest=ST11 d=0.477; top5=['ST11', 'ST1', 'ST1', 'ST1', 'ST1'])",broad_query,2026-08-13T12:29:33.338201+00:00,"Blastocystis[Organism] AND (""18S""[All Fields] OR ""SSU""[All Fields] OR ""small subunit""[All Fields] OR ""18S ribosomal""[All Fields] OR ""SSU rRNA""[All Fields] OR ""ribosomal RNA""[All Fields] OR ""rRNA""[All Fields] OR ""rDNA""[All Fields]) NOT (""whole genome""[Title] OR ""complete genome""[Title] OR ""WGS""[Title] OR ""shotgun""[Title] OR ""mitochondrial""[Title] OR ""mitochondrion""[Title])"
OQ693801.1,ST11,1053,55e1191cc594160648403a0e93092b8a,iguana,host_qualifier,Thailand,2022,Unknown,Sanger,low,"placement_low (nearest=ST11 d=0.478; top5=['ST11', 'ST1', 'ST1', 'ST1', 'ST1'])",broad_query,2026-08-13T12:29:33.338201+00:00,"Blastocystis[Organism] AND (""18S""[All Fields] OR ""SSU""[All Fields] OR ""small subunit""[All Fields] OR ""18S ribosomal""[All Fields] OR ""SSU rRNA""[All Fields] OR ""ribosomal RNA""[All Fields] OR ""rRNA""[All Fields] OR ""rDNA""[All Fields]) NOT (""whole genome""[Title] OR ""complete genome""[Title] OR ""WGS""[Title] OR ""shotgun""[Title] OR ""mitochondrial""[Title] OR ""mitochondrion""[Title])"
OQ693799.1,ST11,1045,7c6a081b3bf5348dd78d8d05761b1f63,iguana,host_qualifier,Thailand,2022,Unknown,Sanger,low,"placement_low (nearest=ST11 d=0.475; top5=['ST11', 'ST1', 'ST1', 'ST1', 'ST1'])",broad_query,2026-08-13T12:29:33.338201+00:00,"Blastocystis[Organism] AND (""18S""[All Fields] OR ""SSU""[All Fields] OR ""small subunit""[All Fields] OR ""18S ribosomal""[All Fields] OR ""SSU rRNA""[All Fields] OR ""ribosomal RNA""[All Fields] OR ""rRNA""[All Fields] OR ""rDNA""[All Fields]) NOT (""whole genome""[Title] OR ""complete genome""[Title] OR ""WGS""[Title] OR ""shotgun""[Title] OR ""mitochondrial""[Title] OR ""mitochondrion""[Title])"
OQ693797.1,ST11,1053,8286e13a5bfa5b6378758fda97fb3347,iguana,host_qualifier,Thailand,2022,Unknown,Sanger,low,"placement_low (nearest=ST11 d=0.478; top5=['ST11', 'ST1', 'ST1', 'ST1', 'ST1'])",broad_query,2026-08-13T12:29:33.338201+00:00,"Blastocystis[Organism] AND (""18S""[All Fields] OR ""SSU""[All Fields] OR ""small subunit""[All Fields] OR ""18S ribosomal""[All Fields] OR ""SSU rRNA""[All Fields] OR ""ribosomal RNA""[All Fields] OR ""rRNA""[All Fields] OR ""rDNA""[All Fields]) NOT (""whole genome""[Title] OR ""complete genome""[Title] OR ""WGS""[Title] OR ""shotgun""[Title] OR ""mitochondrial""[Title] OR ""mitochondrion""[Title])"
OQ693795.1,ST11,1054,3c63a958e4476a5c3ad1f33ea809166c,iguana,host_qualifier,Thailand,2022,Unknown,Sanger,low,"placement_low (nearest=ST11 d=0.480; top5=['ST11', 'ST1', 'ST1', 'ST1', 'ST1'])",broad_query,2026-08-13T12:29:33.338201+00:00,"Blastocystis[Organism] AND (""18S""[All Fields] OR ""SSU""[All Fields] OR ""small subunit""[All Fields] OR ""18S ribosomal""[All Fields] OR ""SSU rRNA""[All Fields] OR ""ribosomal RNA""[All Fields] OR ""rRNA""[All Fields] OR ""rDNA""[All Fields]) NOT (""whole genome""[Title] OR ""complete genome""[Title] OR ""WGS""[Title] OR ""shotgun""[Title] OR ""mitochondrial""[Title] OR ""mitochondrion""[Title])"
OQ693794.1,ST11,1043,f62fb43dae0cbed4b2948c5423822605,iguana,host_qualifier,Thailand,2022,Unknown,Sanger,low,"placement_low (nearest=ST11 d=0.480; top5=['ST11', 'ST1', 'ST1', 'ST1', 'ST1'])",broad_query,2026-08-13T12:29:33.338201+00:00,"Blastocystis[Organism] AND (""18S""[All Fields] OR ""SSU""[All Fields] OR ""small subunit""[All Fields] OR ""18S ribosomal""[All Fields] OR ""SSU rRNA""[All Fields] OR ""ribosomal RNA""[All Fields] OR ""rRNA""[All Fields] OR ""rDNA""[All Fields]) NOT (""whole genome""[Title] OR ""complete genome""[Title] OR ""WGS""[Title] OR ""shotgun""[Title] OR ""mitochondrial""[Title] OR ""mitochondrion""[Title])"
OQ693793.1,ST11,1057,5fe23b1e16ec1c19f9c5f74aa24e857a,iguana,host_qualifier,Thailand,2022,Unknown,Sanger,low,"placement_low (nearest=ST11 d=0.479; top5=['ST11', 'ST1', 'ST1', 'ST1', 'ST1'])",broad_query,2026-08-13T12:29:33.338201+00:00,"Blastocystis[Organism] AND (""18S""[All Fields] OR ""SSU""[All Fields] OR ""small subunit""[All Fields] OR ""18S ribosomal""[All Fields] OR ""SSU rRNA""[All Fields] OR ""ribosomal RNA""[All Fields] OR ""rRNA""[All Fields] OR ""rDNA""[All Fields]) NOT (""whole genome""[Title] OR ""complete genome""[Title] OR ""WGS""[Title] OR ""shotgun""[Title] OR ""mitochondrial""[Title] OR ""mitochondrion""[Title])"
OQ693792.1,ST11,1071,ea6be5cc4191c97418badbbec2e697f4,iguana,host_qualifier,Thailand,2022,Unknown,Sanger,low,"placement_low (nearest=ST11 d=0.485; top5=['ST11', 'ST1', 'ST1', 'ST1', 'ST1'])",broad_query,2026-08-13T12:29:33.338201+00:00,"Blastocystis[Organism] AND (""18S""[All Fields] OR ""SSU""[All Fields] OR ""small subunit""[All Fields] OR ""18S ribosomal""[All Fields] OR ""SSU rRNA""[All Fields] OR ""ribosomal RNA""[All Fields] OR ""rRNA""[All Fields] OR ""rDNA""[All Fields]) NOT (""whole genome""[Title] OR ""complete genome""[Title] OR ""WGS""[Title] OR ""shotgun""[Title] OR ""mitochondrial""[Title] OR ""mitochondrion""[Title])"
OQ693791.1,ST11,1053,220236d8417413c7a190361d9f1d0f1a,iguana,host_qualifier,Thailand,2022,Unknown,Sanger,low,"placement_low (nearest=ST11 d=0.479; top5=['ST11', 'ST1', 'ST1', 'ST1', 'ST1'])",broad_query,2026-08-13T12:29:33.338201+00:00,"Blastocystis[Organism] AND (""18S""[All Fields] OR ""SSU""[All Fields] OR ""small subunit""[All Fields] OR ""18S ribosomal""[All Fields] OR ""SSU rRNA""[All Fields] OR ""ribosomal RNA""[All Fields] OR ""rRNA""[All Fields] OR ""rDNA""[All Fields]) NOT (""whole genome""[Title] OR ""complete genome""[Title] OR ""WGS""[Title] OR ""shotgun""[Title] OR ""mitochondrial""[Title] OR ""mitochondrion""[Title])"
OQ693789.1,ST11,1054,e7919166e75b2956d258065ce9d4239c,iguana,host_qualifier,Thailand,2022,Unknown,Sanger,low,"placement_low (nearest=ST11 d=0.478; top5=['ST11', 'ST1', 'ST1', 'ST1', 'ST1'])",broad_query,2026-08-13T12:29:33.338201+00:00,"Blastocystis[Organism] AND (""18S""[All Fields] OR ""SSU""[All Fields] OR ""small subunit""[All Fields] OR ""18S ribosomal""[All Fields] OR ""SSU rRNA""[All Fields] OR ""ribosomal RNA""[All Fields] OR ""rRNA""[All Fields] OR ""rDNA""[All Fields]) NOT (""whole genome""[Title] OR ""complete genome""[Title] OR ""WGS""[Title] OR ""shotgun""[Title] OR ""mitochondrial""[Title] OR ""mitochondrion""[Title])"
OQ693788.1,ST11,1051,18a5c8cfcd93bebc17b2e9d476b36e92,iguana,host_qualifier,Thailand,2022,Unknown,Sanger,low,"placement_low (nearest=ST11 d=0.477; top5=['ST11', 'ST1', 'ST1', 'ST1', 'ST1'])",broad_query,2026-08-13T12:29:33.338201+00:00,"Blastocystis[Organism] AND (""18S""[All Fields] OR ""SSU""[All Fields] OR ""small subunit""[All Fields] OR ""18S ribosomal""[All Fields] OR ""SSU rRNA""[All Fields] OR ""ribosomal RNA""[All Fields] OR ""rRNA""[All Fields] OR ""rDNA""[All Fields]) NOT (""whole genome""[Title] OR ""complete genome""[Title] OR ""WGS""[Title] OR ""shotgun""[Title] OR ""mitochondrial""[Title] OR ""mitochondrion""[Title])"
OQ693787.1,ST11,1049,da92081b01bd4b15e0d76b6aead4bcfa,iguana,host_qualifier,Thailand,2022,Unknown,Sanger,low,"placement_low (nearest=ST11 d=0.476; top5=['ST11', 'ST1', 'ST1', 'ST1', 'ST1'])",broad_query,2026-08-13T12:29:33.338201+00:00,"Blastocystis[Organism] AND (""18S""[All Fields] OR ""SSU""[All Fields] OR ""small subunit""[All Fields] OR ""18S ribosomal""[All Fields] OR ""SSU rRNA""[All Fields] OR ""ribosomal RNA""[All Fields] OR ""rRNA""[All Fields] OR ""rDNA""[All Fields]) NOT (""whole genome""[Title] OR ""complete genome""[Title] OR ""WGS""[Title] OR ""shotgun""[Title] OR ""mitochondrial""[Title] OR ""mitochondrion""[Title])"
OQ693784.1,ST11,1065,1fcd6ff90343e508ff45b6c58c624841,iguana,host_qualifier,Thailand,2022,Unknown,Sanger,low,"placement_low (nearest=ST11 d=0.487; top5=['ST11', 'ST1', 'ST1', 'ST1', 'ST1'])",broad_query,2026-08-13T12:29:33.338201+00:00,"Blastocystis[Organism] AND (""18S""[All Fields] OR ""SSU""[All Fields] OR ""small subunit""[All Fields] OR ""18S ribosomal""[All Fields] OR ""SSU rRNA""[All Fields] OR ""ribosomal RNA""[All Fields] OR ""rRNA""[All Fields] OR ""rDNA""[All Fields]) NOT (""whole genome""[Title] OR ""complete genome""[Title] OR ""WGS""[Title] OR ""shotgun""[Title] OR ""mitochondrial""[Title] OR ""mitochondrion""[Title])"
OQ693783.1,ST11,1051,0b7adb2f17c372902803a8ae646e9f90,iguana,host_qualifier,Thailand,2022,Unknown,Sanger,low,"placement_low (nearest=ST11 d=0.477; top5=['ST11', 'ST1', 'ST1', 'ST1', 'ST1'])",broad_query,2026-08-13T12:29:33.338201+00:00,"Blastocystis[Organism] AND (""18S""[All Fields] OR ""SSU""[All Fields] OR ""small subunit""[All Fields] OR ""18S ribosomal""[All Fields] OR ""SSU rRNA""[All Fields] OR ""ribosomal RNA""[All Fields] OR ""rRNA""[All Fields] OR ""rDNA""[All Fields]) NOT (""whole genome""[Title] OR ""complete genome""[Title] OR ""WGS""[Title] OR ""shotgun""[Title] OR ""mitochondrial""[Title] OR ""mitochondrion""[Title])"
OQ693782.1,ST11,1048,301b95c6a3231bfd2574a0c9173c61b0,iguana,host_qualifier,Thailand,2022,Unknown,Sanger,low,"placement_low (nearest=ST11 d=0.483; top5=['ST11', 'ST1', 'ST1', 'ST1', 'ST1'])",broad_query,2026-08-13T12:29:33.338201+00:00,"Blastocystis[Organism] AND (""18S""[All Fields] OR ""SSU""[All Fields] OR ""small subunit""[All Fields] OR ""18S ribosomal""[All Fields] OR ""SSU rRNA""[All Fields] OR ""ribosomal RNA""[All Fields] OR ""rRNA""[All Fields] OR ""rDNA""[All Fields]) NOT (""whole genome""[Title] OR ""complete genome""[Title] OR ""WGS""[Title] OR ""shotgun""[Title] OR ""mitochondrial""[Title] OR ""mitochondrion""[Title])"
OQ693779.1,ST11,1049,ce7491b9538aac7982c25a04ec52d841,iguana,host_qualifier,Thailand,2022,Unknown,Sanger,low,"placement_low (nearest=ST11 d=0.476; top5=['ST11', 'ST1', 'ST1', 'ST1', 'ST1'])",broad_query,2026-08-13T12:29:33.338201+00:00,"Blastocystis[Organism] AND (""18S""[All Fields] OR ""SSU""[All Fields] OR ""small subunit""[All Fields] OR ""18S ribosomal""[All Fields] OR ""SSU rRNA""[All Fields] OR ""ribosomal RNA""[All Fields] OR ""rRNA""[All Fields] OR ""rDNA""[All Fields]) NOT (""whole genome""[Title] OR ""complete genome""[Title] OR ""WGS""[Title] OR ""shotgun""[Title] OR ""mitochondrial""[Title] OR ""mitochondrion""[Title])"
OQ693777.1,ST11,1052,f1927b1181267afaa1ce42c7c0a8debf,iguana,host_qualifier,Thailand,2022,Unknown,Sanger,low,"placement_low (nearest=ST11 d=0.477; top5=['ST11', 'ST1', 'ST1', 'ST1', 'ST1'])",broad_query,2026-08-13T12:29:33.338201+00:00,"Blastocystis[Organism] AND (""18S""[All Fields] OR ""SSU""[All Fields] OR ""small subunit""[All Fields] OR ""18S ribosomal""[All Fields] OR ""SSU rRNA""[All Fields] OR ""ribosomal RNA""[All Fields] OR ""rRNA""[All Fields] OR ""rDNA""[All Fields]) NOT (""whole genome""[Title] OR ""complete genome""[Title] OR ""WGS""[Title] OR ""shotgun""[Title] OR ""mitochondrial""[Title] OR ""mitochondrion""[Title])"
OQ693776.1,ST11,1044,5e6f9d04c485ce9475092c68b56944f2,iguana,host_qualifier,Thailand,2022,Unknown,Sanger,low,"placement_low (nearest=ST11 d=0.474; top5=['ST11', 'ST1', 'ST1', 'ST1', 'ST1'])",broad_query,2026-08-13T12:29:33.338201+00:00,"Blastocystis[Organism] AND (""18S""[All Fields] OR ""SSU""[All Fields] OR ""small subunit""[All Fields] OR ""18S ribosomal""[All Fields] OR ""SSU rRNA""[All Fields] OR ""ribosomal RNA""[All Fields] OR ""rRNA""[All Fields] OR ""rDNA""[All Fields]) NOT (""whole genome""[Title] OR ""complete genome""[Title] OR ""WGS""[Title] OR ""shotgun""[Title] OR ""mitochondrial""[Title] OR ""mitochondrion""[Title])"
OQ693774.1,ST11,1059,2993ce00d4051e19c2c28a84bf86e791,iguana,host_qualifier,Thailand,2022,Unknown,Sanger,low,"placement_low (nearest=ST11 d=0.480; top5=['ST11', 'ST1', 'ST1', 'ST1', 'ST1'])",broad_query,2026-08-13T12:29:33.338201+00:00,"Blastocystis[Organism] AND (""18S""[All Fields] OR ""SSU""[All Fields] OR ""small subunit""[All Fields] OR ""18S ribosomal""[All Fields] OR ""SSU rRNA""[All Fields] OR ""ribosomal RNA""[All Fields] OR ""rRNA""[All Fields] OR ""rDNA""[All Fields]) NOT (""whole genome""[Title] OR ""complete genome""[Title] OR ""WGS""[Title] OR ""shotgun""[Title] OR ""mitochondrial""[Title] OR ""mitochondrion""[Title])"
OQ693773.1,ST11,1067,31b4fb862cd90fac881e97d37af3b79b,iguana,host_qualifier,Thailand,2022,Unknown,Sanger,low,"placement_low (nearest=ST11 d=0.486; top5=['ST11', 'ST1', 'ST1', 'ST1', 'ST1'])",broad_query,2026-08-13T12:29:33.338201+00:00,"Blastocystis[Organism] AND (""18S""[All Fields] OR ""SSU""[All Fields] OR ""small subunit""[All Fields] OR ""18S ribosomal""[All Fields] OR ""SSU rRNA""[All Fields] OR ""ribosomal RNA""[All Fields] OR ""rRNA""[All Fields] OR ""rDNA""[All Fields]) NOT (""whole genome""[Title] OR ""complete genome""[Title] OR ""WGS""[Title] OR ""shotgun""[Title] OR ""mitochondrial""[Title] OR ""mitochondrion""[Title])"
OQ693772.1,ST11,1068,f16d1e5faa247b5e1efe86783f119e56,iguana,host_qualifier,Thailand,2022,Unknown,Sanger,low,"placement_low (nearest=ST11 d=0.486; top5=['ST11', 'ST1', 'ST1', 'ST1', 'ST1'])",broad_query,2026-08-13T12:29:33.338201+00:00,"Blastocystis[Organism] AND (""18S""[All Fields] OR ""SSU""[All Fields] OR ""small subunit""[All Fields] OR ""18S ribosomal""[All Fields] OR ""SSU rRNA""[All Fields] OR ""ribosomal RNA""[All Fields] OR ""rRNA""[All Fields] OR ""rDNA""[All Fields]) NOT (""whole genome""[Title] OR ""complete genome""[Title] OR ""WGS""[Title] OR ""shotgun""[Title] OR ""mitochondrial""[Title] OR ""mitochondrion""[Title])"
OQ693771.1,ST11,1042,f61e03fcc9941c31c9008faf0cee331c,iguana,host_qualifier,Thailand,2022,Unknown,Sanger,low,"placement_low (nearest=ST11 d=0.473; top5=['ST11', 'ST1', 'ST1', 'ST1', 'ST1'])",broad_query,2026-08-13T12:29:33.338201+00:00,"Blastocystis[Organism] AND (""18S""[All Fields] OR ""SSU""[All Fields] OR ""small subunit""[All Fields] OR ""18S ribosomal""[All Fields] OR ""SSU rRNA""[All Fields] OR ""ribosomal RNA""[All Fields] OR ""rRNA""[All Fields] OR ""rDNA""[All Fields]) NOT (""whole genome""[Title] OR ""complete genome""[Title] OR ""WGS""[Title] OR ""shotgun""[Title] OR ""mitochondrial""[Title] OR ""mitochondrion""[Title])"
OQ693770.1,ST11,1049,5c80f9720ceda57902779156f329acc7,iguana,host_qualifier,Thailand,2022,Unknown,Sanger,low,"placement_low (nearest=ST11 d=0.476; top5=['ST11', 'ST1', 'ST1', 'ST1', 'ST1'])",broad_query,2026-08-13T12:29:33.338201+00:00,"Blastocystis[Organism] AND (""18S""[All Fields] OR ""SSU""[All Fields] OR ""small subunit""[All Fields] OR ""18S ribosomal""[All Fields] OR ""SSU rRNA""[All Fields] OR ""ribosomal RNA""[All Fields] OR ""rRNA""[All Fields] OR ""rDNA""[All Fields]) NOT (""whole genome""[Title] OR ""complete genome""[Title] OR ""WGS""[Title] OR ""shotgun""[Title] OR ""mitochondrial""[Title] OR ""mitochondrion""[Title])"
OQ693769.1,ST11,1052,0ede34eede0f105e745ad4ad1f2e01b1,iguana,host_qualifier,Thailand,2022,Unknown,Sanger,low,"placement_low (nearest=ST11 d=0.493; top5=['ST11', 'ST1', 'ST1', 'ST1', 'ST1'])",broad_query,2026-08-13T12:29:33.338201+00:00,"Blastocystis[Organism] AND (""18S""[All Fields] OR ""SSU""[All Fields] OR ""small subunit""[All Fields] OR ""18S ribosomal""[All Fields] OR ""SSU rRNA""[All Fields] OR ""ribosomal RNA""[All Fields] OR ""rRNA""[All Fields] OR ""rDNA""[All Fields]) NOT (""whole genome""[Title] OR ""complete genome""[Title] OR ""WGS""[Title] OR ""shotgun""[Title] OR ""mitochondrial""[Title] OR ""mitochondrion""[Title])"
OQ693766.1,ST11,1048,7b1e718cad286b9b8726ffafc982c820,iguana,host_qualifier,Thailand,2022,Unknown,Sanger,low,"placement_low (nearest=ST11 d=0.478; top5=['ST11', 'ST1', 'ST1', 'ST1', 'ST1'])",broad_query,2026-08-13T12:29:33.338201+00:00,"Blastocystis[Organism] AND (""18S""[All Fields] OR ""SSU""[All Fields] OR ""small subunit""[All Fields] OR ""18S ribosomal""[All Fields] OR ""SSU rRNA""[All Fields] OR ""ribosomal RNA""[All Fields] OR ""rRNA""[All Fields] OR ""rDNA""[All Fields]) NOT (""whole genome""[Title] OR ""complete genome""[Title] OR ""WGS""[Title] OR ""shotgun""[Title] OR ""mitochondrial""[Title] OR ""mitochondrion""[Title])"
OQ693765.1,ST11,1035,2545ae35e17ba52f99bdf68a34651e17,iguana,host_qualifier,Thailand,2022,Unknown,Sanger,low,"placement_low (nearest=ST11 d=0.476; top5=['ST11', 'ST1', 'ST1', 'ST1', 'ST1'])",broad_query,2026-08-13T12:29:33.338201+00:00,"Blastocystis[Organism] AND (""18S""[All Fields] OR ""SSU""[All Fields] OR ""small subunit""[All Fields] OR ""18S ribosomal""[All Fields] OR ""SSU rRNA""[All Fields] OR ""ribosomal RNA""[All Fields] OR ""rRNA""[All Fields] OR ""rDNA""[All Fields]) NOT (""whole genome""[Title] OR ""complete genome""[Title] OR ""WGS""[Title] OR ""shotgun""[Title] OR ""mitochondrial""[Title] OR ""mitochondrion""[Title])"
OQ693764.1,ST11,1053,ad40faeb5886662015ea6935ac830218,iguana,host_qualifier,Thailand,2022,Unknown,Sanger,low,"placement_low (nearest=ST11 d=0.478; top5=['ST11', 'ST1', 'ST1', 'ST1', 'ST1'])",broad_query,2026-08-13T12:29:33.338201+00:00,"Blastocystis[Organism] AND (""18S""[All Fields] OR ""SSU""[All Fields] OR ""small subunit""[All Fields] OR ""18S ribosomal""[All Fields] OR ""SSU rRNA""[All Fields] OR ""ribosomal RNA""[All Fields] OR ""rRNA""[All Fields] OR ""rDNA""[All Fields]) NOT (""whole genome""[Title] OR ""complete genome""[Title] OR ""WGS""[Title] OR ""shotgun""[Title] OR ""mitochondrial""[Title] OR ""mitochondrion""[Title])"
OQ693762.1,ST11,1055,af274aaa0165cb2169ef2edd02675803,iguana,host_qualifier,Thailand,2022,Unknown,Sanger,low,"placement_low (nearest=ST11 d=0.480; top5=['ST11', 'ST1', 'ST1', 'ST1', 'ST1'])",broad_query,2026-08-13T12:29:33.338201+00:00,"Blastocystis[Organism] AND (""18S""[All Fields] OR ""SSU""[All Fields] OR ""small subunit""[All Fields] OR ""18S ribosomal""[All Fields] OR ""SSU rRNA""[All Fields] OR ""ribosomal RNA""[All Fields] OR ""rRNA""[All Fields] OR ""rDNA""[All Fields]) NOT (""whole genome""[Title] OR ""complete genome""[Title] OR ""WGS""[Title] OR ""shotgun""[Title] OR ""mitochondrial""[Title] OR ""mitochondrion""[Title])"
OQ693761.1,ST11,1048,5c4072e508d0240b47d4c474f7ff7643,iguana,host_qualifier,Thailand,2022,Unknown,Sanger,low,"placement_low (nearest=ST11 d=0.493; top5=['ST11', 'ST1', 'ST1', 'ST1', 'ST1'])",broad_query,2026-08-13T12:29:33.338201+00:00,"Blastocystis[Organism] AND (""18S""[All Fields] OR ""SSU""[All Fields] OR ""small subunit""[All Fields] OR ""18S ribosomal""[All Fields] OR ""SSU rRNA""[All Fields] OR ""ribosomal RNA""[All Fields] OR ""rRNA""[All Fields] OR ""rDNA""[All Fields]) NOT (""whole genome""[Title] OR ""complete genome""[Title] OR ""WGS""[Title] OR ""shotgun""[Title] OR ""mitochondrial""[Title] OR ""mitochondrion""[Title])"
OQ693760.1,ST11,1034,f881e1ef231b02f89a1dbe777e7bbdf1,iguana,host_qualifier,Thailand,2022,Unknown,Sanger,low,"placement_low (nearest=ST11 d=0.497; top5=['ST11', 'ST1', 'ST1', 'ST1', 'ST1'])",broad_query,2026-08-13T12:29:33.338201+00:00,"Blastocystis[Organism] AND (""18S""[All Fields] OR ""SSU""[All Fields] OR ""small subunit""[All Fields] OR ""18S ribosomal""[All Fields] OR ""SSU rRNA""[All Fields] OR ""ribosomal RNA""[All Fields] OR ""rRNA""[All Fields] OR ""rDNA""[All Fields]) NOT (""whole genome""[Title] OR ""complete genome""[Title] OR ""WGS""[Title] OR ""shotgun""[Title] OR ""mitochondrial""[Title] OR ""mitochondrion""[Title])"
OQ693758.1,ST11,1050,4bfdbfb945b7e009d144ceb949d419e5,iguana,host_qualifier,Thailand,2022,Unknown,Sanger,low,"placement_low (nearest=ST11 d=0.477; top5=['ST11', 'ST1', 'ST1', 'ST1', 'ST1'])",broad_query,2026-08-13T12:29:33.338201+00:00,"Blastocystis[Organism] AND (""18S""[All Fields] OR ""SSU""[All Fields] OR ""small subunit""[All Fields] OR ""18S ribosomal""[All Fields] OR ""SSU rRNA""[All Fields] OR ""ribosomal RNA""[All Fields] OR ""rRNA""[All Fields] OR ""rDNA""[All Fields]) NOT (""whole genome""[Title] OR ""complete genome""[Title] OR ""WGS""[Title] OR ""shotgun""[Title] OR ""mitochondrial""[Title] OR ""mitochondrion""[Title])"
OQ693757.1,ST11,1040,96318c82c81e2acaf645f26f25dce160,iguana,host_qualifier,Thailand,2022,Unknown,Sanger,low,"placement_low (nearest=ST11 d=0.492; top5=['ST11', 'ST1', 'ST1', 'ST1', 'ST1'])",broad_query,2026-08-13T12:29:33.338201+00:00,"Blastocystis[Organism] AND (""18S""[All Fields] OR ""SSU""[All Fields] OR ""small subunit""[All Fields] OR ""18S ribosomal""[All Fields] OR ""SSU rRNA""[All Fields] OR ""ribosomal RNA""[All Fields] OR ""rRNA""[All Fields] OR ""rDNA""[All Fields]) NOT (""whole genome""[Title] OR ""complete genome""[Title] OR ""WGS""[Title] OR ""shotgun""[Title] OR ""mitochondrial""[Title] OR ""mitochondrion""[Title])"
OQ693756.1,ST11,1042,655f70e48bcfec6311f6cc6a772349b5,iguana,host_qualifier,Thailand,2022,Unknown,Sanger,low,"placement_low (nearest=ST11 d=0.484; top5=['ST11', 'ST1', 'ST1', 'ST1', 'ST1'])",broad_query,2026-08-13T12:29:33.338201+00:00,"Blastocystis[Organism] AND (""18S""[All Fields] OR ""SSU""[All Fields] OR ""small subunit""[All Fields] OR ""18S ribosomal""[All Fields] OR ""SSU rRNA""[All Fields] OR ""ribosomal RNA""[All Fields] OR ""rRNA""[All Fields] OR ""rDNA""[All Fields]) NOT (""whole genome""[Title] OR ""complete genome""[Title] OR ""WGS""[Title] OR ""shotgun""[Title] OR ""mitochondrial""[Title] OR ""mitochondrion""[Title])"
OQ693755.1,ST11,1043,54995b8f4b11c6453cd781b8f31b80c7,iguana,host_qualifier,Thailand,2022,Unknown,Sanger,low,"placement_low (nearest=ST11 d=0.474; top5=['ST11', 'ST1', 'ST1', 'ST1', 'ST1'])",broad_query,2026-08-13T12:29:33.338201+00:00,"Blastocystis[Organism] AND (""18S""[All Fields] OR ""SSU""[All Fields] OR ""small subunit""[All Fields] OR ""18S ribosomal""[All Fields] OR ""SSU rRNA""[All Fields] OR ""ribosomal RNA""[All Fields] OR ""rRNA""[All Fields] OR ""rDNA""[All Fields]) NOT (""whole genome""[Title] OR ""complete genome""[Title] OR ""WGS""[Title] OR ""shotgun""[Title] OR ""mitochondrial""[Title] OR ""mitochondrion""[Title])"
OQ693754.1,ST11,1043,db4b8400e1f477ac916aa7f190579989,iguana,host_qualifier,Thailand,2022,Unknown,Sanger,low,"placement_low (nearest=ST11 d=0.474; top5=['ST11', 'ST1', 'ST1', 'ST1', 'ST1'])",broad_query,2026-08-13T12:29:33.338201+00:00,"Blastocystis[Organism] AND (""18S""[All Fields] OR ""SSU""[All Fields] OR ""small subunit""[All Fields] OR ""18S ribosomal""[All Fields] OR ""SSU rRNA""[All Fields] OR ""ribosomal RNA""[All Fields] OR ""rRNA""[All Fields] OR ""rDNA""[All Fields]) NOT (""whole genome""[Title] OR ""complete genome""[Title] OR ""WGS""[Title] OR ""shotgun""[Title] OR ""mitochondrial""[Title] OR ""mitochondrion""[Title])"
OQ693753.1,ST11,1053,0b755ea0de4d17f90fbd44a9e16d7a09,iguana,host_qualifier,Thailand,2022,Unknown,Sanger,low,"placement_low (nearest=ST11 d=0.486; top5=['ST11', 'ST1', 'ST1', 'ST1', 'ST1'])",broad_query,2026-08-13T12:29:33.338201+00:00,"Blastocystis[Organism] AND (""18S""[All Fields] OR ""SSU""[All Fields] OR ""small subunit""[All Fields] OR ""18S ribosomal""[All Fields] OR ""SSU rRNA""[All Fields] OR ""ribosomal RNA""[All Fields] OR ""rRNA""[All Fields] OR ""rDNA""[All Fields]) NOT (""whole genome""[Title] OR ""complete genome""[Title] OR ""WGS""[Title] OR ""shotgun""[Title] OR ""mitochondrial""[Title] OR ""mitochondrion""[Title])"
OQ693751.1,ST11,1043,e06f5da987ab05373e1fad3a24ff3b30,iguana,host_qualifier,Thailand,2022,Unknown,Sanger,low,"placement_low (nearest=ST11 d=0.485; top5=['ST11', 'ST1', 'ST1', 'ST1', 'ST1'])",broad_query,2026-08-13T12:29:33.338201+00:00,"Blastocystis[Organism] AND (""18S""[All Fields] OR ""SSU""[All Fields] OR ""small subunit""[All Fields] OR ""18S ribosomal""[All Fields] OR ""SSU rRNA""[All Fields] OR ""ribosomal RNA""[All Fields] OR ""rRNA""[All Fields] OR ""rDNA""[All Fields]) NOT (""whole genome""[Title] OR ""complete genome""[Title] OR ""WGS""[Title] OR ""shotgun""[Title] OR ""mitochondrial""[Title] OR ""mitochondrion""[Title])"
OQ693749.1,ST11,1048,0bf57d6e8538f6bbe4a985e92e4e75c5,iguana,host_qualifier,Thailand,2022,Unknown,Sanger,low,"placement_low (nearest=ST11 d=0.476; top5=['ST11', 'ST1', 'ST1', 'ST1', 'ST1'])",broad_query,2026-08-13T12:29:33.338201+00:00,"Blastocystis[Organism] AND (""18S""[All Fields] OR ""SSU""[All Fields] OR ""small subunit""[All Fields] OR ""18S ribosomal""[All Fields] OR ""SSU rRNA""[All Fields] OR ""ribosomal RNA""[All Fields] OR ""rRNA""[All Fields] OR ""rDNA""[All Fields]) NOT (""whole genome""[Title] OR ""complete genome""[Title] OR ""WGS""[Title] OR ""shotgun""[Title] OR ""mitochondrial""[Title] OR ""mitochondrion""[Title])"
OQ693748.1,ST11,1051,1d455ccee44e701f02dcc965a730e4ed,iguana,host_qualifier,Thailand,2022,Unknown,Sanger,low,"placement_low (nearest=ST11 d=0.477; top5=['ST11', 'ST1', 'ST1', 'ST1', 'ST1'])",broad_query,2026-08-13T12:29:33.338201+00:00,"Blastocystis[Organism] AND (""18S""[All Fields] OR ""SSU""[All Fields] OR ""small subunit""[All Fields] OR ""18S ribosomal""[All Fields] OR ""SSU rRNA""[All Fields] OR ""ribosomal RNA""[All Fields] OR ""rRNA""[All Fields] OR ""rDNA""[All Fields]) NOT (""whole genome""[Title] OR ""complete genome""[Title] OR ""WGS""[Title] OR ""shotgun""[Title] OR ""mitochondrial""[Title] OR ""mitochondrion""[Title])"
OQ693747.1,ST11,1044,991b0677f745c47286145ec832c088e1,iguana,host_qualifier,Thailand,2022,Unknown,Sanger,low,"placement_low (nearest=ST11 d=0.486; top5=['ST11', 'ST1', 'ST1', 'ST1', 'ST1'])",broad_query,2026-08-13T12:29:33.338201+00:00,"Blastocystis[Organism] AND (""18S""[All Fields] OR ""SSU""[All Fields] OR ""small subunit""[All Fields] OR ""18S ribosomal""[All Fields] OR ""SSU rRNA""[All Fields] OR ""ribosomal RNA""[All Fields] OR ""rRNA""[All Fields] OR ""rDNA""[All Fields]) NOT (""whole genome""[Title] OR ""complete genome""[Title] OR ""WGS""[Title] OR ""shotgun""[Title] OR ""mitochondrial""[Title] OR ""mitochondrion""[Title])"
OQ693746.1,ST11,1041,876b75b6b4c2b711bf060522e938f62a,iguana,host_qualifier,Thailand,2022,Unknown,Sanger,low,"placement_low (nearest=ST11 d=0.485; top5=['ST11', 'ST1', 'ST1', 'ST1', 'ST1'])",broad_query,2026-08-13T12:29:33.338201+00:00,"Blastocystis[Organism] AND (""18S""[All Fields] OR ""SSU""[All Fields] OR ""small subunit""[All Fields] OR ""18S ribosomal""[All Fields] OR ""SSU rRNA""[All Fields] OR ""ribosomal RNA""[All Fields] OR ""rRNA""[All Fields] OR ""rDNA""[All Fields]) NOT (""whole genome""[Title] OR ""complete genome""[Title] OR ""WGS""[Title] OR ""shotgun""[Title] OR ""mitochondrial""[Title] OR ""mitochondrion""[Title])"
OQ693745.1,ST11,1055,c0d642ba1942b67dd38df86acac48d66,iguana,host_qualifier,Thailand,2022,Unknown,Sanger,low,"placement_low (nearest=ST11 d=0.479; top5=['ST11', 'ST1', 'ST1', 'ST1', 'ST1'])",broad_query,2026-08-13T12:29:33.338201+00:00,"Blastocystis[Organism] AND (""18S""[All Fields] OR ""SSU""[All Fields] OR ""small subunit""[All Fields] OR ""18S ribosomal""[All Fields] OR ""SSU rRNA""[All Fields] OR ""ribosomal RNA""[All Fields] OR ""rRNA""[All Fields] OR ""rDNA""[All Fields]) NOT (""whole genome""[Title] OR ""complete genome""[Title] OR ""WGS""[Title] OR ""shotgun""[Title] OR ""mitochondrial""[Title] OR ""mitochondrion""[Title])"
OQ693744.1,ST11,1062,d3fbceb5ea8fddc9e7b9dfef509a9efe,iguana,host_qualifier,Thailand,2022,Unknown,Sanger,low,"placement_low (nearest=ST11 d=0.481; top5=['ST11', 'ST1', 'ST1', 'ST1', 'ST1'])",broad_query,2026-08-13T12:29:33.338201+00:00,"Blastocystis[Organism] AND (""18S""[All Fields] OR ""SSU""[All Fields] OR ""small subunit""[All Fields] OR ""18S ribosomal""[All Fields] OR ""SSU rRNA""[All Fields] OR ""ribosomal RNA""[All Fields] OR ""rRNA""[All Fields] OR ""rDNA""[All Fields]) NOT (""whole genome""[Title] OR ""complete genome""[Title] OR ""WGS""[Title] OR ""shotgun""[Title] OR ""mitochondrial""[Title] OR ""mitochondrion""[Title])"
OQ693743.1,ST11,1084,49bdc07dee8a923be85fdc9365080a47,iguana,host_qualifier,Thailand,2022,Unknown,Sanger,low,"placement_low (nearest=ST11 d=0.490; top5=['ST11', 'ST1', 'ST1', 'ST1', 'ST1'])",broad_query,2026-08-13T12:29:33.338201+00:00,"Blastocystis[Organism] AND (""18S""[All Fields] OR ""SSU""[All Fields] OR ""small subunit""[All Fields] OR ""18S ribosomal""[All Fields] OR ""SSU rRNA""[All Fields] OR ""ribosomal RNA""[All Fields] OR ""rRNA""[All Fields] OR ""rDNA""[All Fields]) NOT (""whole genome""[Title] OR ""complete genome""[Title] OR ""WGS""[Title] OR ""shotgun""[Title] OR ""mitochondrial""[Title] OR ""mitochondrion""[Title])"
OQ693742.1,ST11,1056,57a9250d841552743817960e9285b45d,iguana,host_qualifier,Thailand,2022,Unknown,Sanger,low,"placement_low (nearest=ST11 d=0.479; top5=['ST11', 'ST1', 'ST1', 'ST1', 'ST1'])",broad_query,2026-08-13T12:29:33.338201+00:00,"Blastocystis[Organism] AND (""18S""[All Fields] OR ""SSU""[All Fields] OR ""small subunit""[All Fields] OR ""18S ribosomal""[All Fields] OR ""SSU rRNA""[All Fields] OR ""ribosomal RNA""[All Fields] OR ""rRNA""[All Fields] OR ""rDNA""[All Fields]) NOT (""whole genome""[Title] OR ""complete genome""[Title] OR ""WGS""[Title] OR ""shotgun""[Title] OR ""mitochondrial""[Title] OR ""mitochondrion""[Title])"
OQ693741.1,ST11,1040,f034e084ddf2f0b46e75cd7624ba08a5,iguana,host_qualifier,Thailand,2022,Unknown,Sanger,low,"placement_low (nearest=ST11 d=0.473; top5=['ST11', 'ST1', 'ST1', 'ST1', 'ST1'])",broad_query,2026-08-13T12:29:33.338201+00:00,"Blastocystis[Organism] AND (""18S""[All Fields] OR ""SSU""[All Fields] OR ""small subunit""[All Fields] OR ""18S ribosomal""[All Fields] OR ""SSU rRNA""[All Fields] OR ""ribosomal RNA""[All Fields] OR ""rRNA""[All Fields] OR ""rDNA""[All Fields]) NOT (""whole genome""[Title] OR ""complete genome""[Title] OR ""WGS""[Title] OR ""shotgun""[Title] OR ""mitochondrial""[Title] OR ""mitochondrion""[Title])"
OQ693739.1,ST11,1056,a550a8531cd511c7c7f5db6e0aa31ac2,iguana,host_qualifier,Thailand,2022,Unknown,Sanger,low,"placement_low (nearest=ST11 d=0.495; top5=['ST11', 'ST1', 'ST1', 'ST1', 'ST1'])",broad_query,2026-08-13T12:29:33.338201+00:00,"Blastocystis[Organism] AND (""18S""[All Fields] OR ""SSU""[All Fields] OR ""small subunit""[All Fields] OR ""18S ribosomal""[All Fields] OR ""SSU rRNA""[All Fields] OR ""ribosomal RNA""[All Fields] OR ""rRNA""[All Fields] OR ""rDNA""[All Fields]) NOT (""whole genome""[Title] OR ""complete genome""[Title] OR ""WGS""[Title] OR ""shotgun""[Title] OR ""mitochondrial""[Title] OR ""mitochondrion""[Title])"
OQ693738.1,ST11,1064,b9bf709edcdda75d1abf248069a10530,iguana,host_qualifier,Thailand,2022,Unknown,Sanger,low,"placement_low (nearest=ST11 d=0.482; top5=['ST11', 'ST1', 'ST1', 'ST1', 'ST1'])",broad_query,2026-08-13T12:29:33.338201+00:00,"Blastocystis[Organism] AND (""18S""[All Fields] OR ""SSU""[All Fields] OR ""small subunit""[All Fields] OR ""18S ribosomal""[All Fields] OR ""SSU rRNA""[All Fields] OR ""ribosomal RNA""[All Fields] OR ""rRNA""[All Fields] OR ""rDNA""[All Fields]) NOT (""whole genome""[Title] OR ""complete genome""[Title] OR ""WGS""[Title] OR ""shotgun""[Title] OR ""mitochondrial""[Title] OR ""mitochondrion""[Title])"
OQ693737.1,ST11,1061,94c4c55e8b2f10814890a53a6046eb81,iguana,host_qualifier,Thailand,2022,Unknown,Sanger,low,"placement_low (nearest=ST11 d=0.481; top5=['ST11', 'ST1', 'ST1', 'ST1', 'ST1'])",broad_query,2026-08-13T12:29:33.338201+00:00,"Blastocystis[Organism] AND (""18S""[All Fields] OR ""SSU""[All Fields] OR ""small subunit""[All Fields] OR ""18S ribosomal""[All Fields] OR ""SSU rRNA""[All Fields] OR ""ribosomal RNA""[All Fields] OR ""rRNA""[All Fields] OR ""rDNA""[All Fields]) NOT (""whole genome""[Title] OR ""complete genome""[Title] OR ""WGS""[Title] OR ""shotgun""[Title] OR ""mitochondrial""[Title] OR ""mitochondrion""[Title])"
OQ693736.1,ST11,1020,f2456e39e39974ecee6c60212bdbf617,iguana,host_qualifier,Thailand,2022,Unknown,Sanger,low,"placement_low (nearest=ST11 d=0.481; top5=['ST11', 'ST1', 'ST1', 'ST1', 'ST1'])",broad_query,2026-08-13T12:29:33.338201+00:00,"Blastocystis[Organism] AND (""18S""[All Fields] OR ""SSU""[All Fields] OR ""small subunit""[All Fields] OR ""18S ribosomal""[All Fields] OR ""SSU rRNA""[All Fields] OR ""ribosomal RNA""[All Fields] OR ""rRNA""[All Fields] OR ""rDNA""[All Fields]) NOT (""whole genome""[Title] OR ""complete genome""[Title] OR ""WGS""[Title] OR ""shotgun""[Title] OR ""mitochondrial""[Title] OR ""mitochondrion""[Title])"
OQ693735.1,ST11,1062,2223ea78a8af81802aac32af76bbc253,iguana,host_qualifier,Thailand,2022,Unknown,Sanger,low,"placement_low (nearest=ST11 d=0.488; top5=['ST11', 'ST1', 'ST1', 'ST1', 'ST1'])",broad_query,2026-08-13T12:29:33.338201+00:00,"Blastocystis[Organism] AND (""18S""[All Fields] OR ""SSU""[All Fields] OR ""small subunit""[All Fields] OR ""18S ribosomal""[All Fields] OR ""SSU rRNA""[All Fields] OR ""ribosomal RNA""[All Fields] OR ""rRNA""[All Fields] OR ""rDNA""[All Fields]) NOT (""whole genome""[Title] OR ""complete genome""[Title] OR ""WGS""[Title] OR ""shotgun""[Title] OR ""mitochondrial""[Title] OR ""mitochondrion""[Title])"
OQ693734.1,ST11,1053,20d875d1341c7cfebf005f4618c14316,iguana,host_qualifier,Thailand,2022,Unknown,Sanger,low,"placement_low (nearest=ST11 d=0.478; top5=['ST11', 'ST1', 'ST1', 'ST1', 'ST1'])",broad_query,2026-08-13T12:29:33.338201+00:00,"Blastocystis[Organism] AND (""18S""[All Fields] OR ""SSU""[All Fields] OR ""small subunit""[All Fields] OR ""18S ribosomal""[All Fields] OR ""SSU rRNA""[All Fields] OR ""ribosomal RNA""[All Fields] OR ""rRNA""[All Fields] OR ""rDNA""[All Fields]) NOT (""whole genome""[Title] OR ""complete genome""[Title] OR ""WGS""[Title] OR ""shotgun""[Title] OR ""mitochondrial""[Title] OR ""mitochondrion""[Title])"
OQ693733.1,ST11,1051,f4eb061fc5c40804b78a370f07d85859,iguana,host_qualifier,Thailand,2022,Unknown,Sanger,low,"placement_low (nearest=ST11 d=0.477; top5=['ST11', 'ST1', 'ST1', 'ST1', 'ST1'])",broad_query,2026-08-13T12:29:33.338201+00:00,"Blastocystis[Organism] AND (""18S""[All Fields] OR ""SSU""[All Fields] OR ""small subunit""[All Fields] OR ""18S ribosomal""[All Fields] OR ""SSU rRNA""[All Fields] OR ""ribosomal RNA""[All Fields] OR ""rRNA""[All Fields] OR ""rDNA""[All Fields]) NOT (""whole genome""[Title] OR ""complete genome""[Title] OR ""WGS""[Title] OR ""shotgun""[Title] OR ""mitochondrial""[Title] OR ""mitochondrion""[Title])"
OQ693731.1,ST11,1050,9b68b18d54ef6a29b162ad18a7cca2ee,iguana,host_qualifier,Thailand,2022,Unknown,Sanger,low,"placement_low (nearest=ST11 d=0.485; top5=['ST11', 'ST1', 'ST1', 'ST1', 'ST1'])",broad_query,2026-08-13T12:29:33.338201+00:00,"Blastocystis[Organism] AND (""18S""[All Fields] OR ""SSU""[All Fields] OR ""small subunit""[All Fields] OR ""18S ribosomal""[All Fields] OR ""SSU rRNA""[All Fields] OR ""ribosomal RNA""[All Fields] OR ""rRNA""[All Fields] OR ""rDNA""[All Fields]) NOT (""whole genome""[Title] OR ""complete genome""[Title] OR ""WGS""[Title] OR ""shotgun""[Title] OR ""mitochondrial""[Title] OR ""mitochondrion""[Title])"
OQ693730.1,ST11,1052,150a3fed620815cf9f5ce05eb0b90350,iguana,host_qualifier,Thailand,2022,Unknown,Sanger,low,"placement_low (nearest=ST11 d=0.477; top5=['ST11', 'ST1', 'ST1', 'ST1', 'ST1'])",broad_query,2026-08-13T12:29:33.338201+00:00,"Blastocystis[Organism] AND (""18S""[All Fields] OR ""SSU""[All Fields] OR ""small subunit""[All Fields] OR ""18S ribosomal""[All Fields] OR ""SSU rRNA""[All Fields] OR ""ribosomal RNA""[All Fields] OR ""rRNA""[All Fields] OR ""rDNA""[All Fields]) NOT (""whole genome""[Title] OR ""complete genome""[Title] OR ""WGS""[Title] OR ""shotgun""[Title] OR ""mitochondrial""[Title] OR ""mitochondrion""[Title])"
OQ693729.1,ST11,1059,0b46c7ba33a818ae71a1301876a65579,iguana,host_qualifier,Thailand,2022,Unknown,Sanger,low,"placement_low (nearest=ST11 d=0.482; top5=['ST11', 'ST1', 'ST1', 'ST1', 'ST1'])",broad_query,2026-08-13T12:29:33.338201+00:00,"Blastocystis[Organism] AND (""18S""[All Fields] OR ""SSU""[All Fields] OR ""small subunit""[All Fields] OR ""18S ribosomal""[All Fields] OR ""SSU rRNA""[All Fields] OR ""ribosomal RNA""[All Fields] OR ""rRNA""[All Fields] OR ""rDNA""[All Fields]) NOT (""whole genome""[Title] OR ""complete genome""[Title] OR ""WGS""[Title] OR ""shotgun""[Title] OR ""mitochondrial""[Title] OR ""mitochondrion""[Title])"
OQ693728.1,ST11,1059,90775849238903ad0e5ee8fe7f18c786,iguana,host_qualifier,Thailand,2022,Unknown,Sanger,low,"placement_low (nearest=ST11 d=0.479; top5=['ST11', 'ST1', 'ST1', 'ST1', 'ST1'])",broad_query,2026-08-13T12:29:33.338201+00:00,"Blastocystis[Organism] AND (""18S""[All Fields] OR ""SSU""[All Fields] OR ""small subunit""[All Fields] OR ""18S ribosomal""[All Fields] OR ""SSU rRNA""[All Fields] OR ""ribosomal RNA""[All Fields] OR ""rRNA""[All Fields] OR ""rDNA""[All Fields]) NOT (""whole genome""[Title] OR ""complete genome""[Title] OR ""WGS""[Title] OR ""shotgun""[Title] OR ""mitochondrial""[Title] OR ""mitochondrion""[Title])"
OQ693727.1,ST11,1055,10fa00dfe291daff322c139a82068437,iguana,host_qualifier,Thailand,2022,Unknown,Sanger,low,"placement_low (nearest=ST11 d=0.481; top5=['ST11', 'ST1', 'ST1', 'ST1', 'ST1'])",broad_query,2026-08-13T12:29:33.338201+00:00,"Blastocystis[Organism] AND (""18S""[All Fields] OR ""SSU""[All Fields] OR ""small subunit""[All Fields] OR ""18S ribosomal""[All Fields] OR ""SSU rRNA""[All Fields] OR ""ribosomal RNA""[All Fields] OR ""rRNA""[All Fields] OR ""rDNA""[All Fields]) NOT (""whole genome""[Title] OR ""complete genome""[Title] OR ""WGS""[Title] OR ""shotgun""[Title] OR ""mitochondrial""[Title] OR ""mitochondrion""[Title])"
OQ693726.1,ST11,1054,6edbc8cb696e4c3f85af657d6e9c6cd7,iguana,host_qualifier,Thailand,2022,Unknown,Sanger,low,"placement_low (nearest=ST11 d=0.477; top5=['ST11', 'ST1', 'ST1', 'ST1', 'ST1'])",broad_query,2026-08-13T12:29:33.338201+00:00,"Blastocystis[Organism] AND (""18S""[All Fields] OR ""SSU""[All Fields] OR ""small subunit""[All Fields] OR ""18S ribosomal""[All Fields] OR ""SSU rRNA""[All Fields] OR ""ribosomal RNA""[All Fields] OR ""rRNA""[All Fields] OR ""rDNA""[All Fields]) NOT (""whole genome""[Title] OR ""complete genome""[Title] OR ""WGS""[Title] OR ""shotgun""[Title] OR ""mitochondrial""[Title] OR ""mitochondrion""[Title])"
OQ693725.1,ST11,1060,5f1d76301dd4022e9cdea598c78c699b,iguana,host_qualifier,Thailand,2022,Unknown,Sanger,low,"placement_low (nearest=ST11 d=0.490; top5=['ST11', 'ST1', 'ST1', 'ST1', 'ST1'])",broad_query,2026-08-13T12:29:33.338201+00:00,"Blastocystis[Organism] AND (""18S""[All Fields] OR ""SSU""[All Fields] OR ""small subunit""[All Fields] OR ""18S ribosomal""[All Fields] OR ""SSU rRNA""[All Fields] OR ""ribosomal RNA""[All Fields] OR ""rRNA""[All Fields] OR ""rDNA""[All Fields]) NOT (""whole genome""[Title] OR ""complete genome""[Title] OR ""WGS""[Title] OR ""shotgun""[Title] OR ""mitochondrial""[Title] OR ""mitochondrion""[Title])"
OQ594924.1,ST1,1193,447972f04faa00b48ce5bf8dad960719,Homo sapiens,host_qualifier,Iraq: salahaddin,Dec-2022,stool,Sanger,low,placement_low (d=0.225),broad_query,2026-08-13T12:29:33.338201+00:00,"Blastocystis[Organism] AND (""18S""[All Fields] OR ""SSU""[All Fields] OR ""small subunit""[All Fields] OR ""18S ribosomal""[All Fields] OR ""SSU rRNA""[All Fields] OR ""ribosomal RNA""[All Fields] OR ""rRNA""[All Fields] OR ""rDNA""[All Fields]) NOT (""whole genome""[Title] OR ""complete genome""[Title] OR ""WGS""[Title] OR ""shotgun""[Title] OR ""mitochondrial""[Title] OR ""mitochondrion""[Title])"
OQ589912.1,ST3,1015,c1b5c5aa90b4886edc74616f425ef102,Homo sapiens,host_qualifier,Iraq: salahaddin,Dec-2022,stool,Sanger,medium,placement_medium (d=0.127),broad_query,2026-08-13T12:29:33.338201+00:00,"Blastocystis[Organism] AND (""18S""[All Fields] OR ""SSU""[All Fields] OR ""small subunit""[All Fields] OR ""18S ribosomal""[All Fields] OR ""SSU rRNA""[All Fields] OR ""ribosomal RNA""[All Fields] OR ""rRNA""[All Fields] OR ""rDNA""[All Fields]) NOT (""whole genome""[Title] OR ""complete genome""[Title] OR ""WGS""[Title] OR ""shotgun""[Title] OR ""mitochondrial""[Title] OR ""mitochondrion""[Title])"
OQ586443.1,ST2,1007,9ca5972b32bd1fa9b5bac88d47c2d9fe,Homo sapiens,organism,Iraq: salahaddin,Dec-2022,Unknown,Sanger,medium,placement_medium (d=0.145),broad_query,2026-08-13T12:29:33.338201+00:00,"Blastocystis[Organism] AND (""18S""[All Fields] OR ""SSU""[All Fields] OR ""small subunit""[All Fields] OR ""18S ribosomal""[All Fields] OR ""SSU rRNA""[All Fields] OR ""ribosomal RNA""[All Fields] OR ""rRNA""[All Fields] OR ""rDNA""[All Fields]) NOT (""whole genome""[Title] OR ""complete genome""[Title] OR ""WGS""[Title] OR ""shotgun""[Title] OR ""mitochondrial""[Title] OR ""mitochondrion""[Title])"
OQ384914.1,ST1,1058,984aff08a5831b32bcfbdc13ccfc5c46,Unknown,unknown,Unknown,Unknown,Unknown,Sanger,medium,placement_medium (d=0.126),broad_query,2026-08-13T12:29:33.338201+00:00,"Blastocystis[Organism] AND (""18S""[All Fields] OR ""SSU""[All Fields] OR ""small subunit""[All Fields] OR ""18S ribosomal""[All Fields] OR ""SSU rRNA""[All Fields] OR ""ribosomal RNA""[All Fields] OR ""rRNA""[All Fields] OR ""rDNA""[All Fields]) NOT (""whole genome""[Title] OR ""complete genome""[Title] OR ""WGS""[Title] OR ""shotgun""[Title] OR ""mitochondrial""[Title] OR ""mitochondrion""[Title])"
OQ192094.1,ST8,1139,8bc47304347045ccedeb07f86b12f7ce,Homo sapiens,host_qualifier,Argentina,Unknown,fecal samples,Sanger,low,"placement_low (nearest=ST8 d=0.244; top5=['ST8', 'ST8', 'ST10', 'ST10', 'ST10'])",broad_query,2026-08-13T12:29:33.338201+00:00,"Blastocystis[Organism] AND (""18S""[All Fields] OR ""SSU""[All Fields] OR ""small subunit""[All Fields] OR ""18S ribosomal""[All Fields] OR ""SSU rRNA""[All Fields] OR ""ribosomal RNA""[All Fields] OR ""rRNA""[All Fields] OR ""rDNA""[All Fields]) NOT (""whole genome""[Title] OR ""complete genome""[Title] OR ""WGS""[Title] OR ""shotgun""[Title] OR ""mitochondrial""[Title] OR ""mitochondrion""[Title])"
OQ192092.1,ST1,1167,171b936c72e9fb24be9672baea5874a2,Homo sapiens,host_qualifier,Argentina,Unknown,fecal samples,Sanger,low,placement_low (d=0.258),broad_query,2026-08-13T12:29:33.338201+00:00,"Blastocystis[Organism] AND (""18S""[All Fields] OR ""SSU""[All Fields] OR ""small subunit""[All Fields] OR ""18S ribosomal""[All Fields] OR ""SSU rRNA""[All Fields] OR ""ribosomal RNA""[All Fields] OR ""rRNA""[All Fields] OR ""rDNA""[All Fields]) NOT (""whole genome""[Title] OR ""complete genome""[Title] OR ""WGS""[Title] OR ""shotgun""[Title] OR ""mitochondrial""[Title] OR ""mitochondrion""[Title])"
MZ396570.1,ST3,1089,2391fbefc473ccbc5e534bcb86f9dd37,Unknown,unknown,Unknown,Unknown,Unknown,Sanger,medium,placement_medium (d=0.114),broad_query,2026-08-13T12:29:33.338201+00:00,"Blastocystis[Organism] AND (""18S""[All Fields] OR ""SSU""[All Fields] OR ""small subunit""[All Fields] OR ""18S ribosomal""[All Fields] OR ""SSU rRNA""[All Fields] OR ""ribosomal RNA""[All Fields] OR ""rRNA""[All Fields] OR ""rDNA""[All Fields]) NOT (""whole genome""[Title] OR ""complete genome""[Title] OR ""WGS""[Title] OR ""shotgun""[Title] OR ""mitochondrial""[Title] OR ""mitochondrion""[Title])"
MZ396568.1,ST1,1095,8ea2486b9853c627d9404af15d559160,Unknown,unknown,Unknown,Unknown,Unknown,Sanger,medium,placement_medium (d=0.102),broad_query,2026-08-13T12:29:33.338201+00:00,"Blastocystis[Organism] AND (""18S""[All Fields] OR ""SSU""[All Fields] OR ""small subunit""[All Fields] OR ""18S ribosomal""[All Fields] OR ""SSU rRNA""[All Fields] OR ""ribosomal RNA""[All Fields] OR ""rRNA""[All Fields] OR ""rDNA""[All Fields]) NOT (""whole genome""[Title] OR ""complete genome""[Title] OR ""WGS""[Title] OR ""shotgun""[Title] OR ""mitochondrial""[Title] OR ""mitochondrion""[Title])"
MZ396567.1,ST1,1109,a3882fb44a7f2d68d6ff9bf1445843f4,Unknown,unknown,Unknown,Unknown,Unknown,Sanger,medium,placement_medium (d=0.118),broad_query,2026-08-13T12:29:33.338201+00:00,"Blastocystis[Organism] AND (""18S""[All Fields] OR ""SSU""[All Fields] OR ""small subunit""[All Fields] OR ""18S ribosomal""[All Fields] OR ""SSU rRNA""[All Fields] OR ""ribosomal RNA""[All Fields] OR ""rRNA""[All Fields] OR ""rDNA""[All Fields]) NOT (""whole genome""[Title] OR ""complete genome""[Title] OR ""WGS""[Title] OR ""shotgun""[Title] OR ""mitochondrial""[Title] OR ""mitochondrion""[Title])"
MZ396562.1,ST1,1023,b0dad2297eba5ac8aeedc43143bbc849,Unknown,unknown,Unknown,Unknown,Unknown,Sanger,medium,placement_medium (d=0.127),broad_query,2026-08-13T12:29:33.338201+00:00,"Blastocystis[Organism] AND (""18S""[All Fields] OR ""SSU""[All Fields] OR ""small subunit""[All Fields] OR ""18S ribosomal""[All Fields] OR ""SSU rRNA""[All Fields] OR ""ribosomal RNA""[All Fields] OR ""rRNA""[All Fields] OR ""rDNA""[All Fields]) NOT (""whole genome""[Title] OR ""complete genome""[Title] OR ""WGS""[Title] OR ""shotgun""[Title] OR ""mitochondrial""[Title] OR ""mitochondrion""[Title])"
MT947108.1,ST1,1001,7f6d5cd03e74273662cc32a8c7068b53,Unknown,unknown,Unknown,Unknown,Unknown,Sanger,high,placement_high (d=0.080),broad_query,2026-08-13T12:29:33.338201+00:00,"Blastocystis[Organism] AND (""18S""[All Fields] OR ""SSU""[All Fields] OR ""small subunit""[All Fields] OR ""18S ribosomal""[All Fields] OR ""SSU rRNA""[All Fields] OR ""ribosomal RNA""[All Fields] OR ""rRNA""[All Fields] OR ""rDNA""[All Fields]) NOT (""whole genome""[Title] OR ""complete genome""[Title] OR ""WGS""[Title] OR ""shotgun""[Title] OR ""mitochondrial""[Title] OR ""mitochondrion""[Title])"
MT330277.1,ST3,1099,8b7412318a4479b9ff52ad6ef8780fb0,Homo sapiens,host_qualifier,Thailand,Unknown,stool,Sanger,medium,placement_medium (d=0.128),broad_query,2026-08-13T12:29:33.338201+00:00,"Blastocystis[Organism] AND (""18S""[All Fields] OR ""SSU""[All Fields] OR ""small subunit""[All Fields] OR ""18S ribosomal""[All Fields] OR ""SSU rRNA""[All Fields] OR ""ribosomal RNA""[All Fields] OR ""rRNA""[All Fields] OR ""rDNA""[All Fields]) NOT (""whole genome""[Title] OR ""complete genome""[Title] OR ""WGS""[Title] OR ""shotgun""[Title] OR ""mitochondrial""[Title] OR ""mitochondrion""[Title])"
MT330276.1,ST3,1094,b38b490563df3af0e6bc6d78bac90625,Homo sapiens,host_qualifier,Thailand,Unknown,stool,Sanger,medium,placement_medium (d=0.105),broad_query,2026-08-13T12:29:33.338201+00:00,"Blastocystis[Organism] AND (""18S""[All Fields] OR ""SSU""[All Fields] OR ""small subunit""[All Fields] OR ""18S ribosomal""[All Fields] OR ""SSU rRNA""[All Fields] OR ""ribosomal RNA""[All Fields] OR ""rRNA""[All Fields] OR ""rDNA""[All Fields]) NOT (""whole genome""[Title] OR ""complete genome""[Title] OR ""WGS""[Title] OR ""shotgun""[Title] OR ""mitochondrial""[Title] OR ""mitochondrion""[Title])"
MT330275.1,ST3,1096,351a2241f4b8cde34b173000389df78f,Homo sapiens,host_qualifier,Thailand,Unknown,stool,Sanger,medium,placement_medium (d=0.105),broad_query,2026-08-13T12:29:33.338201+00:00,"Blastocystis[Organism] AND (""18S""[All Fields] OR ""SSU""[All Fields] OR ""small subunit""[All Fields] OR ""18S ribosomal""[All Fields] OR ""SSU rRNA""[All Fields] OR ""ribosomal RNA""[All Fields] OR ""rRNA""[All Fields] OR ""rDNA""[All Fields]) NOT (""whole genome""[Title] OR ""complete genome""[Title] OR ""WGS""[Title] OR ""shotgun""[Title] OR ""mitochondrial""[Title] OR ""mitochondrion""[Title])"
MT330274.1,ST3,1096,b226e5ac2890f931f4f25672189fc3a3,Homo sapiens,host_qualifier,Thailand,Unknown,stool,Sanger,medium,placement_medium (d=0.107),broad_query,2026-08-13T12:29:33.338201+00:00,"Blastocystis[Organism] AND (""18S""[All Fields] OR ""SSU""[All Fields] OR ""small subunit""[All Fields] OR ""18S ribosomal""[All Fields] OR ""SSU rRNA""[All Fields] OR ""ribosomal RNA""[All Fields] OR ""rRNA""[All Fields] OR ""rDNA""[All Fields]) NOT (""whole genome""[Title] OR ""complete genome""[Title] OR ""WGS""[Title] OR ""shotgun""[Title] OR ""mitochondrial""[Title] OR ""mitochondrion""[Title])"
MT330273.1,ST3,1092,c34c732ff067e428c55526f4d0081bba,Homo sapiens,host_qualifier,Thailand,Unknown,stool,Sanger,medium,placement_medium (d=0.109),broad_query,2026-08-13T12:29:33.338201+00:00,"Blastocystis[Organism] AND (""18S""[All Fields] OR ""SSU""[All Fields] OR ""small subunit""[All Fields] OR ""18S ribosomal""[All Fields] OR ""SSU rRNA""[All Fields] OR ""ribosomal RNA""[All Fields] OR ""rRNA""[All Fields] OR ""rDNA""[All Fields]) NOT (""whole genome""[Title] OR ""complete genome""[Title] OR ""WGS""[Title] OR ""shotgun""[Title] OR ""mitochondrial""[Title] OR ""mitochondrion""[Title])"
MT330272.1,ST3,1090,a62797f1659329445678fca2dc2c8afb,Homo sapiens,host_qualifier,Thailand,Unknown,stool,Sanger,medium,placement_medium (d=0.142),broad_query,2026-08-13T12:29:33.338201+00:00,"Blastocystis[Organism] AND (""18S""[All Fields] OR ""SSU""[All Fields] OR ""small subunit""[All Fields] OR ""18S ribosomal""[All Fields] OR ""SSU rRNA""[All Fields] OR ""ribosomal RNA""[All Fields] OR ""rRNA""[All Fields] OR ""rDNA""[All Fields]) NOT (""whole genome""[Title] OR ""complete genome""[Title] OR ""WGS""[Title] OR ""shotgun""[Title] OR ""mitochondrial""[Title] OR ""mitochondrion""[Title])"
MT330271.1,ST3,1093,301c95a09541ba19c523991e073e4efb,Homo sapiens,host_qualifier,Thailand,Unknown,stool,Sanger,medium,placement_medium (d=0.125),broad_query,2026-08-13T12:29:33.338201+00:00,"Blastocystis[Organism] AND (""18S""[All Fields] OR ""SSU""[All Fields] OR ""small subunit""[All Fields] OR ""18S ribosomal""[All Fields] OR ""SSU rRNA""[All Fields] OR ""ribosomal RNA""[All Fields] OR ""rRNA""[All Fields] OR ""rDNA""[All Fields]) NOT (""whole genome""[Title] OR ""complete genome""[Title] OR ""WGS""[Title] OR ""shotgun""[Title] OR ""mitochondrial""[Title] OR ""mitochondrion""[Title])"
MT330270.1,ST1,1098,e48033e0a2413f3b2ed2aaf68445487e,Homo sapiens,host_qualifier,Thailand,Unknown,stool,Sanger,medium,placement_medium (d=0.113),broad_query,2026-08-13T12:29:33.338201+00:00,"Blastocystis[Organism] AND (""18S""[All Fields] OR ""SSU""[All Fields] OR ""small subunit""[All Fields] OR ""18S ribosomal""[All Fields] OR ""SSU rRNA""[All Fields] OR ""ribosomal RNA""[All Fields] OR ""rRNA""[All Fields] OR ""rDNA""[All Fields]) NOT (""whole genome""[Title] OR ""complete genome""[Title] OR ""WGS""[Title] OR ""shotgun""[Title] OR ""mitochondrial""[Title] OR ""mitochondrion""[Title])"
MT330269.1,ST3,1092,996a598bf0884963c1cb9296c8f65e1d,Homo sapiens,host_qualifier,Thailand,Unknown,stool,Sanger,low,placement_low (d=0.151),broad_query,2026-08-13T12:29:33.338201+00:00,"Blastocystis[Organism] AND (""18S""[All Fields] OR ""SSU""[All Fields] OR ""small subunit""[All Fields] OR ""18S ribosomal""[All Fields] OR ""SSU rRNA""[All Fields] OR ""ribosomal RNA""[All Fields] OR ""rRNA""[All Fields] OR ""rDNA""[All Fields]) NOT (""whole genome""[Title] OR ""complete genome""[Title] OR ""WGS""[Title] OR ""shotgun""[Title] OR ""mitochondrial""[Title] OR ""mitochondrion""[Title])"
MT330268.1,ST3,1087,892bbf33be0e0a2ec0e932fa84fc6716,Homo sapiens,host_qualifier,Thailand,Unknown,stool,Sanger,medium,placement_medium (d=0.146),broad_query,2026-08-13T12:29:33.338201+00:00,"Blastocystis[Organism] AND (""18S""[All Fields] OR ""SSU""[All Fields] OR ""small subunit""[All Fields] OR ""18S ribosomal""[All Fields] OR ""SSU rRNA""[All Fields] OR ""ribosomal RNA""[All Fields] OR ""rRNA""[All Fields] OR ""rDNA""[All Fields]) NOT (""whole genome""[Title] OR ""complete genome""[Title] OR ""WGS""[Title] OR ""shotgun""[Title] OR ""mitochondrial""[Title] OR ""mitochondrion""[Title])"
MT330267.1,ST1,1097,05a3e5c518c6359f6e928f70ec6d8bf2,Homo sapiens,host_qualifier,Thailand,Unknown,stool,Sanger,medium,placement_medium (d=0.141),broad_query,2026-08-13T12:29:33.338201+00:00,"Blastocystis[Organism] AND (""18S""[All Fields] OR ""SSU""[All Fields] OR ""small subunit""[All Fields] OR ""18S ribosomal""[All Fields] OR ""SSU rRNA""[All Fields] OR ""ribosomal RNA""[All Fields] OR ""rRNA""[All Fields] OR ""rDNA""[All Fields]) NOT (""whole genome""[Title] OR ""complete genome""[Title] OR ""WGS""[Title] OR ""shotgun""[Title] OR ""mitochondrial""[Title] OR ""mitochondrion""[Title])"
MT330266.1,ST3,1081,cefe152802c5f1cd4b0b5359682c1630,Homo sapiens,host_qualifier,Thailand,Unknown,stool,Sanger,low,placement_low (d=0.214),broad_query,2026-08-13T12:29:33.338201+00:00,"Blastocystis[Organism] AND (""18S""[All Fields] OR ""SSU""[All Fields] OR ""small subunit""[All Fields] OR ""18S ribosomal""[All Fields] OR ""SSU rRNA""[All Fields] OR ""ribosomal RNA""[All Fields] OR ""rRNA""[All Fields] OR ""rDNA""[All Fields]) NOT (""whole genome""[Title] OR ""complete genome""[Title] OR ""WGS""[Title] OR ""shotgun""[Title] OR ""mitochondrial""[Title] OR ""mitochondrion""[Title])"
MT330265.1,ST3,1091,155fe718fc9399b2edfb0ea8d1830e20,Homo sapiens,host_qualifier,Thailand,Unknown,stool,Sanger,low,placement_low (d=0.208),broad_query,2026-08-13T12:29:33.338201+00:00,"Blastocystis[Organism] AND (""18S""[All Fields] OR ""SSU""[All Fields] OR ""small subunit""[All Fields] OR ""18S ribosomal""[All Fields] OR ""SSU rRNA""[All Fields] OR ""ribosomal RNA""[All Fields] OR ""rRNA""[All Fields] OR ""rDNA""[All Fields]) NOT (""whole genome""[Title] OR ""complete genome""[Title] OR ""WGS""[Title] OR ""shotgun""[Title] OR ""mitochondrial""[Title] OR ""mitochondrion""[Title])"
MT330264.1,ST3,1096,b12ee8f34be4fec399209990889e65f6,Homo sapiens,host_qualifier,Thailand,Unknown,stool,Sanger,low,placement_low (d=0.160),broad_query,2026-08-13T12:29:33.338201+00:00,"Blastocystis[Organism] AND (""18S""[All Fields] OR ""SSU""[All Fields] OR ""small subunit""[All Fields] OR ""18S ribosomal""[All Fields] OR ""SSU rRNA""[All Fields] OR ""ribosomal RNA""[All Fields] OR ""rRNA""[All Fields] OR ""rDNA""[All Fields]) NOT (""whole genome""[Title] OR ""complete genome""[Title] OR ""WGS""[Title] OR ""shotgun""[Title] OR ""mitochondrial""[Title] OR ""mitochondrion""[Title])"
MT330263.1,ST1,1095,2a0364220f1e4eed3d9a032717a943df,Homo sapiens,host_qualifier,Thailand,Unknown,stool,Sanger,medium,placement_medium (d=0.130),broad_query,2026-08-13T12:29:33.338201+00:00,"Blastocystis[Organism] AND (""18S""[All Fields] OR ""SSU""[All Fields] OR ""small subunit""[All Fields] OR ""18S ribosomal""[All Fields] OR ""SSU rRNA""[All Fields] OR ""ribosomal RNA""[All Fields] OR ""rRNA""[All Fields] OR ""rDNA""[All Fields]) NOT (""whole genome""[Title] OR ""complete genome""[Title] OR ""WGS""[Title] OR ""shotgun""[Title] OR ""mitochondrial""[Title] OR ""mitochondrion""[Title])"
MT330262.1,ST3,1087,38d0f3a612bb491fd99b7167801f95ef,Homo sapiens,host_qualifier,Thailand,Unknown,stool,Sanger,medium,placement_medium (d=0.121),broad_query,2026-08-13T12:29:33.338201+00:00,"Blastocystis[Organism] AND (""18S""[All Fields] OR ""SSU""[All Fields] OR ""small subunit""[All Fields] OR ""18S ribosomal""[All Fields] OR ""SSU rRNA""[All Fields] OR ""ribosomal RNA""[All Fields] OR ""rRNA""[All Fields] OR ""rDNA""[All Fields]) NOT (""whole genome""[Title] OR ""complete genome""[Title] OR ""WGS""[Title] OR ""shotgun""[Title] OR ""mitochondrial""[Title] OR ""mitochondrion""[Title])"
MT330261.1,ST3,1091,92fc727e99a88e87c7b2dc7473e52715,Homo sapiens,host_qualifier,Thailand,Unknown,stool,Sanger,medium,placement_medium (d=0.148),broad_query,2026-08-13T12:29:33.338201+00:00,"Blastocystis[Organism] AND (""18S""[All Fields] OR ""SSU""[All Fields] OR ""small subunit""[All Fields] OR ""18S ribosomal""[All Fields] OR ""SSU rRNA""[All Fields] OR ""ribosomal RNA""[All Fields] OR ""rRNA""[All Fields] OR ""rDNA""[All Fields]) NOT (""whole genome""[Title] OR ""complete genome""[Title] OR ""WGS""[Title] OR ""shotgun""[Title] OR ""mitochondrial""[Title] OR ""mitochondrion""[Title])"
MT330260.1,ST1,1094,c7d4b7230ccc08c65494f41083cd9728,Homo sapiens,host_qualifier,Thailand,Unknown,stool,Sanger,medium,placement_medium (d=0.104),broad_query,2026-08-13T12:29:33.338201+00:00,"Blastocystis[Organism] AND (""18S""[All Fields] OR ""SSU""[All Fields] OR ""small subunit""[All Fields] OR ""18S ribosomal""[All Fields] OR ""SSU rRNA""[All Fields] OR ""ribosomal RNA""[All Fields] OR ""rRNA""[All Fields] OR ""rDNA""[All Fields]) NOT (""whole genome""[Title] OR ""complete genome""[Title] OR ""WGS""[Title] OR ""shotgun""[Title] OR ""mitochondrial""[Title] OR ""mitochondrion""[Title])"
MT330259.1,ST1,1092,804ecb8bd3e50441a0e8f484008d58cd,Homo sapiens,host_qualifier,Thailand,Unknown,stool,Sanger,medium,placement_medium (d=0.100),broad_query,2026-08-13T12:29:33.338201+00:00,"Blastocystis[Organism] AND (""18S""[All Fields] OR ""SSU""[All Fields] OR ""small subunit""[All Fields] OR ""18S ribosomal""[All Fields] OR ""SSU rRNA""[All Fields] OR ""ribosomal RNA""[All Fields] OR ""rRNA""[All Fields] OR ""rDNA""[All Fields]) NOT (""whole genome""[Title] OR ""complete genome""[Title] OR ""WGS""[Title] OR ""shotgun""[Title] OR ""mitochondrial""[Title] OR ""mitochondrion""[Title])"
MT330258.1,ST3,1089,eedea911d6a94d7542b64c1f24174e83,Homo sapiens,host_qualifier,Thailand,Unknown,stool,Sanger,low,placement_low (d=0.154),broad_query,2026-08-13T12:29:33.338201+00:00,"Blastocystis[Organism] AND (""18S""[All Fields] OR ""SSU""[All Fields] OR ""small subunit""[All Fields] OR ""18S ribosomal""[All Fields] OR ""SSU rRNA""[All Fields] OR ""ribosomal RNA""[All Fields] OR ""rRNA""[All Fields] OR ""rDNA""[All Fields]) NOT (""whole genome""[Title] OR ""complete genome""[Title] OR ""WGS""[Title] OR ""shotgun""[Title] OR ""mitochondrial""[Title] OR ""mitochondrion""[Title])"
MT305811.1,ST10,1108,cc31c58547b56e1de0698e1ed109126a,Tibetan antelopes,isolation_source,Unknown,Unknown,Tibetan antelopes,Sanger,low,placement_low (d=0.239),broad_query,2026-08-13T12:29:33.338201+00:00,"Blastocystis[Organism] AND (""18S""[All Fields] OR ""SSU""[All Fields] OR ""small subunit""[All Fields] OR ""18S ribosomal""[All Fields] OR ""SSU rRNA""[All Fields] OR ""ribosomal RNA""[All Fields] OR ""rRNA""[All Fields] OR ""rDNA""[All Fields]) NOT (""whole genome""[Title] OR ""complete genome""[Title] OR ""WGS""[Title] OR ""shotgun""[Title] OR ""mitochondrial""[Title] OR ""mitochondrion""[Title])"
MK375243.1,ST12,1092,fd2830fa580b5f1d0a10c9355c46d79d,Sus scrofa,host_qualifier,China: Yunnan,Unknown,feces of farmed pigs,Unknown,low,"placement_low (nearest=ST12 d=0.356; top5=['ST12', 'ST14', 'ST14', 'ST26', 'ST26'])",broad_query,2026-08-13T12:29:33.338201+00:00,"Blastocystis[Organism] AND (""18S""[All Fields] OR ""SSU""[All Fields] OR ""small subunit""[All Fields] OR ""18S ribosomal""[All Fields] OR ""SSU rRNA""[All Fields] OR ""ribosomal RNA""[All Fields] OR ""rRNA""[All Fields] OR ""rDNA""[All Fields]) NOT (""whole genome""[Title] OR ""complete genome""[Title] OR ""WGS""[Title] OR ""shotgun""[Title] OR ""mitochondrial""[Title] OR ""mitochondrion""[Title])"
MK375242.1,ST12,1090,a0ea385e1505af541509cff5a0c6c9f1,Sus scrofa,host_qualifier,China: Yunnan,Unknown,feces of farmed pigs,Unknown,low,"placement_low (nearest=ST12 d=0.368; top5=['ST12', 'ST14', 'ST14', 'ST5', 'ST26'])",broad_query,2026-08-13T12:29:33.338201+00:00,"Blastocystis[Organism] AND (""18S""[All Fields] OR ""SSU""[All Fields] OR ""small subunit""[All Fields] OR ""18S ribosomal""[All Fields] OR ""SSU rRNA""[All Fields] OR ""ribosomal RNA""[All Fields] OR ""rRNA""[All Fields] OR ""rDNA""[All Fields]) NOT (""whole genome""[Title] OR ""complete genome""[Title] OR ""WGS""[Title] OR ""shotgun""[Title] OR ""mitochondrial""[Title] OR ""mitochondrion""[Title])"
MK375241.1,ST12,1089,b7dbfa1fd7d5520859a62888ff49178e,Sus scrofa,host_qualifier,China: Yunnan,Unknown,feces of farmed pigs,Unknown,low,"placement_low (nearest=ST12 d=0.356; top5=['ST12', 'ST14', 'ST14', 'ST26', 'ST26'])",broad_query,2026-08-13T12:29:33.338201+00:00,"Blastocystis[Organism] AND (""18S""[All Fields] OR ""SSU""[All Fields] OR ""small subunit""[All Fields] OR ""18S ribosomal""[All Fields] OR ""SSU rRNA""[All Fields] OR ""ribosomal RNA""[All Fields] OR ""rRNA""[All Fields] OR ""rDNA""[All Fields]) NOT (""whole genome""[Title] OR ""complete genome""[Title] OR ""WGS""[Title] OR ""shotgun""[Title] OR ""mitochondrial""[Title] OR ""mitochondrion""[Title])"
MK375240.1,ST12,1077,362c915d6b2293e1655b7f9eae72adbf,Sus scrofa,host_qualifier,China: Yunnan,Unknown,feces of farmed pigs,Unknown,low,"placement_low (nearest=ST12 d=0.347; top5=['ST12', 'ST14', 'ST26', 'ST14', 'ST26'])",broad_query,2026-08-13T12:29:33.338201+00:00,"Blastocystis[Organism] AND (""18S""[All Fields] OR ""SSU""[All Fields] OR ""small subunit""[All Fields] OR ""18S ribosomal""[All Fields] OR ""SSU rRNA""[All Fields] OR ""ribosomal RNA""[All Fields] OR ""rRNA""[All Fields] OR ""rDNA""[All Fields]) NOT (""whole genome""[Title] OR ""complete genome""[Title] OR ""WGS""[Title] OR ""shotgun""[Title] OR ""mitochondrial""[Title] OR ""mitochondrion""[Title])"
MK375239.1,ST1,1086,b02b2e7bca83b134675cbc3f40f36ce8,Sus scrofa,host_qualifier,China: Yunnan,Unknown,feces of farmed pigs,Unknown,medium,placement_medium (d=0.081),broad_query,2026-08-13T12:29:33.338201+00:00,"Blastocystis[Organism] AND (""18S""[All Fields] OR ""SSU""[All Fields] OR ""small subunit""[All Fields] OR ""18S ribosomal""[All Fields] OR ""SSU rRNA""[All Fields] OR ""ribosomal RNA""[All Fields] OR ""rRNA""[All Fields] OR ""rDNA""[All Fields]) NOT (""whole genome""[Title] OR ""complete genome""[Title] OR ""WGS""[Title] OR ""shotgun""[Title] OR ""mitochondrial""[Title] OR ""mitochondrion""[Title])"
MK375238.1,ST12,1088,50bc3cd6d49665d09d32f6ab9d8fe25d,Sus scrofa,host_qualifier,China: Yunnan,Unknown,feces of farmed pigs,Unknown,low,"placement_low (nearest=ST12 d=0.357; top5=['ST12', 'ST14', 'ST14', 'ST5', 'ST26'])",broad_query,2026-08-13T12:29:33.338201+00:00,"Blastocystis[Organism] AND (""18S""[All Fields] OR ""SSU""[All Fields] OR ""small subunit""[All Fields] OR ""18S ribosomal""[All Fields] OR ""SSU rRNA""[All Fields] OR ""ribosomal RNA""[All Fields] OR ""rRNA""[All Fields] OR ""rDNA""[All Fields]) NOT (""whole genome""[Title] OR ""complete genome""[Title] OR ""WGS""[Title] OR ""shotgun""[Title] OR ""mitochondrial""[Title] OR ""mitochondrion""[Title])"
MK375237.1,ST12,1083,7433c42663025e84e26a0c0cddd52c97,Sus scrofa,host_qualifier,China: Yunnan,Unknown,feces of farmed pigs,Unknown,low,"placement_low (nearest=ST12 d=0.380; top5=['ST12', 'ST14', 'ST26', 'ST14', 'ST5'])",broad_query,2026-08-13T12:29:33.338201+00:00,"Blastocystis[Organism] AND (""18S""[All Fields] OR ""SSU""[All Fields] OR ""small subunit""[All Fields] OR ""18S ribosomal""[All Fields] OR ""SSU rRNA""[All Fields] OR ""ribosomal RNA""[All Fields] OR ""rRNA""[All Fields] OR ""rDNA""[All Fields]) NOT (""whole genome""[Title] OR ""complete genome""[Title] OR ""WGS""[Title] OR ""shotgun""[Title] OR ""mitochondrial""[Title] OR ""mitochondrion""[Title])"
MK375236.1,ST12,1089,e80e25e40a854674ea91f39c6b9fdba9,Sus scrofa,host_qualifier,China: Yunnan,Unknown,feces of farmed pigs,Unknown,low,"placement_low (nearest=ST12 d=0.354; top5=['ST12', 'ST14', 'ST14', 'ST26', 'ST26'])",broad_query,2026-08-13T12:29:33.338201+00:00,"Blastocystis[Organism] AND (""18S""[All Fields] OR ""SSU""[All Fields] OR ""small subunit""[All Fields] OR ""18S ribosomal""[All Fields] OR ""SSU rRNA""[All Fields] OR ""ribosomal RNA""[All Fields] OR ""rRNA""[All Fields] OR ""rDNA""[All Fields]) NOT (""whole genome""[Title] OR ""complete genome""[Title] OR ""WGS""[Title] OR ""shotgun""[Title] OR ""mitochondrial""[Title] OR ""mitochondrion""[Title])"
MK375235.1,ST12,1086,993868bd8efc1398edbc872bcfdbb817,Sus scrofa,host_qualifier,China: Yunnan,Unknown,feces of farmed pigs,Unknown,low,"placement_low (nearest=ST12 d=0.350; top5=['ST12', 'ST14', 'ST26', 'ST14', 'ST26'])",broad_query,2026-08-13T12:29:33.338201+00:00,"Blastocystis[Organism] AND (""18S""[All Fields] OR ""SSU""[All Fields] OR ""small subunit""[All Fields] OR ""18S ribosomal""[All Fields] OR ""SSU rRNA""[All Fields] OR ""ribosomal RNA""[All Fields] OR ""rRNA""[All Fields] OR ""rDNA""[All Fields]) NOT (""whole genome""[Title] OR ""complete genome""[Title] OR ""WGS""[Title] OR ""shotgun""[Title] OR ""mitochondrial""[Title] OR ""mitochondrion""[Title])"
MK375234.1,ST12,1085,812936f37451257ffd146e4c60a8f0ac,Sus scrofa,host_qualifier,China: Yunnan,Unknown,feces of farmed pigs,Unknown,low,"placement_low (nearest=ST12 d=0.349; top5=['ST12', 'ST14', 'ST26', 'ST14', 'ST26'])",broad_query,2026-08-13T12:29:33.338201+00:00,"Blastocystis[Organism] AND (""18S""[All Fields] OR ""SSU""[All Fields] OR ""small subunit""[All Fields] OR ""18S ribosomal""[All Fields] OR ""SSU rRNA""[All Fields] OR ""ribosomal RNA""[All Fields] OR ""rRNA""[All Fields] OR ""rDNA""[All Fields]) NOT (""whole genome""[Title] OR ""complete genome""[Title] OR ""WGS""[Title] OR ""shotgun""[Title] OR ""mitochondrial""[Title] OR ""mitochondrion""[Title])"
MK375233.1,ST1,1056,87d3375d0e1a36494daf7a2619272e33,Sus scrofa,host_qualifier,China: Yunnan,Unknown,feces of farmed pigs,Unknown,high,placement_high (d=0.059),broad_query,2026-08-13T12:29:33.338201+00:00,"Blastocystis[Organism] AND (""18S""[All Fields] OR ""SSU""[All Fields] OR ""small subunit""[All Fields] OR ""18S ribosomal""[All Fields] OR ""SSU rRNA""[All Fields] OR ""ribosomal RNA""[All Fields] OR ""rRNA""[All Fields] OR ""rDNA""[All Fields]) NOT (""whole genome""[Title] OR ""complete genome""[Title] OR ""WGS""[Title] OR ""shotgun""[Title] OR ""mitochondrial""[Title] OR ""mitochondrion""[Title])"
MK375232.1,ST12,1088,a76aab43b0a1622463b4ffc68eb34762,Sus scrofa,host_qualifier,China: Yunnan,Unknown,feces of farmed pigs,Unknown,low,"placement_low (nearest=ST12 d=0.352; top5=['ST12', 'ST14', 'ST26', 'ST14', 'ST26'])",broad_query,2026-08-13T12:29:33.338201+00:00,"Blastocystis[Organism] AND (""18S""[All Fields] OR ""SSU""[All Fields] OR ""small subunit""[All Fields] OR ""18S ribosomal""[All Fields] OR ""SSU rRNA""[All Fields] OR ""ribosomal RNA""[All Fields] OR ""rRNA""[All Fields] OR ""rDNA""[All Fields]) NOT (""whole genome""[Title] OR ""complete genome""[Title] OR ""WGS""[Title] OR ""shotgun""[Title] OR ""mitochondrial""[Title] OR ""mitochondrion""[Title])"
MK375231.1,ST1,1086,a249a0675beb706c8dcba9d7595c29fa,Sus scrofa,host_qualifier,China: Yunnan,Unknown,feces of farmed pigs,Unknown,medium,placement_medium (d=0.147),broad_query,2026-08-13T12:29:33.338201+00:00,"Blastocystis[Organism] AND (""18S""[All Fields] OR ""SSU""[All Fields] OR ""small subunit""[All Fields] OR ""18S ribosomal""[All Fields] OR ""SSU rRNA""[All Fields] OR ""ribosomal RNA""[All Fields] OR ""rRNA""[All Fields] OR ""rDNA""[All Fields]) NOT (""whole genome""[Title] OR ""complete genome""[Title] OR ""WGS""[Title] OR ""shotgun""[Title] OR ""mitochondrial""[Title] OR ""mitochondrion""[Title])"
MK375230.1,ST1,1086,26ac2e2b2547c34f3d857b62d5498822,Sus scrofa,host_qualifier,China: Yunnan,Unknown,feces of farmed pigs,Unknown,high,placement_high (d=0.059),broad_query,2026-08-13T12:29:33.338201+00:00,"Blastocystis[Organism] AND (""18S""[All Fields] OR ""SSU""[All Fields] OR ""small subunit""[All Fields] OR ""18S ribosomal""[All Fields] OR ""SSU rRNA""[All Fields] OR ""ribosomal RNA""[All Fields] OR ""rRNA""[All Fields] OR ""rDNA""[All Fields]) NOT (""whole genome""[Title] OR ""complete genome""[Title] OR ""WGS""[Title] OR ""shotgun""[Title] OR ""mitochondrial""[Title] OR ""mitochondrion""[Title])"
MK375229.1,ST12,1089,e53588c61a4507995789b97551d2859f,Sus scrofa,host_qualifier,China: Yunnan,Unknown,feces of farmed pigs,Unknown,low,"placement_low (nearest=ST12 d=0.356; top5=['ST12', 'ST14', 'ST14', 'ST26', 'ST26'])",broad_query,2026-08-13T12:29:33.338201+00:00,"Blastocystis[Organism] AND (""18S""[All Fields] OR ""SSU""[All Fields] OR ""small subunit""[All Fields] OR ""18S ribosomal""[All Fields] OR ""SSU rRNA""[All Fields] OR ""ribosomal RNA""[All Fields] OR ""rRNA""[All Fields] OR ""rDNA""[All Fields]) NOT (""whole genome""[Title] OR ""complete genome""[Title] OR ""WGS""[Title] OR ""shotgun""[Title] OR ""mitochondrial""[Title] OR ""mitochondrion""[Title])"
MK375228.1,ST12,1091,c30ad42d254655bcb03e4f5da07fcc53,Sus scrofa,host_qualifier,China: Yunnan,Unknown,feces of farmed pigs,Unknown,low,"placement_low (nearest=ST12 d=0.360; top5=['ST12', 'ST14', 'ST14', 'ST26', 'ST26'])",broad_query,2026-08-13T12:29:33.338201+00:00,"Blastocystis[Organism] AND (""18S""[All Fields] OR ""SSU""[All Fields] OR ""small subunit""[All Fields] OR ""18S ribosomal""[All Fields] OR ""SSU rRNA""[All Fields] OR ""ribosomal RNA""[All Fields] OR ""rRNA""[All Fields] OR ""rDNA""[All Fields]) NOT (""whole genome""[Title] OR ""complete genome""[Title] OR ""WGS""[Title] OR ""shotgun""[Title] OR ""mitochondrial""[Title] OR ""mitochondrion""[Title])"
MK375227.1,ST12,1088,bdbfd264a1ae473705db40a73d5f090a,Sus scrofa,host_qualifier,China: Yunnan,Unknown,feces of farmed pigs,Unknown,low,"placement_low (nearest=ST12 d=0.355; top5=['ST12', 'ST14', 'ST14', 'ST26', 'ST26'])",broad_query,2026-08-13T12:29:33.338201+00:00,"Blastocystis[Organism] AND (""18S""[All Fields] OR ""SSU""[All Fields] OR ""small subunit""[All Fields] OR ""18S ribosomal""[All Fields] OR ""SSU rRNA""[All Fields] OR ""ribosomal RNA""[All Fields] OR ""rRNA""[All Fields] OR ""rDNA""[All Fields]) NOT (""whole genome""[Title] OR ""complete genome""[Title] OR ""WGS""[Title] OR ""shotgun""[Title] OR ""mitochondrial""[Title] OR ""mitochondrion""[Title])"
MK375226.1,ST3,1059,8857cb91124d43189d0eb281e91a9db7,Sus scrofa,host_qualifier,China: Yunnan,Unknown,feces of farmed pigs,Unknown,medium,placement_medium (d=0.128),broad_query,2026-08-13T12:29:33.338201+00:00,"Blastocystis[Organism] AND (""18S""[All Fields] OR ""SSU""[All Fields] OR ""small subunit""[All Fields] OR ""18S ribosomal""[All Fields] OR ""SSU rRNA""[All Fields] OR ""ribosomal RNA""[All Fields] OR ""rRNA""[All Fields] OR ""rDNA""[All Fields]) NOT (""whole genome""[Title] OR ""complete genome""[Title] OR ""WGS""[Title] OR ""shotgun""[Title] OR ""mitochondrial""[Title] OR ""mitochondrion""[Title])"
MK375225.1,ST3,1057,069c9da4488bb97654b5d5ff0bfec244,Sus scrofa,host_qualifier,China: Yunnan,Unknown,feces of farmed pigs,Unknown,low,placement_low (d=0.157),broad_query,2026-08-13T12:29:33.338201+00:00,"Blastocystis[Organism] AND (""18S""[All Fields] OR ""SSU""[All Fields] OR ""small subunit""[All Fields] OR ""18S ribosomal""[All Fields] OR ""SSU rRNA""[All Fields] OR ""ribosomal RNA""[All Fields] OR ""rRNA""[All Fields] OR ""rDNA""[All Fields]) NOT (""whole genome""[Title] OR ""complete genome""[Title] OR ""WGS""[Title] OR ""shotgun""[Title] OR ""mitochondrial""[Title] OR ""mitochondrion""[Title])"
MK375224.1,ST3,1059,8a8a68a2b4ed5b63bcdfcd581b80be0e,Sus scrofa,host_qualifier,China: Yunnan,Unknown,feces of farmed pigs,Unknown,medium,placement_medium (d=0.149),broad_query,2026-08-13T12:29:33.338201+00:00,"Blastocystis[Organism] AND (""18S""[All Fields] OR ""SSU""[All Fields] OR ""small subunit""[All Fields] OR ""18S ribosomal""[All Fields] OR ""SSU rRNA""[All Fields] OR ""ribosomal RNA""[All Fields] OR ""rRNA""[All Fields] OR ""rDNA""[All Fields]) NOT (""whole genome""[Title] OR ""complete genome""[Title] OR ""WGS""[Title] OR ""shotgun""[Title] OR ""mitochondrial""[Title] OR ""mitochondrion""[Title])"
MK375223.1,ST12,1061,d2ef386cf788794fbe8f032a61e548cc,Sus scrofa,host_qualifier,China: Yunnan,Unknown,feces of farmed pigs,Unknown,low,"placement_low (nearest=ST12 d=0.338; top5=['ST12', 'ST14', 'ST14', 'ST26', 'ST26'])",broad_query,2026-08-13T12:29:33.338201+00:00,"Blastocystis[Organism] AND (""18S""[All Fields] OR ""SSU""[All Fields] OR ""small subunit""[All Fields] OR ""18S ribosomal""[All Fields] OR ""SSU rRNA""[All Fields] OR ""ribosomal RNA""[All Fields] OR ""rRNA""[All Fields] OR ""rDNA""[All Fields]) NOT (""whole genome""[Title] OR ""complete genome""[Title] OR ""WGS""[Title] OR ""shotgun""[Title] OR ""mitochondrial""[Title] OR ""mitochondrion""[Title])"
MK375222.1,ST12,1063,3f1fcc2426a09e24a908ca19c9376d3b,Sus scrofa,host_qualifier,China: Yunnan,Unknown,feces of farmed pigs,Unknown,low,"placement_low (nearest=ST12 d=0.340; top5=['ST12', 'ST14', 'ST14', 'ST26', 'ST26'])",broad_query,2026-08-13T12:29:33.338201+00:00,"Blastocystis[Organism] AND (""18S""[All Fields] OR ""SSU""[All Fields] OR ""small subunit""[All Fields] OR ""18S ribosomal""[All Fields] OR ""SSU rRNA""[All Fields] OR ""ribosomal RNA""[All Fields] OR ""rRNA""[All Fields] OR ""rDNA""[All Fields]) NOT (""whole genome""[Title] OR ""complete genome""[Title] OR ""WGS""[Title] OR ""shotgun""[Title] OR ""mitochondrial""[Title] OR ""mitochondrion""[Title])"
MK375220.1,ST12,1050,bdb83f451455c95abeedd0c73d929747,Sus scrofa,host_qualifier,China: Yunnan,Unknown,feces of farmed pigs,Unknown,low,"placement_low (nearest=ST12 d=0.331; top5=['ST12', 'ST14', 'ST26', 'ST14', 'ST26'])",broad_query,2026-08-13T12:29:33.338201+00:00,"Blastocystis[Organism] AND (""18S""[All Fields] OR ""SSU""[All Fields] OR ""small subunit""[All Fields] OR ""18S ribosomal""[All Fields] OR ""SSU rRNA""[All Fields] OR ""ribosomal RNA""[All Fields] OR ""rRNA""[All Fields] OR ""rDNA""[All Fields]) NOT (""whole genome""[Title] OR ""complete genome""[Title] OR ""WGS""[Title] OR ""shotgun""[Title] OR ""mitochondrial""[Title] OR ""mitochondrion""[Title])"
MK375219.1,ST12,1096,b85a6033b7543857f426ed973ade6278,Sus scrofa,host_qualifier,China: Yunnan,Unknown,feces of farmed pigs,Unknown,low,"placement_low (nearest=ST12 d=0.352; top5=['ST12', 'ST14', 'ST14', 'ST5', 'ST26'])",broad_query,2026-08-13T12:29:33.338201+00:00,"Blastocystis[Organism] AND (""18S""[All Fields] OR ""SSU""[All Fields] OR ""small subunit""[All Fields] OR ""18S ribosomal""[All Fields] OR ""SSU rRNA""[All Fields] OR ""ribosomal RNA""[All Fields] OR ""rRNA""[All Fields] OR ""rDNA""[All Fields]) NOT (""whole genome""[Title] OR ""complete genome""[Title] OR ""WGS""[Title] OR ""shotgun""[Title] OR ""mitochondrial""[Title] OR ""mitochondrion""[Title])"
MK375218.1,ST12,1090,a85a20ed4fbec0aa3c16ac4dec621623,Sus scrofa,host_qualifier,China: Yunnan,Unknown,feces of farmed pigs,Unknown,low,"placement_low (nearest=ST12 d=0.356; top5=['ST12', 'ST14', 'ST14', 'ST26', 'ST26'])",broad_query,2026-08-13T12:29:33.338201+00:00,"Blastocystis[Organism] AND (""18S""[All Fields] OR ""SSU""[All Fields] OR ""small subunit""[All Fields] OR ""18S ribosomal""[All Fields] OR ""SSU rRNA""[All Fields] OR ""ribosomal RNA""[All Fields] OR ""rRNA""[All Fields] OR ""rDNA""[All Fields]) NOT (""whole genome""[Title] OR ""complete genome""[Title] OR ""WGS""[Title] OR ""shotgun""[Title] OR ""mitochondrial""[Title] OR ""mitochondrion""[Title])"
MN264521.1,ST10,1100,10ad84cf0cae46424b3a47059b046039,Felis catus domesticus,host_qualifier,Iran,Jul-2017,feces,Sanger,low,placement_low (d=0.158),broad_query,2026-08-13T12:29:33.338201+00:00,"Blastocystis[Organism] AND (""18S""[All Fields] OR ""SSU""[All Fields] OR ""small subunit""[All Fields] OR ""18S ribosomal""[All Fields] OR ""SSU rRNA""[All Fields] OR ""ribosomal RNA""[All Fields] OR ""rRNA""[All Fields] OR ""rDNA""[All Fields]) NOT (""whole genome""[Title] OR ""complete genome""[Title] OR ""WGS""[Title] OR ""shotgun""[Title] OR ""mitochondrial""[Title] OR ""mitochondrion""[Title])"
MN264520.1,ST4,1100,924e9251c77c5aac8d4bd976f2fa2a70,Felis catus domesticus,host_qualifier,Iran,Jul-2017,feces,Sanger,low,placement_low (d=0.199),broad_query,2026-08-13T12:29:33.338201+00:00,"Blastocystis[Organism] AND (""18S""[All Fields] OR ""SSU""[All Fields] OR ""small subunit""[All Fields] OR ""18S ribosomal""[All Fields] OR ""SSU rRNA""[All Fields] OR ""ribosomal RNA""[All Fields] OR ""rRNA""[All Fields] OR ""rDNA""[All Fields]) NOT (""whole genome""[Title] OR ""complete genome""[Title] OR ""WGS""[Title] OR ""shotgun""[Title] OR ""mitochondrial""[Title] OR ""mitochondrion""[Title])"
MN264517.1,ST10,1100,87882ab0c6394e20f6da8095bcc9c68a,Canis lupus familiaris,host_qualifier,Iran,Jul-2017,feces,Sanger,low,placement_low (d=0.202),broad_query,2026-08-13T12:29:33.338201+00:00,"Blastocystis[Organism] AND (""18S""[All Fields] OR ""SSU""[All Fields] OR ""small subunit""[All Fields] OR ""18S ribosomal""[All Fields] OR ""SSU rRNA""[All Fields] OR ""ribosomal RNA""[All Fields] OR ""rRNA""[All Fields] OR ""rDNA""[All Fields]) NOT (""whole genome""[Title] OR ""complete genome""[Title] OR ""WGS""[Title] OR ""shotgun""[Title] OR ""mitochondrial""[Title] OR ""mitochondrion""[Title])"
MN264515.1,ST8,1100,983f53afda7162244a871cef89e60255,Canis lupus familiaris,host_qualifier,Iran,Jul-2017,feces,Sanger,low,placement_low (d=0.204),broad_query,2026-08-13T12:29:33.338201+00:00,"Blastocystis[Organism] AND (""18S""[All Fields] OR ""SSU""[All Fields] OR ""small subunit""[All Fields] OR ""18S ribosomal""[All Fields] OR ""SSU rRNA""[All Fields] OR ""ribosomal RNA""[All Fields] OR ""rRNA""[All Fields] OR ""rDNA""[All Fields]) NOT (""whole genome""[Title] OR ""complete genome""[Title] OR ""WGS""[Title] OR ""shotgun""[Title] OR ""mitochondrial""[Title] OR ""mitochondrion""[Title])"
MN264514.1,ST4,1100,1c9cb9e882676c3e38af7b9c175c4d71,Canis lupus familiaris,host_qualifier,Iran,Jul-2017,feces,Sanger,medium,placement_medium (d=0.117),broad_query,2026-08-13T12:29:33.338201+00:00,"Blastocystis[Organism] AND (""18S""[All Fields] OR ""SSU""[All Fields] OR ""small subunit""[All Fields] OR ""18S ribosomal""[All Fields] OR ""SSU rRNA""[All Fields] OR ""ribosomal RNA""[All Fields] OR ""rRNA""[All Fields] OR ""rDNA""[All Fields]) NOT (""whole genome""[Title] OR ""complete genome""[Title] OR ""WGS""[Title] OR ""shotgun""[Title] OR ""mitochondrial""[Title] OR ""mitochondrion""[Title])"
MN264513.1,ST3,1100,d257b4868423fe185ae3f7b5b8846a63,Canis lupus familiaris,host_qualifier,Iran,Jul-2017,feces,Sanger,low,placement_low (d=0.205),broad_query,2026-08-13T12:29:33.338201+00:00,"Blastocystis[Organism] AND (""18S""[All Fields] OR ""SSU""[All Fields] OR ""small subunit""[All Fields] OR ""18S ribosomal""[All Fields] OR ""SSU rRNA""[All Fields] OR ""ribosomal RNA""[All Fields] OR ""rRNA""[All Fields] OR ""rDNA""[All Fields]) NOT (""whole genome""[Title] OR ""complete genome""[Title] OR ""WGS""[Title] OR ""shotgun""[Title] OR ""mitochondrial""[Title] OR ""mitochondrion""[Title])"
MN264509.1,ST4,1100,71c48a2adf4dae76569bfc6ff7f367a2,Rattus norvegicus,host_qualifier,Iran,Jul-2017,feces,Sanger,low,placement_low (d=0.154),broad_query,2026-08-13T12:29:33.338201+00:00,"Blastocystis[Organism] AND (""18S""[All Fields] OR ""SSU""[All Fields] OR ""small subunit""[All Fields] OR ""18S ribosomal""[All Fields] OR ""SSU rRNA""[All Fields] OR ""ribosomal RNA""[All Fields] OR ""rRNA""[All Fields] OR ""rDNA""[All Fields]) NOT (""whole genome""[Title] OR ""complete genome""[Title] OR ""WGS""[Title] OR ""shotgun""[Title] OR ""mitochondrial""[Title] OR ""mitochondrion""[Title])"
MK418918.1,ST2,1060,7a21ded5391200ae477d1b50209dcdf2,fecal,host_qualifier,China,10-Nov-2017,Macaca mulattas,Unknown,medium,placement_medium (d=0.099),broad_query,2026-08-13T12:29:33.338201+00:00,"Blastocystis[Organism] AND (""18S""[All Fields] OR ""SSU""[All Fields] OR ""small subunit""[All Fields] OR ""18S ribosomal""[All Fields] OR ""SSU rRNA""[All Fields] OR ""ribosomal RNA""[All Fields] OR ""rRNA""[All Fields] OR ""rDNA""[All Fields]) NOT (""whole genome""[Title] OR ""complete genome""[Title] OR ""WGS""[Title] OR ""shotgun""[Title] OR ""mitochondrial""[Title] OR ""mitochondrion""[Title])"
MK418917.1,ST1,1049,1ec001871e42d780f72c15e53bcfb26c,fecal,host_qualifier,China,10-Nov-2017,Macaca mulattas,Unknown,medium,placement_medium (d=0.137),broad_query,2026-08-13T12:29:33.338201+00:00,"Blastocystis[Organism] AND (""18S""[All Fields] OR ""SSU""[All Fields] OR ""small subunit""[All Fields] OR ""18S ribosomal""[All Fields] OR ""SSU rRNA""[All Fields] OR ""ribosomal RNA""[All Fields] OR ""rRNA""[All Fields] OR ""rDNA""[All Fields]) NOT (""whole genome""[Title] OR ""complete genome""[Title] OR ""WGS""[Title] OR ""shotgun""[Title] OR ""mitochondrial""[Title] OR ""mitochondrion""[Title])"
MK418916.1,ST1,1049,9c9010f02fc1251b705de210b66d67b0,fecal,host_qualifier,China,10-Nov-2017,Macaca mulattas,Unknown,medium,placement_medium (d=0.123),broad_query,2026-08-13T12:29:33.338201+00:00,"Blastocystis[Organism] AND (""18S""[All Fields] OR ""SSU""[All Fields] OR ""small subunit""[All Fields] OR ""18S ribosomal""[All Fields] OR ""SSU rRNA""[All Fields] OR ""ribosomal RNA""[All Fields] OR ""rRNA""[All Fields] OR ""rDNA""[All Fields]) NOT (""whole genome""[Title] OR ""complete genome""[Title] OR ""WGS""[Title] OR ""shotgun""[Title] OR ""mitochondrial""[Title] OR ""mitochondrion""[Title])"
MK418915.1,ST1,1045,7df54f5d73c4f3ac4d961da46d1392ff,fecal,host_qualifier,China,10-Nov-2017,Macaca mulattas,Unknown,low,placement_low (d=0.174),broad_query,2026-08-13T12:29:33.338201+00:00,"Blastocystis[Organism] AND (""18S""[All Fields] OR ""SSU""[All Fields] OR ""small subunit""[All Fields] OR ""18S ribosomal""[All Fields] OR ""SSU rRNA""[All Fields] OR ""ribosomal RNA""[All Fields] OR ""rRNA""[All Fields] OR ""rDNA""[All Fields]) NOT (""whole genome""[Title] OR ""complete genome""[Title] OR ""WGS""[Title] OR ""shotgun""[Title] OR ""mitochondrial""[Title] OR ""mitochondrion""[Title])"
MK418914.1,ST3,1057,7d8a7ba89c4fc3d3c0c2b347235766d7,fecal,host_qualifier,China,10-Nov-2017,Macaca mulattas,Unknown,low,placement_low (d=0.256),broad_query,2026-08-13T12:29:33.338201+00:00,"Blastocystis[Organism] AND (""18S""[All Fields] OR ""SSU""[All Fields] OR ""small subunit""[All Fields] OR ""18S ribosomal""[All Fields] OR ""SSU rRNA""[All Fields] OR ""ribosomal RNA""[All Fields] OR ""rRNA""[All Fields] OR ""rDNA""[All Fields]) NOT (""whole genome""[Title] OR ""complete genome""[Title] OR ""WGS""[Title] OR ""shotgun""[Title] OR ""mitochondrial""[Title] OR ""mitochondrion""[Title])"
MG214885.1,ST3,1005,e4dbf735347921b5d9d7e95bec53c425,Homo sapiens,host_qualifier,Poland,Unknown,stool,Sanger,medium,placement_medium (d=0.137),broad_query,2026-08-13T12:29:33.338201+00:00,"Blastocystis[Organism] AND (""18S""[All Fields] OR ""SSU""[All Fields] OR ""small subunit""[All Fields] OR ""18S ribosomal""[All Fields] OR ""SSU rRNA""[All Fields] OR ""ribosomal RNA""[All Fields] OR ""rRNA""[All Fields] OR ""rDNA""[All Fields]) NOT (""whole genome""[Title] OR ""complete genome""[Title] OR ""WGS""[Title] OR ""shotgun""[Title] OR ""mitochondrial""[Title] OR ""mitochondrion""[Title])"
MG214884.1,ST1,1002,5e33df267a1b724b2dc85187297db393,Homo sapiens,host_qualifier,Poland,Unknown,stool,Sanger,high,placement_high (d=0.045),broad_query,2026-08-13T12:29:33.338201+00:00,"Blastocystis[Organism] AND (""18S""[All Fields] OR ""SSU""[All Fields] OR ""small subunit""[All Fields] OR ""18S ribosomal""[All Fields] OR ""SSU rRNA""[All Fields] OR ""ribosomal RNA""[All Fields] OR ""rRNA""[All Fields] OR ""rDNA""[All Fields]) NOT (""whole genome""[Title] OR ""complete genome""[Title] OR ""WGS""[Title] OR ""shotgun""[Title] OR ""mitochondrial""[Title] OR ""mitochondrion""[Title])"
MG214883.1,ST3,1005,cbad6c1fd4edb6f94abaec799e22052a,Homo sapiens,host_qualifier,Poland,Unknown,stool,Sanger,low,placement_low (d=0.181),broad_query,2026-08-13T12:29:33.338201+00:00,"Blastocystis[Organism] AND (""18S""[All Fields] OR ""SSU""[All Fields] OR ""small subunit""[All Fields] OR ""18S ribosomal""[All Fields] OR ""SSU rRNA""[All Fields] OR ""ribosomal RNA""[All Fields] OR ""rRNA""[All Fields] OR ""rDNA""[All Fields]) NOT (""whole genome""[Title] OR ""complete genome""[Title] OR ""WGS""[Title] OR ""shotgun""[Title] OR ""mitochondrial""[Title] OR ""mitochondrion""[Title])"
MG214882.1,ST1,1001,07716bcdb46e275f3209d374f58a694d,Homo sapiens,host_qualifier,Poland,Unknown,stool,Sanger,high,placement_high (d=0.009),broad_query,2026-08-13T12:29:33.338201+00:00,"Blastocystis[Organism] AND (""18S""[All Fields] OR ""SSU""[All Fields] OR ""small subunit""[All Fields] OR ""18S ribosomal""[All Fields] OR ""SSU rRNA""[All Fields] OR ""ribosomal RNA""[All Fields] OR ""rRNA""[All Fields] OR ""rDNA""[All Fields]) NOT (""whole genome""[Title] OR ""complete genome""[Title] OR ""WGS""[Title] OR ""shotgun""[Title] OR ""mitochondrial""[Title] OR ""mitochondrion""[Title])"
MG214880.1,ST2,1001,b18ebded41f50fcf17bbc6bfe314acd6,Homo sapiens,host_qualifier,Poland,Unknown,stool,Sanger,high,placement_high (d=0.031),broad_query,2026-08-13T12:29:33.338201+00:00,"Blastocystis[Organism] AND (""18S""[All Fields] OR ""SSU""[All Fields] OR ""small subunit""[All Fields] OR ""18S ribosomal""[All Fields] OR ""SSU rRNA""[All Fields] OR ""ribosomal RNA""[All Fields] OR ""rRNA""[All Fields] OR ""rDNA""[All Fields]) NOT (""whole genome""[Title] OR ""complete genome""[Title] OR ""WGS""[Title] OR ""shotgun""[Title] OR ""mitochondrial""[Title] OR ""mitochondrion""[Title])"
MG214879.1,ST3,1004,edf5766f4955fa13e0f44eda5cc78ac3,Homo sapiens,host_qualifier,Poland,Unknown,stool,Sanger,medium,placement_medium (d=0.148),broad_query,2026-08-13T12:29:33.338201+00:00,"Blastocystis[Organism] AND (""18S""[All Fields] OR ""SSU""[All Fields] OR ""small subunit""[All Fields] OR ""18S ribosomal""[All Fields] OR ""SSU rRNA""[All Fields] OR ""ribosomal RNA""[All Fields] OR ""rRNA""[All Fields] OR ""rDNA""[All Fields]) NOT (""whole genome""[Title] OR ""complete genome""[Title] OR ""WGS""[Title] OR ""shotgun""[Title] OR ""mitochondrial""[Title] OR ""mitochondrion""[Title])"
MG214878.1,ST1,1001,e48b27d95a5536f0b6b1459e4b85676d,Homo sapiens,host_qualifier,Poland,Unknown,stool,Sanger,high,placement_high (d=0.032),broad_query,2026-08-13T12:29:33.338201+00:00,"Blastocystis[Organism] AND (""18S""[All Fields] OR ""SSU""[All Fields] OR ""small subunit""[All Fields] OR ""18S ribosomal""[All Fields] OR ""SSU rRNA""[All Fields] OR ""ribosomal RNA""[All Fields] OR ""rRNA""[All Fields] OR ""rDNA""[All Fields]) NOT (""whole genome""[Title] OR ""complete genome""[Title] OR ""WGS""[Title] OR ""shotgun""[Title] OR ""mitochondrial""[Title] OR ""mitochondrion""[Title])"
MG214877.1,ST3,1005,6eae9be6aa8ee209ada751792aafaa18,Homo sapiens,host_qualifier,Poland,Unknown,stool,Sanger,medium,placement_medium (d=0.110),broad_query,2026-08-13T12:29:33.338201+00:00,"Blastocystis[Organism] AND (""18S""[All Fields] OR ""SSU""[All Fields] OR ""small subunit""[All Fields] OR ""18S ribosomal""[All Fields] OR ""SSU rRNA""[All Fields] OR ""ribosomal RNA""[All Fields] OR ""rRNA""[All Fields] OR ""rDNA""[All Fields]) NOT (""whole genome""[Title] OR ""complete genome""[Title] OR ""WGS""[Title] OR ""shotgun""[Title] OR ""mitochondrial""[Title] OR ""mitochondrion""[Title])"
MG214876.1,ST3,1005,acb90bfdd2bdf2bcf22478a86129cc50,Homo sapiens,host_qualifier,Poland,Unknown,stool,Sanger,low,placement_low (d=0.168),broad_query,2026-08-13T12:29:33.338201+00:00,"Blastocystis[Organism] AND (""18S""[All Fields] OR ""SSU""[All Fields] OR ""small subunit""[All Fields] OR ""18S ribosomal""[All Fields] OR ""SSU rRNA""[All Fields] OR ""ribosomal RNA""[All Fields] OR ""rRNA""[All Fields] OR ""rDNA""[All Fields]) NOT (""whole genome""[Title] OR ""complete genome""[Title] OR ""WGS""[Title] OR ""shotgun""[Title] OR ""mitochondrial""[Title] OR ""mitochondrion""[Title])"
MG214875.1,ST3,1004,c2431b6543e1c07dddbb0657fe7951ca,Homo sapiens,host_qualifier,Poland,Unknown,stool,Sanger,medium,placement_medium (d=0.135),broad_query,2026-08-13T12:29:33.338201+00:00,"Blastocystis[Organism] AND (""18S""[All Fields] OR ""SSU""[All Fields] OR ""small subunit""[All Fields] OR ""18S ribosomal""[All Fields] OR ""SSU rRNA""[All Fields] OR ""ribosomal RNA""[All Fields] OR ""rRNA""[All Fields] OR ""rDNA""[All Fields]) NOT (""whole genome""[Title] OR ""complete genome""[Title] OR ""WGS""[Title] OR ""shotgun""[Title] OR ""mitochondrial""[Title] OR ""mitochondrion""[Title])"
MG214874.1,ST3,1004,b1a7f8b3ae7167fb27bdbe9e9e007591,Homo sapiens,host_qualifier,Poland,Unknown,stool,Sanger,medium,placement_medium (d=0.135),broad_query,2026-08-13T12:29:33.338201+00:00,"Blastocystis[Organism] AND (""18S""[All Fields] OR ""SSU""[All Fields] OR ""small subunit""[All Fields] OR ""18S ribosomal""[All Fields] OR ""SSU rRNA""[All Fields] OR ""ribosomal RNA""[All Fields] OR ""rRNA""[All Fields] OR ""rDNA""[All Fields]) NOT (""whole genome""[Title] OR ""complete genome""[Title] OR ""WGS""[Title] OR ""shotgun""[Title] OR ""mitochondrial""[Title] OR ""mitochondrion""[Title])"
MG214872.1,ST3,1005,e8187d0e4206ad713283db2394de1a25,Homo sapiens,host_qualifier,Poland,Unknown,stool,Sanger,medium,placement_medium (d=0.142),broad_query,2026-08-13T12:29:33.338201+00:00,"Blastocystis[Organism] AND (""18S""[All Fields] OR ""SSU""[All Fields] OR ""small subunit""[All Fields] OR ""18S ribosomal""[All Fields] OR ""SSU rRNA""[All Fields] OR ""ribosomal RNA""[All Fields] OR ""rRNA""[All Fields] OR ""rDNA""[All Fields]) NOT (""whole genome""[Title] OR ""complete genome""[Title] OR ""WGS""[Title] OR ""shotgun""[Title] OR ""mitochondrial""[Title] OR ""mitochondrion""[Title])"
MH104999.1,ST1,1089,ac3c27415d17679a84fe8296892ae2e4,Homo sapiens,host_qualifier,Thailand,Unknown,Unknown,Sanger,medium,placement_medium (d=0.088),broad_query,2026-08-13T12:29:33.338201+00:00,"Blastocystis[Organism] AND (""18S""[All Fields] OR ""SSU""[All Fields] OR ""small subunit""[All Fields] OR ""18S ribosomal""[All Fields] OR ""SSU rRNA""[All Fields] OR ""ribosomal RNA""[All Fields] OR ""rRNA""[All Fields] OR ""rDNA""[All Fields]) NOT (""whole genome""[Title] OR ""complete genome""[Title] OR ""WGS""[Title] OR ""shotgun""[Title] OR ""mitochondrial""[Title] OR ""mitochondrion""[Title])"
MH104998.1,ST2,1092,47273feb70a720429a2b08c1537b9086,Homo sapiens,host_qualifier,Thailand,Unknown,Unknown,Sanger,high,placement_high (d=0.076),broad_query,2026-08-13T12:29:33.338201+00:00,"Blastocystis[Organism] AND (""18S""[All Fields] OR ""SSU""[All Fields] OR ""small subunit""[All Fields] OR ""18S ribosomal""[All Fields] OR ""SSU rRNA""[All Fields] OR ""ribosomal RNA""[All Fields] OR ""rRNA""[All Fields] OR ""rDNA""[All Fields]) NOT (""whole genome""[Title] OR ""complete genome""[Title] OR ""WGS""[Title] OR ""shotgun""[Title] OR ""mitochondrial""[Title] OR ""mitochondrion""[Title])"
MH104997.1,ST2,1064,b51354e7260c7a046b36725167851947,Homo sapiens,host_qualifier,Thailand,Unknown,Unknown,Sanger,high,placement_high (d=0.053),broad_query,2026-08-13T12:29:33.338201+00:00,"Blastocystis[Organism] AND (""18S""[All Fields] OR ""SSU""[All Fields] OR ""small subunit""[All Fields] OR ""18S ribosomal""[All Fields] OR ""SSU rRNA""[All Fields] OR ""ribosomal RNA""[All Fields] OR ""rRNA""[All Fields] OR ""rDNA""[All Fields]) NOT (""whole genome""[Title] OR ""complete genome""[Title] OR ""WGS""[Title] OR ""shotgun""[Title] OR ""mitochondrial""[Title] OR ""mitochondrion""[Title])"
MH104996.1,ST2,1023,481d3a57a7c9797dde59d0859622acfc,Homo sapiens,host_qualifier,Thailand,Unknown,Unknown,Sanger,high,placement_high (d=0.035),broad_query,2026-08-13T12:29:33.338201+00:00,"Blastocystis[Organism] AND (""18S""[All Fields] OR ""SSU""[All Fields] OR ""small subunit""[All Fields] OR ""18S ribosomal""[All Fields] OR ""SSU rRNA""[All Fields] OR ""ribosomal RNA""[All Fields] OR ""rRNA""[All Fields] OR ""rDNA""[All Fields]) NOT (""whole genome""[Title] OR ""complete genome""[Title] OR ""WGS""[Title] OR ""shotgun""[Title] OR ""mitochondrial""[Title] OR ""mitochondrion""[Title])"
MH104995.1,ST1,1049,a57b2bc51cde1dc54d3ca00e81f1aab2,Homo sapiens,host_qualifier,Thailand,Unknown,Unknown,Sanger,high,placement_high (d=0.066),broad_query,2026-08-13T12:29:33.338201+00:00,"Blastocystis[Organism] AND (""18S""[All Fields] OR ""SSU""[All Fields] OR ""small subunit""[All Fields] OR ""18S ribosomal""[All Fields] OR ""SSU rRNA""[All Fields] OR ""ribosomal RNA""[All Fields] OR ""rRNA""[All Fields] OR ""rDNA""[All Fields]) NOT (""whole genome""[Title] OR ""complete genome""[Title] OR ""WGS""[Title] OR ""shotgun""[Title] OR ""mitochondrial""[Title] OR ""mitochondrion""[Title])"
MH104994.1,ST3,1019,79abab2b8285bbb5bf53094d6147a4a7,Homo sapiens,host_qualifier,Thailand,Unknown,Unknown,Sanger,medium,placement_medium (d=0.131),broad_query,2026-08-13T12:29:33.338201+00:00,"Blastocystis[Organism] AND (""18S""[All Fields] OR ""SSU""[All Fields] OR ""small subunit""[All Fields] OR ""18S ribosomal""[All Fields] OR ""SSU rRNA""[All Fields] OR ""ribosomal RNA""[All Fields] OR ""rRNA""[All Fields] OR ""rDNA""[All Fields]) NOT (""whole genome""[Title] OR ""complete genome""[Title] OR ""WGS""[Title] OR ""shotgun""[Title] OR ""mitochondrial""[Title] OR ""mitochondrion""[Title])"
MH104993.1,ST3,1065,7f040dfa47a25783bb62d53b23d79693,Homo sapiens,host_qualifier,Thailand,Unknown,Unknown,Sanger,medium,placement_medium (d=0.100),broad_query,2026-08-13T12:29:33.338201+00:00,"Blastocystis[Organism] AND (""18S""[All Fields] OR ""SSU""[All Fields] OR ""small subunit""[All Fields] OR ""18S ribosomal""[All Fields] OR ""SSU rRNA""[All Fields] OR ""ribosomal RNA""[All Fields] OR ""rRNA""[All Fields] OR ""rDNA""[All Fields]) NOT (""whole genome""[Title] OR ""complete genome""[Title] OR ""WGS""[Title] OR ""shotgun""[Title] OR ""mitochondrial""[Title] OR ""mitochondrion""[Title])"
MH104992.1,ST3,1049,a91f891d364c69468615003ba44b3e96,Homo sapiens,host_qualifier,Thailand,Unknown,Unknown,Sanger,medium,placement_medium (d=0.135),broad_query,2026-08-13T12:29:33.338201+00:00,"Blastocystis[Organism] AND (""18S""[All Fields] OR ""SSU""[All Fields] OR ""small subunit""[All Fields] OR ""18S ribosomal""[All Fields] OR ""SSU rRNA""[All Fields] OR ""ribosomal RNA""[All Fields] OR ""rRNA""[All Fields] OR ""rDNA""[All Fields]) NOT (""whole genome""[Title] OR ""complete genome""[Title] OR ""WGS""[Title] OR ""shotgun""[Title] OR ""mitochondrial""[Title] OR ""mitochondrion""[Title])"
MH104991.1,ST2,1009,563a26b5b707c771ec84cd711a4535bd,Homo sapiens,host_qualifier,Thailand,Unknown,Unknown,Sanger,medium,placement_medium (d=0.093),broad_query,2026-08-13T12:29:33.338201+00:00,"Blastocystis[Organism] AND (""18S""[All Fields] OR ""SSU""[All Fields] OR ""small subunit""[All Fields] OR ""18S ribosomal""[All Fields] OR ""SSU rRNA""[All Fields] OR ""ribosomal RNA""[All Fields] OR ""rRNA""[All Fields] OR ""rDNA""[All Fields]) NOT (""whole genome""[Title] OR ""complete genome""[Title] OR ""WGS""[Title] OR ""shotgun""[Title] OR ""mitochondrial""[Title] OR ""mitochondrion""[Title])"
MH104990.1,ST3,1029,7531a50791ca17b3edd9ea88a1181851,Homo sapiens,host_qualifier,Thailand,Unknown,Unknown,Sanger,low,placement_low (d=0.204),broad_query,2026-08-13T12:29:33.338201+00:00,"Blastocystis[Organism] AND (""18S""[All Fields] OR ""SSU""[All Fields] OR ""small subunit""[All Fields] OR ""18S ribosomal""[All Fields] OR ""SSU rRNA""[All Fields] OR ""ribosomal RNA""[All Fields] OR ""rRNA""[All Fields] OR ""rDNA""[All Fields]) NOT (""whole genome""[Title] OR ""complete genome""[Title] OR ""WGS""[Title] OR ""shotgun""[Title] OR ""mitochondrial""[Title] OR ""mitochondrion""[Title])"
MH104989.1,ST3,1050,0c63c992fb1b773c938f415cd612a676,Canis lupus familiaris,host_qualifier,Thailand,Unknown,Unknown,Sanger,low,placement_low (d=0.248),broad_query,2026-08-13T12:29:33.338201+00:00,"Blastocystis[Organism] AND (""18S""[All Fields] OR ""SSU""[All Fields] OR ""small subunit""[All Fields] OR ""18S ribosomal""[All Fields] OR ""SSU rRNA""[All Fields] OR ""ribosomal RNA""[All Fields] OR ""rRNA""[All Fields] OR ""rDNA""[All Fields]) NOT (""whole genome""[Title] OR ""complete genome""[Title] OR ""WGS""[Title] OR ""shotgun""[Title] OR ""mitochondrial""[Title] OR ""mitochondrion""[Title])"
MH104986.1,ST12,1086,6735b27944d0fe22c84e32439a0ac294,Sus scrofa,host_qualifier,Thailand,Unknown,Unknown,Sanger,low,"placement_low (nearest=ST12 d=0.395; top5=['ST12', 'ST14', 'ST26', 'ST14', 'ST26'])",broad_query,2026-08-13T12:29:33.338201+00:00,"Blastocystis[Organism] AND (""18S""[All Fields] OR ""SSU""[All Fields] OR ""small subunit""[All Fields] OR ""18S ribosomal""[All Fields] OR ""SSU rRNA""[All Fields] OR ""ribosomal RNA""[All Fields] OR ""rRNA""[All Fields] OR ""rDNA""[All Fields]) NOT (""whole genome""[Title] OR ""complete genome""[Title] OR ""WGS""[Title] OR ""shotgun""[Title] OR ""mitochondrial""[Title] OR ""mitochondrion""[Title])"
MH104985.1,ST12,1071,1eae86cf7f1e9d88cd2cea78f0721c8d,Sus scrofa,host_qualifier,Thailand,Unknown,Unknown,Sanger,low,"placement_low (nearest=ST12 d=0.346; top5=['ST12', 'ST14', 'ST14', 'ST26', 'ST26'])",broad_query,2026-08-13T12:29:33.338201+00:00,"Blastocystis[Organism] AND (""18S""[All Fields] OR ""SSU""[All Fields] OR ""small subunit""[All Fields] OR ""18S ribosomal""[All Fields] OR ""SSU rRNA""[All Fields] OR ""ribosomal RNA""[All Fields] OR ""rRNA""[All Fields] OR ""rDNA""[All Fields]) NOT (""whole genome""[Title] OR ""complete genome""[Title] OR ""WGS""[Title] OR ""shotgun""[Title] OR ""mitochondrial""[Title] OR ""mitochondrion""[Title])"
MH104984.1,ST12,1081,bfbd3ac7f9c2422ac6edbaa7514f2aaa,Sus scrofa,host_qualifier,Thailand,Unknown,Unknown,Sanger,low,"placement_low (nearest=ST12 d=0.377; top5=['ST12', 'ST14', 'ST14', 'ST26', 'ST26'])",broad_query,2026-08-13T12:29:33.338201+00:00,"Blastocystis[Organism] AND (""18S""[All Fields] OR ""SSU""[All Fields] OR ""small subunit""[All Fields] OR ""18S ribosomal""[All Fields] OR ""SSU rRNA""[All Fields] OR ""ribosomal RNA""[All Fields] OR ""rRNA""[All Fields] OR ""rDNA""[All Fields]) NOT (""whole genome""[Title] OR ""complete genome""[Title] OR ""WGS""[Title] OR ""shotgun""[Title] OR ""mitochondrial""[Title] OR ""mitochondrion""[Title])"
MH104982.1,ST12,1058,079f2f5f7443ffe82961f338a8aad2de,Sus scrofa,host_qualifier,Thailand,Unknown,Unknown,Sanger,low,"placement_low (nearest=ST12 d=0.404; top5=['ST12', 'ST14', 'ST26', 'ST14', 'ST26'])",broad_query,2026-08-13T12:29:33.338201+00:00,"Blastocystis[Organism] AND (""18S""[All Fields] OR ""SSU""[All Fields] OR ""small subunit""[All Fields] OR ""18S ribosomal""[All Fields] OR ""SSU rRNA""[All Fields] OR ""ribosomal RNA""[All Fields] OR ""rRNA""[All Fields] OR ""rDNA""[All Fields]) NOT (""whole genome""[Title] OR ""complete genome""[Title] OR ""WGS""[Title] OR ""shotgun""[Title] OR ""mitochondrial""[Title] OR ""mitochondrion""[Title])"
MH104981.1,ST1,1066,00589464c2d3c2889fef50110d7c03df,Sus scrofa,host_qualifier,Thailand,Unknown,Unknown,Sanger,medium,placement_medium (d=0.103),broad_query,2026-08-13T12:29:33.338201+00:00,"Blastocystis[Organism] AND (""18S""[All Fields] OR ""SSU""[All Fields] OR ""small subunit""[All Fields] OR ""18S ribosomal""[All Fields] OR ""SSU rRNA""[All Fields] OR ""ribosomal RNA""[All Fields] OR ""rRNA""[All Fields] OR ""rDNA""[All Fields]) NOT (""whole genome""[Title] OR ""complete genome""[Title] OR ""WGS""[Title] OR ""shotgun""[Title] OR ""mitochondrial""[Title] OR ""mitochondrion""[Title])"
MH104980.1,ST12,1091,c1a5cb578f20d2b278c8a71038daa10d,Sus scrofa,host_qualifier,Thailand,Unknown,Unknown,Sanger,low,"placement_low (nearest=ST12 d=0.395; top5=['ST12', 'ST14', 'ST26', 'ST14', 'ST26'])",broad_query,2026-08-13T12:29:33.338201+00:00,"Blastocystis[Organism] AND (""18S""[All Fields] OR ""SSU""[All Fields] OR ""small subunit""[All Fields] OR ""18S ribosomal""[All Fields] OR ""SSU rRNA""[All Fields] OR ""ribosomal RNA""[All Fields] OR ""rRNA""[All Fields] OR ""rDNA""[All Fields]) NOT (""whole genome""[Title] OR ""complete genome""[Title] OR ""WGS""[Title] OR ""shotgun""[Title] OR ""mitochondrial""[Title] OR ""mitochondrion""[Title])"
MH104979.1,ST12,1089,070a78f4870a4c9c9ec87e7812fa6f01,Sus scrofa,host_qualifier,Thailand,Unknown,Unknown,Sanger,low,"placement_low (nearest=ST12 d=0.450; top5=['ST12', 'ST14', 'ST26', 'ST14', 'ST26'])",broad_query,2026-08-13T12:29:33.338201+00:00,"Blastocystis[Organism] AND (""18S""[All Fields] OR ""SSU""[All Fields] OR ""small subunit""[All Fields] OR ""18S ribosomal""[All Fields] OR ""SSU rRNA""[All Fields] OR ""ribosomal RNA""[All Fields] OR ""rRNA""[All Fields] OR ""rDNA""[All Fields]) NOT (""whole genome""[Title] OR ""complete genome""[Title] OR ""WGS""[Title] OR ""shotgun""[Title] OR ""mitochondrial""[Title] OR ""mitochondrion""[Title])"
MH104978.1,ST12,1086,e4a211698189e446a5eedc922b409edf,Sus scrofa,host_qualifier,Thailand,Unknown,Unknown,Sanger,low,"placement_low (nearest=ST12 d=0.396; top5=['ST12', 'ST14', 'ST26', 'ST14', 'ST26'])",broad_query,2026-08-13T12:29:33.338201+00:00,"Blastocystis[Organism] AND (""18S""[All Fields] OR ""SSU""[All Fields] OR ""small subunit""[All Fields] OR ""18S ribosomal""[All Fields] OR ""SSU rRNA""[All Fields] OR ""ribosomal RNA""[All Fields] OR ""rRNA""[All Fields] OR ""rDNA""[All Fields]) NOT (""whole genome""[Title] OR ""complete genome""[Title] OR ""WGS""[Title] OR ""shotgun""[Title] OR ""mitochondrial""[Title] OR ""mitochondrion""[Title])"
MH104977.1,ST12,1091,c4d6dfb62fd68237f384db0dc92a3af7,Sus scrofa,host_qualifier,Thailand,Unknown,Unknown,Sanger,low,"placement_low (nearest=ST12 d=0.365; top5=['ST12', 'ST14', 'ST14', 'ST26', 'ST26'])",broad_query,2026-08-13T12:29:33.338201+00:00,"Blastocystis[Organism] AND (""18S""[All Fields] OR ""SSU""[All Fields] OR ""small subunit""[All Fields] OR ""18S ribosomal""[All Fields] OR ""SSU rRNA""[All Fields] OR ""ribosomal RNA""[All Fields] OR ""rRNA""[All Fields] OR ""rDNA""[All Fields]) NOT (""whole genome""[Title] OR ""complete genome""[Title] OR ""WGS""[Title] OR ""shotgun""[Title] OR ""mitochondrial""[Title] OR ""mitochondrion""[Title])"
MH104976.1,ST12,1084,e07bcbacedb629c8fc4c694f10d46b3d,Sus scrofa,host_qualifier,Thailand,Unknown,Unknown,Sanger,low,"placement_low (nearest=ST12 d=0.384; top5=['ST12', 'ST14', 'ST26', 'ST14', 'ST14'])",broad_query,2026-08-13T12:29:33.338201+00:00,"Blastocystis[Organism] AND (""18S""[All Fields] OR ""SSU""[All Fields] OR ""small subunit""[All Fields] OR ""18S ribosomal""[All Fields] OR ""SSU rRNA""[All Fields] OR ""ribosomal RNA""[All Fields] OR ""rRNA""[All Fields] OR ""rDNA""[All Fields]) NOT (""whole genome""[Title] OR ""complete genome""[Title] OR ""WGS""[Title] OR ""shotgun""[Title] OR ""mitochondrial""[Title] OR ""mitochondrion""[Title])"
MH104975.1,ST12,1078,67bb2e34615eccb5df82231d980dca86,Sus scrofa,host_qualifier,Thailand,Unknown,Unknown,Sanger,low,"placement_low (nearest=ST12 d=0.373; top5=['ST12', 'ST14', 'ST26', 'ST5', 'ST14'])",broad_query,2026-08-13T12:29:33.338201+00:00,"Blastocystis[Organism] AND (""18S""[All Fields] OR ""SSU""[All Fields] OR ""small subunit""[All Fields] OR ""18S ribosomal""[All Fields] OR ""SSU rRNA""[All Fields] OR ""ribosomal RNA""[All Fields] OR ""rRNA""[All Fields] OR ""rDNA""[All Fields]) NOT (""whole genome""[Title] OR ""complete genome""[Title] OR ""WGS""[Title] OR ""shotgun""[Title] OR ""mitochondrial""[Title] OR ""mitochondrion""[Title])"
MH104974.1,ST12,1082,2087191c051bf296522105549c86dd85,Sus scrofa,host_qualifier,Thailand,Unknown,Unknown,Sanger,low,"placement_low (nearest=ST12 d=0.388; top5=['ST12', 'ST14', 'ST26', 'ST14', 'ST26'])",broad_query,2026-08-13T12:29:33.338201+00:00,"Blastocystis[Organism] AND (""18S""[All Fields] OR ""SSU""[All Fields] OR ""small subunit""[All Fields] OR ""18S ribosomal""[All Fields] OR ""SSU rRNA""[All Fields] OR ""ribosomal RNA""[All Fields] OR ""rRNA""[All Fields] OR ""rDNA""[All Fields]) NOT (""whole genome""[Title] OR ""complete genome""[Title] OR ""WGS""[Title] OR ""shotgun""[Title] OR ""mitochondrial""[Title] OR ""mitochondrion""[Title])"
MH104972.1,ST12,1087,983a6c8ccdbb1b74d4d0662f0ec17f33,Sus scrofa,host_qualifier,Thailand,Unknown,Unknown,Sanger,low,"placement_low (nearest=ST12 d=0.390; top5=['ST12', 'ST14', 'ST26', 'ST5', 'ST5'])",broad_query,2026-08-13T12:29:33.338201+00:00,"Blastocystis[Organism] AND (""18S""[All Fields] OR ""SSU""[All Fields] OR ""small subunit""[All Fields] OR ""18S ribosomal""[All Fields] OR ""SSU rRNA""[All Fields] OR ""ribosomal RNA""[All Fields] OR ""rRNA""[All Fields] OR ""rDNA""[All Fields]) NOT (""whole genome""[Title] OR ""complete genome""[Title] OR ""WGS""[Title] OR ""shotgun""[Title] OR ""mitochondrial""[Title] OR ""mitochondrion""[Title])"
MH104971.1,ST12,1080,ff4683bbb4f06dcb35c9cc43e1b23e5a,Sus scrofa,host_qualifier,Thailand,Unknown,Unknown,Sanger,low,"placement_low (nearest=ST12 d=0.383; top5=['ST12', 'ST14', 'ST26', 'ST14', 'ST26'])",broad_query,2026-08-13T12:29:33.338201+00:00,"Blastocystis[Organism] AND (""18S""[All Fields] OR ""SSU""[All Fields] OR ""small subunit""[All Fields] OR ""18S ribosomal""[All Fields] OR ""SSU rRNA""[All Fields] OR ""ribosomal RNA""[All Fields] OR ""rRNA""[All Fields] OR ""rDNA""[All Fields]) NOT (""whole genome""[Title] OR ""complete genome""[Title] OR ""WGS""[Title] OR ""shotgun""[Title] OR ""mitochondrial""[Title] OR ""mitochondrion""[Title])"
MH104970.1,ST12,1068,26cbbd4c5a94a51791dee3f51653cee8,Sus scrofa,host_qualifier,Thailand,Unknown,Unknown,Sanger,low,"placement_low (nearest=ST12 d=0.371; top5=['ST12', 'ST26', 'ST14', 'ST14', 'ST26'])",broad_query,2026-08-13T12:29:33.338201+00:00,"Blastocystis[Organism] AND (""18S""[All Fields] OR ""SSU""[All Fields] OR ""small subunit""[All Fields] OR ""18S ribosomal""[All Fields] OR ""SSU rRNA""[All Fields] OR ""ribosomal RNA""[All Fields] OR ""rRNA""[All Fields] OR ""rDNA""[All Fields]) NOT (""whole genome""[Title] OR ""complete genome""[Title] OR ""WGS""[Title] OR ""shotgun""[Title] OR ""mitochondrial""[Title] OR ""mitochondrion""[Title])"
MH104969.1,ST12,1092,922045ed7c9eae97567b4e65f3440964,Sus scrofa,host_qualifier,Thailand,Unknown,Unknown,Sanger,low,"placement_low (nearest=ST12 d=0.370; top5=['ST12', 'ST14', 'ST26', 'ST14', 'ST26'])",broad_query,2026-08-13T12:29:33.338201+00:00,"Blastocystis[Organism] AND (""18S""[All Fields] OR ""SSU""[All Fields] OR ""small subunit""[All Fields] OR ""18S ribosomal""[All Fields] OR ""SSU rRNA""[All Fields] OR ""ribosomal RNA""[All Fields] OR ""rRNA""[All Fields] OR ""rDNA""[All Fields]) NOT (""whole genome""[Title] OR ""complete genome""[Title] OR ""WGS""[Title] OR ""shotgun""[Title] OR ""mitochondrial""[Title] OR ""mitochondrion""[Title])"
MH104968.1,ST12,1082,f790fa8d0f13f57d216877b46ad7f97c,Sus scrofa,host_qualifier,Thailand,Unknown,Unknown,Sanger,low,"placement_low (nearest=ST12 d=0.386; top5=['ST12', 'ST14', 'ST14', 'ST26', 'ST26'])",broad_query,2026-08-13T12:29:33.338201+00:00,"Blastocystis[Organism] AND (""18S""[All Fields] OR ""SSU""[All Fields] OR ""small subunit""[All Fields] OR ""18S ribosomal""[All Fields] OR ""SSU rRNA""[All Fields] OR ""ribosomal RNA""[All Fields] OR ""rRNA""[All Fields] OR ""rDNA""[All Fields]) NOT (""whole genome""[Title] OR ""complete genome""[Title] OR ""WGS""[Title] OR ""shotgun""[Title] OR ""mitochondrial""[Title] OR ""mitochondrion""[Title])"
MH104967.1,ST26,1086,668f5581dc416e97e9d604b354645b11,Unknown,unknown,Thailand,Unknown,Unknown,Sanger,low,"placement_low (nearest=ST26 d=0.227; top5=['ST26', 'ST26', 'ST12', 'ST12', 'ST12'])",broad_query,2026-08-13T12:29:33.338201+00:00,"Blastocystis[Organism] AND (""18S""[All Fields] OR ""SSU""[All Fields] OR ""small subunit""[All Fields] OR ""18S ribosomal""[All Fields] OR ""SSU rRNA""[All Fields] OR ""ribosomal RNA""[All Fields] OR ""rRNA""[All Fields] OR ""rDNA""[All Fields]) NOT (""whole genome""[Title] OR ""complete genome""[Title] OR ""WGS""[Title] OR ""shotgun""[Title] OR ""mitochondrial""[Title] OR ""mitochondrion""[Title])"
MH104966.1,ST26,1086,8c2dd86864f48ec3896274fc80155cab,Unknown,unknown,Thailand,Unknown,Unknown,Sanger,medium,placement_medium (d=0.102),broad_query,2026-08-13T12:29:33.338201+00:00,"Blastocystis[Organism] AND (""18S""[All Fields] OR ""SSU""[All Fields] OR ""small subunit""[All Fields] OR ""18S ribosomal""[All Fields] OR ""SSU rRNA""[All Fields] OR ""ribosomal RNA""[All Fields] OR ""rRNA""[All Fields] OR ""rDNA""[All Fields]) NOT (""whole genome""[Title] OR ""complete genome""[Title] OR ""WGS""[Title] OR ""shotgun""[Title] OR ""mitochondrial""[Title] OR ""mitochondrion""[Title])"
MH104964.1,ST26,1077,3a7a7f362cc3924fb36351327d0a43e7,Unknown,unknown,Thailand,Unknown,Unknown,Sanger,low,placement_low (d=0.250),broad_query,2026-08-13T12:29:33.338201+00:00,"Blastocystis[Organism] AND (""18S""[All Fields] OR ""SSU""[All Fields] OR ""small subunit""[All Fields] OR ""18S ribosomal""[All Fields] OR ""SSU rRNA""[All Fields] OR ""ribosomal RNA""[All Fields] OR ""rRNA""[All Fields] OR ""rDNA""[All Fields]) NOT (""whole genome""[Title] OR ""complete genome""[Title] OR ""WGS""[Title] OR ""shotgun""[Title] OR ""mitochondrial""[Title] OR ""mitochondrion""[Title])"
MH104962.1,ST10,1068,f4e1e7a16ea74fbe58ba3e08f31f4be5,Unknown,unknown,Thailand,Unknown,Unknown,Sanger,low,placement_low (d=0.226),broad_query,2026-08-13T12:29:33.338201+00:00,"Blastocystis[Organism] AND (""18S""[All Fields] OR ""SSU""[All Fields] OR ""small subunit""[All Fields] OR ""18S ribosomal""[All Fields] OR ""SSU rRNA""[All Fields] OR ""ribosomal RNA""[All Fields] OR ""rRNA""[All Fields] OR ""rDNA""[All Fields]) NOT (""whole genome""[Title] OR ""complete genome""[Title] OR ""WGS""[Title] OR ""shotgun""[Title] OR ""mitochondrial""[Title] OR ""mitochondrion""[Title])"
MH104961.1,ST21,1100,ed420ab134184ae0ec612dfb042009dc,Unknown,unknown,Thailand,Unknown,Unknown,Sanger,low,"placement_low (nearest=ST21 d=0.274; top5=['ST21', 'ST12', 'ST26', 'ST26', 'ST14'])",broad_query,2026-08-13T12:29:33.338201+00:00,"Blastocystis[Organism] AND (""18S""[All Fields] OR ""SSU""[All Fields] OR ""small subunit""[All Fields] OR ""18S ribosomal""[All Fields] OR ""SSU rRNA""[All Fields] OR ""ribosomal RNA""[All Fields] OR ""rRNA""[All Fields] OR ""rDNA""[All Fields]) NOT (""whole genome""[Title] OR ""complete genome""[Title] OR ""WGS""[Title] OR ""shotgun""[Title] OR ""mitochondrial""[Title] OR ""mitochondrion""[Title])"
MH104960.1,ST26,1077,319a68027b30231892bfec00d002604f,Unknown,unknown,Thailand,Unknown,Unknown,Sanger,medium,placement_medium (d=0.144),broad_query,2026-08-13T12:29:33.338201+00:00,"Blastocystis[Organism] AND (""18S""[All Fields] OR ""SSU""[All Fields] OR ""small subunit""[All Fields] OR ""18S ribosomal""[All Fields] OR ""SSU rRNA""[All Fields] OR ""ribosomal RNA""[All Fields] OR ""rRNA""[All Fields] OR ""rDNA""[All Fields]) NOT (""whole genome""[Title] OR ""complete genome""[Title] OR ""WGS""[Title] OR ""shotgun""[Title] OR ""mitochondrial""[Title] OR ""mitochondrion""[Title])"
MH104959.1,ST10,1070,2c008dc28deb9aca72873c03c6c3ecf7,Unknown,unknown,Thailand,Unknown,Unknown,Sanger,medium,placement_medium (d=0.097),broad_query,2026-08-13T12:29:33.338201+00:00,"Blastocystis[Organism] AND (""18S""[All Fields] OR ""SSU""[All Fields] OR ""small subunit""[All Fields] OR ""18S ribosomal""[All Fields] OR ""SSU rRNA""[All Fields] OR ""ribosomal RNA""[All Fields] OR ""rRNA""[All Fields] OR ""rDNA""[All Fields]) NOT (""whole genome""[Title] OR ""complete genome""[Title] OR ""WGS""[Title] OR ""shotgun""[Title] OR ""mitochondrial""[Title] OR ""mitochondrion""[Title])"
MH104958.1,ST10,1134,63843b83fbf85c740e228119e917946a,Unknown,unknown,Thailand,Unknown,Unknown,Sanger,low,placement_low (d=0.163),broad_query,2026-08-13T12:29:33.338201+00:00,"Blastocystis[Organism] AND (""18S""[All Fields] OR ""SSU""[All Fields] OR ""small subunit""[All Fields] OR ""18S ribosomal""[All Fields] OR ""SSU rRNA""[All Fields] OR ""ribosomal RNA""[All Fields] OR ""rRNA""[All Fields] OR ""rDNA""[All Fields]) NOT (""whole genome""[Title] OR ""complete genome""[Title] OR ""WGS""[Title] OR ""shotgun""[Title] OR ""mitochondrial""[Title] OR ""mitochondrion""[Title])"
MH104957.1,ST21,1093,1cff3a6de591144172d78d7bfd02ffed,Unknown,unknown,Thailand,Unknown,Unknown,Sanger,low,"placement_low (nearest=ST21 d=0.269; top5=['ST21', 'ST26', 'ST12', 'ST26', 'ST14'])",broad_query,2026-08-13T12:29:33.338201+00:00,"Blastocystis[Organism] AND (""18S""[All Fields] OR ""SSU""[All Fields] OR ""small subunit""[All Fields] OR ""18S ribosomal""[All Fields] OR ""SSU rRNA""[All Fields] OR ""ribosomal RNA""[All Fields] OR ""rRNA""[All Fields] OR ""rDNA""[All Fields]) NOT (""whole genome""[Title] OR ""complete genome""[Title] OR ""WGS""[Title] OR ""shotgun""[Title] OR ""mitochondrial""[Title] OR ""mitochondrion""[Title])"
MH104956.1,ST26,1097,6ca50810cefeb28a44168f937e01de95,Unknown,unknown,Thailand,Unknown,Unknown,Sanger,low,placement_low (d=0.223),broad_query,2026-08-13T12:29:33.338201+00:00,"Blastocystis[Organism] AND (""18S""[All Fields] OR ""SSU""[All Fields] OR ""small subunit""[All Fields] OR ""18S ribosomal""[All Fields] OR ""SSU rRNA""[All Fields] OR ""ribosomal RNA""[All Fields] OR ""rRNA""[All Fields] OR ""rDNA""[All Fields]) NOT (""whole genome""[Title] OR ""complete genome""[Title] OR ""WGS""[Title] OR ""shotgun""[Title] OR ""mitochondrial""[Title] OR ""mitochondrion""[Title])"
MH104955.1,ST26,1099,3219ada9ae496453081bac64abc8e4dd,Unknown,unknown,Thailand,Unknown,Unknown,Sanger,low,placement_low (d=0.193),broad_query,2026-08-13T12:29:33.338201+00:00,"Blastocystis[Organism] AND (""18S""[All Fields] OR ""SSU""[All Fields] OR ""small subunit""[All Fields] OR ""18S ribosomal""[All Fields] OR ""SSU rRNA""[All Fields] OR ""ribosomal RNA""[All Fields] OR ""rRNA""[All Fields] OR ""rDNA""[All Fields]) NOT (""whole genome""[Title] OR ""complete genome""[Title] OR ""WGS""[Title] OR ""shotgun""[Title] OR ""mitochondrial""[Title] OR ""mitochondrion""[Title])"
MH104953.1,ST12,1095,02ab6db080239e4052254c2362d54994,Unknown,unknown,Thailand,Unknown,Unknown,Sanger,low,"placement_low (nearest=ST12 d=0.307; top5=['ST12', 'ST21', 'ST26', 'ST26', 'ST14'])",broad_query,2026-08-13T12:29:33.338201+00:00,"Blastocystis[Organism] AND (""18S""[All Fields] OR ""SSU""[All Fields] OR ""small subunit""[All Fields] OR ""18S ribosomal""[All Fields] OR ""SSU rRNA""[All Fields] OR ""ribosomal RNA""[All Fields] OR ""rRNA""[All Fields] OR ""rDNA""[All Fields]) NOT (""whole genome""[Title] OR ""complete genome""[Title] OR ""WGS""[Title] OR ""shotgun""[Title] OR ""mitochondrial""[Title] OR ""mitochondrion""[Title])"
MH104952.1,ST26,1094,d5b50461f975de25fa2dd52c7230d1b7,Unknown,unknown,Thailand,Unknown,Unknown,Sanger,low,placement_low (d=0.230),broad_query,2026-08-13T12:29:33.338201+00:00,"Blastocystis[Organism] AND (""18S""[All Fields] OR ""SSU""[All Fields] OR ""small subunit""[All Fields] OR ""18S ribosomal""[All Fields] OR ""SSU rRNA""[All Fields] OR ""ribosomal RNA""[All Fields] OR ""rRNA""[All Fields] OR ""rDNA""[All Fields]) NOT (""whole genome""[Title] OR ""complete genome""[Title] OR ""WGS""[Title] OR ""shotgun""[Title] OR ""mitochondrial""[Title] OR ""mitochondrion""[Title])"
MF774612.1,ST9,1034,809d17f3c5930b1d69f778f1dd7321e1,Homo sapiens,host_qualifier,Iran,Unknown,Feces,Sanger,low,"placement_low (nearest=ST9 d=0.445; top5=['ST9', 'ST6', 'ST6', 'ST6', 'ST27'])",broad_query,2026-08-13T12:29:33.338201+00:00,"Blastocystis[Organism] AND (""18S""[All Fields] OR ""SSU""[All Fields] OR ""small subunit""[All Fields] OR ""18S ribosomal""[All Fields] OR ""SSU rRNA""[All Fields] OR ""ribosomal RNA""[All Fields] OR ""rRNA""[All Fields] OR ""rDNA""[All Fields]) NOT (""whole genome""[Title] OR ""complete genome""[Title] OR ""WGS""[Title] OR ""shotgun""[Title] OR ""mitochondrial""[Title] OR ""mitochondrion""[Title])"
MG333456.1,ST12,1047,606aed8099e8dd14b49c83b6dac00b11,Homo sapiens,host_qualifier,Unknown,Unknown,stool,Sanger,low,"placement_low (nearest=ST12 d=0.333; top5=['ST12', 'ST14', 'ST14', 'ST26', 'ST26'])",broad_query,2026-08-13T12:29:33.338201+00:00,"Blastocystis[Organism] AND (""18S""[All Fields] OR ""SSU""[All Fields] OR ""small subunit""[All Fields] OR ""18S ribosomal""[All Fields] OR ""SSU rRNA""[All Fields] OR ""ribosomal RNA""[All Fields] OR ""rRNA""[All Fields] OR ""rDNA""[All Fields]) NOT (""whole genome""[Title] OR ""complete genome""[Title] OR ""WGS""[Title] OR ""shotgun""[Title] OR ""mitochondrial""[Title] OR ""mitochondrion""[Title])"
MG333455.1,ST12,1050,5f6f2272decde645046ba6d924e83ca5,Homo sapiens,host_qualifier,Unknown,Unknown,stool,Sanger,low,"placement_low (nearest=ST12 d=0.377; top5=['ST12', 'ST14', 'ST14', 'ST26', 'ST26'])",broad_query,2026-08-13T12:29:33.338201+00:00,"Blastocystis[Organism] AND (""18S""[All Fields] OR ""SSU""[All Fields] OR ""small subunit""[All Fields] OR ""18S ribosomal""[All Fields] OR ""SSU rRNA""[All Fields] OR ""ribosomal RNA""[All Fields] OR ""rRNA""[All Fields] OR ""rDNA""[All Fields]) NOT (""whole genome""[Title] OR ""complete genome""[Title] OR ""WGS""[Title] OR ""shotgun""[Title] OR ""mitochondrial""[Title] OR ""mitochondrion""[Title])"
MG333454.1,ST12,1046,309d6b662edca2ead87ce55343f81185,Homo sapiens,host_qualifier,Unknown,Unknown,stool,Sanger,low,"placement_low (nearest=ST12 d=0.334; top5=['ST12', 'ST14', 'ST14', 'ST26', 'ST26'])",broad_query,2026-08-13T12:29:33.338201+00:00,"Blastocystis[Organism] AND (""18S""[All Fields] OR ""SSU""[All Fields] OR ""small subunit""[All Fields] OR ""18S ribosomal""[All Fields] OR ""SSU rRNA""[All Fields] OR ""ribosomal RNA""[All Fields] OR ""rRNA""[All Fields] OR ""rDNA""[All Fields]) NOT (""whole genome""[Title] OR ""complete genome""[Title] OR ""WGS""[Title] OR ""shotgun""[Title] OR ""mitochondrial""[Title] OR ""mitochondrion""[Title])"
MG333452.1,ST12,1047,44d3d284bc48d083f668b7eb109eb104,Homo sapiens,host_qualifier,Unknown,Unknown,stool,Sanger,low,"placement_low (nearest=ST12 d=0.345; top5=['ST12', 'ST14', 'ST14', 'ST26', 'ST26'])",broad_query,2026-08-13T12:29:33.338201+00:00,"Blastocystis[Organism] AND (""18S""[All Fields] OR ""SSU""[All Fields] OR ""small subunit""[All Fields] OR ""18S ribosomal""[All Fields] OR ""SSU rRNA""[All Fields] OR ""ribosomal RNA""[All Fields] OR ""rRNA""[All Fields] OR ""rDNA""[All Fields]) NOT (""whole genome""[Title] OR ""complete genome""[Title] OR ""WGS""[Title] OR ""shotgun""[Title] OR ""mitochondrial""[Title] OR ""mitochondrion""[Title])"
AB107973.1,ST7,1796,ea4c515c0aa27e043e3a2cb204c6b9f2,Anser cygnoides,host_qualifier,Japan: Osaka,Unknown,Unknown,Unknown,medium,placement_medium (d=0.117),broad_query,2026-08-13T12:29:33.338201+00:00,"Blastocystis[Organism] AND (""18S""[All Fields] OR ""SSU""[All Fields] OR ""small subunit""[All Fields] OR ""18S ribosomal""[All Fields] OR ""SSU rRNA""[All Fields] OR ""ribosomal RNA""[All Fields] OR ""rRNA""[All Fields] OR ""rDNA""[All Fields]) NOT (""whole genome""[Title] OR ""complete genome""[Title] OR ""WGS""[Title] OR ""shotgun""[Title] OR ""mitochondrial""[Title] OR ""mitochondrion""[Title])"
AB107972.1,ST6,1741,a92a5da4368cb86ef6cfb9a00de671b7,Bambusicola thoracica,host_qualifier,Japan: Osaka,Unknown,Unknown,Unknown,high,placement_high (d=0.059),broad_query,2026-08-13T12:29:33.338201+00:00,"Blastocystis[Organism] AND (""18S""[All Fields] OR ""SSU""[All Fields] OR ""small subunit""[All Fields] OR ""18S ribosomal""[All Fields] OR ""SSU rRNA""[All Fields] OR ""ribosomal RNA""[All Fields] OR ""rRNA""[All Fields] OR ""rDNA""[All Fields]) NOT (""whole genome""[Title] OR ""complete genome""[Title] OR ""WGS""[Title] OR ""shotgun""[Title] OR ""mitochondrial""[Title] OR ""mitochondrion""[Title])"
AB107971.1,ST8,1779,87ac406da6dbf52cc631cb51cce41f30,Argusianus argus,host_qualifier,Japan: Osaka,Unknown,Unknown,Unknown,low,placement_low (d=0.178),broad_query,2026-08-13T12:29:33.338201+00:00,"Blastocystis[Organism] AND (""18S""[All Fields] OR ""SSU""[All Fields] OR ""small subunit""[All Fields] OR ""18S ribosomal""[All Fields] OR ""SSU rRNA""[All Fields] OR ""ribosomal RNA""[All Fields] OR ""rRNA""[All Fields] OR ""rDNA""[All Fields]) NOT (""whole genome""[Title] OR ""complete genome""[Title] OR ""WGS""[Title] OR ""shotgun""[Title] OR ""mitochondrial""[Title] OR ""mitochondrion""[Title])"
AB107970.1,ST8,1779,08902a7422843f433cef03187a53e1fc,Varecia variegata,host_qualifier,Japan: Osaka,Unknown,Unknown,Unknown,low,placement_low (d=0.187),broad_query,2026-08-13T12:29:33.338201+00:00,"Blastocystis[Organism] AND (""18S""[All Fields] OR ""SSU""[All Fields] OR ""small subunit""[All Fields] OR ""18S ribosomal""[All Fields] OR ""SSU rRNA""[All Fields] OR ""ribosomal RNA""[All Fields] OR ""rRNA""[All Fields] OR ""rDNA""[All Fields]) NOT (""whole genome""[Title] OR ""complete genome""[Title] OR ""WGS""[Title] OR ""shotgun""[Title] OR ""mitochondrial""[Title] OR ""mitochondrion""[Title])"
AB107969.1,ST2,1768,374ac6b1e3a1344957c23a5e47985a6e,Macaca nemestrina,host_qualifier,Japan: Osaka,Unknown,Unknown,Unknown,medium,placement_medium (d=0.088),broad_query,2026-08-13T12:29:33.338201+00:00,"Blastocystis[Organism] AND (""18S""[All Fields] OR ""SSU""[All Fields] OR ""small subunit""[All Fields] OR ""18S ribosomal""[All Fields] OR ""SSU rRNA""[All Fields] OR ""ribosomal RNA""[All Fields] OR ""rRNA""[All Fields] OR ""rDNA""[All Fields]) NOT (""whole genome""[Title] OR ""complete genome""[Title] OR ""WGS""[Title] OR ""shotgun""[Title] OR ""mitochondrial""[Title] OR ""mitochondrion""[Title])"
AB107968.1,ST1,1770,0f86773798ddfff8824f3565e2f071ae,Cercopithecus aethiops,host_qualifier,Japan: Osaka,Unknown,Unknown,Unknown,medium,placement_medium (d=0.095),broad_query,2026-08-13T12:29:33.338201+00:00,"Blastocystis[Organism] AND (""18S""[All Fields] OR ""SSU""[All Fields] OR ""small subunit""[All Fields] OR ""18S ribosomal""[All Fields] OR ""SSU rRNA""[All Fields] OR ""ribosomal RNA""[All Fields] OR ""rRNA""[All Fields] OR ""rDNA""[All Fields]) NOT (""whole genome""[Title] OR ""complete genome""[Title] OR ""WGS""[Title] OR ""shotgun""[Title] OR ""mitochondrial""[Title] OR ""mitochondrion""[Title])"
AB107967.1,ST1,1770,6c48f62486b7e095754fa37d5f0777c9,Pongo pygmaeus,host_qualifier,Japan: Osaka,Unknown,Unknown,Unknown,high,placement_high (d=0.040),broad_query,2026-08-13T12:29:33.338201+00:00,"Blastocystis[Organism] AND (""18S""[All Fields] OR ""SSU""[All Fields] OR ""small subunit""[All Fields] OR ""18S ribosomal""[All Fields] OR ""SSU rRNA""[All Fields] OR ""ribosomal RNA""[All Fields] OR ""rRNA""[All Fields] OR ""rDNA""[All Fields]) NOT (""whole genome""[Title] OR ""complete genome""[Title] OR ""WGS""[Title] OR ""shotgun""[Title] OR ""mitochondrial""[Title] OR ""mitochondrion""[Title])"
AB107966.1,ST5,1784,b1b2f8f5258a06aee1662ffd4f3e2ab7,Bos taurus,isolation_source,Japan: Osaka,Unknown,Cattle,Unknown,high,placement_high (d=0.021),broad_query,2026-08-13T12:29:33.338201+00:00,"Blastocystis[Organism] AND (""18S""[All Fields] OR ""SSU""[All Fields] OR ""small subunit""[All Fields] OR ""18S ribosomal""[All Fields] OR ""SSU rRNA""[All Fields] OR ""ribosomal RNA""[All Fields] OR ""rRNA""[All Fields] OR ""rDNA""[All Fields]) NOT (""whole genome""[Title] OR ""complete genome""[Title] OR ""WGS""[Title] OR ""shotgun""[Title] OR ""mitochondrial""[Title] OR ""mitochondrion""[Title])"
AB107965.1,ST3,1769,d93f01ed162d6422fb360ab03c30dc61,Bos taurus,isolation_source,Japan: Osaka,Unknown,Cattle,Unknown,high,placement_high (d=0.018),broad_query,2026-08-13T12:29:33.338201+00:00,"Blastocystis[Organism] AND (""18S""[All Fields] OR ""SSU""[All Fields] OR ""small subunit""[All Fields] OR ""18S ribosomal""[All Fields] OR ""SSU rRNA""[All Fields] OR ""ribosomal RNA""[All Fields] OR ""rRNA""[All Fields] OR ""rDNA""[All Fields]) NOT (""whole genome""[Title] OR ""complete genome""[Title] OR ""WGS""[Title] OR ""shotgun""[Title] OR ""mitochondrial""[Title] OR ""mitochondrion""[Title])"
AB107964.1,ST5,1784,d3ef96771c77b80986b7c4f830593b35,Sus scrofa,isolation_source,Japan: Osaka,Unknown,Pig,Unknown,high,placement_high (d=0.012),broad_query,2026-08-13T12:29:33.338201+00:00,"Blastocystis[Organism] AND (""18S""[All Fields] OR ""SSU""[All Fields] OR ""small subunit""[All Fields] OR ""18S ribosomal""[All Fields] OR ""SSU rRNA""[All Fields] OR ""ribosomal RNA""[All Fields] OR ""rRNA""[All Fields] OR ""rDNA""[All Fields]) NOT (""whole genome""[Title] OR ""complete genome""[Title] OR ""WGS""[Title] OR ""shotgun""[Title] OR ""mitochondrial""[Title] OR ""mitochondrion""[Title])"
AB107963.1,ST3,1769,1a9c5918d5697c789a5e0c3f2f373ccb,Sus scrofa,isolation_source,Japan: Osaka,Unknown,Pig,Unknown,high,placement_high (d=0.009),broad_query,2026-08-13T12:29:33.338201+00:00,"Blastocystis[Organism] AND (""18S""[All Fields] OR ""SSU""[All Fields] OR ""small subunit""[All Fields] OR ""18S ribosomal""[All Fields] OR ""SSU rRNA""[All Fields] OR ""ribosomal RNA""[All Fields] OR ""rRNA""[All Fields] OR ""rDNA""[All Fields]) NOT (""whole genome""[Title] OR ""complete genome""[Title] OR ""WGS""[Title] OR ""shotgun""[Title] OR ""mitochondrial""[Title] OR ""mitochondrion""[Title])"
AB107962.1,ST1,1770,1fbd24ba488dc055d4ca4bf077b58fdf,Homo sapiens,host_qualifier,Japan: Osaka,Unknown,Unknown,Unknown,high,placement_high (d=0.050),broad_query,2026-08-13T12:29:33.338201+00:00,"Blastocystis[Organism] AND (""18S""[All Fields] OR ""SSU""[All Fields] OR ""small subunit""[All Fields] OR ""18S ribosomal""[All Fields] OR ""SSU rRNA""[All Fields] OR ""ribosomal RNA""[All Fields] OR ""rRNA""[All Fields] OR ""rDNA""[All Fields]) NOT (""whole genome""[Title] OR ""complete genome""[Title] OR ""WGS""[Title] OR ""shotgun""[Title] OR ""mitochondrial""[Title] OR ""mitochondrion""[Title])"
AB107961.1,ST1,1770,145d1685c031bcad43b478ade97d0118,Sus scrofa,isolation_source,Japan: Osaka,Unknown,Pig,Unknown,medium,placement_medium (d=0.084),broad_query,2026-08-13T12:29:33.338201+00:00,"Blastocystis[Organism] AND (""18S""[All Fields] OR ""SSU""[All Fields] OR ""small subunit""[All Fields] OR ""18S ribosomal""[All Fields] OR ""SSU rRNA""[All Fields] OR ""ribosomal RNA""[All Fields] OR ""rRNA""[All Fields] OR ""rDNA""[All Fields]) NOT (""whole genome""[Title] OR ""complete genome""[Title] OR ""WGS""[Title] OR ""shotgun""[Title] OR ""mitochondrial""[Title] OR ""mitochondrion""[Title])"
KT438718.1,ST35,1947,7ac1bcc14600b1d943e98f2d751fcc3f,Boa constrictor,isolation_source,Japan,24-May-2012,Boa constrictor,Sanger,low,"placement_low (nearest=ST35 d=0.597; top5=['ST35', 'ST36', 'ST5', 'ST5', 'ST5'])",broad_query,2026-08-13T12:29:33.338201+00:00,"Blastocystis[Organism] AND (""18S""[All Fields] OR ""SSU""[All Fields] OR ""small subunit""[All Fields] OR ""18S ribosomal""[All Fields] OR ""SSU rRNA""[All Fields] OR ""ribosomal RNA""[All Fields] OR ""rRNA""[All Fields] OR ""rDNA""[All Fields]) NOT (""whole genome""[Title] OR ""complete genome""[Title] OR ""WGS""[Title] OR ""shotgun""[Title] OR ""mitochondrial""[Title] OR ""mitochondrion""[Title])"
KT438717.1,ST35,1978,513d30caa46f00c0369065665618aac6,Morelia viridis,isolation_source,Japan,16-Jan-2013,Morelia viridis,Sanger,low,"placement_low (nearest=ST35 d=0.592; top5=['ST35', 'ST36', 'ST5', 'ST5', 'ST5'])",broad_query,2026-08-13T12:29:33.338201+00:00,"Blastocystis[Organism] AND (""18S""[All Fields] OR ""SSU""[All Fields] OR ""small subunit""[All Fields] OR ""18S ribosomal""[All Fields] OR ""SSU rRNA""[All Fields] OR ""ribosomal RNA""[All Fields] OR ""rRNA""[All Fields] OR ""rDNA""[All Fields]) NOT (""whole genome""[Title] OR ""complete genome""[Title] OR ""WGS""[Title] OR ""shotgun""[Title] OR ""mitochondrial""[Title] OR ""mitochondrion""[Title])"
KT438716.1,ST35,1947,742428898249e150976d49276ea73c83,Morelia viridis,isolation_source,Japan,15-Sep-2013,Morelia viridis,Sanger,low,"placement_low (nearest=ST35 d=0.596; top5=['ST35', 'ST36', 'ST5', 'ST5', 'ST38'])",broad_query,2026-08-13T12:29:33.338201+00:00,"Blastocystis[Organism] AND (""18S""[All Fields] OR ""SSU""[All Fields] OR ""small subunit""[All Fields] OR ""18S ribosomal""[All Fields] OR ""SSU rRNA""[All Fields] OR ""ribosomal RNA""[All Fields] OR ""rRNA""[All Fields] OR ""rDNA""[All Fields]) NOT (""whole genome""[Title] OR ""complete genome""[Title] OR ""WGS""[Title] OR ""shotgun""[Title] OR ""mitochondrial""[Title] OR ""mitochondrion""[Title])"
KT438703.1,ST9,1741,a3029ae8f9ed68c57b0dede3f4743427,Homo sapiens,host_qualifier,Japan,06-Jun-2005,Unknown,Sanger,medium,placement_medium (d=0.115),broad_query,2026-08-13T12:29:33.338201+00:00,"Blastocystis[Organism] AND (""18S""[All Fields] OR ""SSU""[All Fields] OR ""small subunit""[All Fields] OR ""18S ribosomal""[All Fields] OR ""SSU rRNA""[All Fields] OR ""ribosomal RNA""[All Fields] OR ""rRNA""[All Fields] OR ""rDNA""[All Fields]) NOT (""whole genome""[Title] OR ""complete genome""[Title] OR ""WGS""[Title] OR ""shotgun""[Title] OR ""mitochondrial""[Title] OR ""mitochondrion""[Title])"
KR262953.1,ST2,1024,efe179a764b0e405d2d02feeb13dedd6,long-tailed macaque,host_qualifier,China,01-Apr-2015,Unknown,Sanger,low,"placement_low (nearest=ST2 d=0.330; top5=['ST2', 'ST1', 'ST1', 'ST1', 'ST1'])",broad_query,2026-08-13T12:29:33.338201+00:00,"Blastocystis[Organism] AND (""18S""[All Fields] OR ""SSU""[All Fields] OR ""small subunit""[All Fields] OR ""18S ribosomal""[All Fields] OR ""SSU rRNA""[All Fields] OR ""ribosomal RNA""[All Fields] OR ""rRNA""[All Fields] OR ""rDNA""[All Fields]) NOT (""whole genome""[Title] OR ""complete genome""[Title] OR ""WGS""[Title] OR ""shotgun""[Title] OR ""mitochondrial""[Title] OR ""mitochondrion""[Title])"
KR262952.1,ST1,1023,989193d8a8a173ef15771f703c833638,long-tailed macaque,host_qualifier,China,01-Apr-2015,Unknown,Sanger,low,placement_low (d=0.159),broad_query,2026-08-13T12:29:33.338201+00:00,"Blastocystis[Organism] AND (""18S""[All Fields] OR ""SSU""[All Fields] OR ""small subunit""[All Fields] OR ""18S ribosomal""[All Fields] OR ""SSU rRNA""[All Fields] OR ""ribosomal RNA""[All Fields] OR ""rRNA""[All Fields] OR ""rDNA""[All Fields]) NOT (""whole genome""[Title] OR ""complete genome""[Title] OR ""WGS""[Title] OR ""shotgun""[Title] OR ""mitochondrial""[Title] OR ""mitochondrion""[Title])"
KR262951.1,ST1,1023,ae17cd855346229534bca3a3b3d85afa,long-tailed macaque,host_qualifier,China,01-Apr-2015,Unknown,Sanger,medium,placement_medium (d=0.142),broad_query,2026-08-13T12:29:33.338201+00:00,"Blastocystis[Organism] AND (""18S""[All Fields] OR ""SSU""[All Fields] OR ""small subunit""[All Fields] OR ""18S ribosomal""[All Fields] OR ""SSU rRNA""[All Fields] OR ""ribosomal RNA""[All Fields] OR ""rRNA""[All Fields] OR ""rDNA""[All Fields]) NOT (""whole genome""[Title] OR ""complete genome""[Title] OR ""WGS""[Title] OR ""shotgun""[Title] OR ""mitochondrial""[Title] OR ""mitochondrion""[Title])"
KR262950.1,ST2,1015,2e2b663e6eac06e7fa20b2d436903389,long-tailed macaque,host_qualifier,China,01-Apr-2015,Unknown,Sanger,high,placement_high (d=0.070),broad_query,2026-08-13T12:29:33.338201+00:00,"Blastocystis[Organism] AND (""18S""[All Fields] OR ""SSU""[All Fields] OR ""small subunit""[All Fields] OR ""18S ribosomal""[All Fields] OR ""SSU rRNA""[All Fields] OR ""ribosomal RNA""[All Fields] OR ""rRNA""[All Fields] OR ""rDNA""[All Fields]) NOT (""whole genome""[Title] OR ""complete genome""[Title] OR ""WGS""[Title] OR ""shotgun""[Title] OR ""mitochondrial""[Title] OR ""mitochondrion""[Title])"
KR262949.1,ST2,1021,b8b17c592e55130063fe97ae575dbde1,long-tailed macaque,host_qualifier,China,01-Apr-2015,Unknown,Sanger,high,placement_high (d=0.061),broad_query,2026-08-13T12:29:33.338201+00:00,"Blastocystis[Organism] AND (""18S""[All Fields] OR ""SSU""[All Fields] OR ""small subunit""[All Fields] OR ""18S ribosomal""[All Fields] OR ""SSU rRNA""[All Fields] OR ""ribosomal RNA""[All Fields] OR ""rRNA""[All Fields] OR ""rDNA""[All Fields]) NOT (""whole genome""[Title] OR ""complete genome""[Title] OR ""WGS""[Title] OR ""shotgun""[Title] OR ""mitochondrial""[Title] OR ""mitochondrion""[Title])"
KR262948.1,ST1,1023,36107f952eb445cfb17b9e5dc8164542,long-tailed macaque,host_qualifier,China,01-Apr-2015,Unknown,Sanger,low,placement_low (d=0.151),broad_query,2026-08-13T12:29:33.338201+00:00,"Blastocystis[Organism] AND (""18S""[All Fields] OR ""SSU""[All Fields] OR ""small subunit""[All Fields] OR ""18S ribosomal""[All Fields] OR ""SSU rRNA""[All Fields] OR ""ribosomal RNA""[All Fields] OR ""rRNA""[All Fields] OR ""rDNA""[All Fields]) NOT (""whole genome""[Title] OR ""complete genome""[Title] OR ""WGS""[Title] OR ""shotgun""[Title] OR ""mitochondrial""[Title] OR ""mitochondrion""[Title])"
KR262947.1,ST2,1023,d4a19f31c98275c6b81c94114d7b097d,long-tailed macaque,host_qualifier,China,01-Apr-2015,Unknown,Sanger,medium,placement_medium (d=0.116),broad_query,2026-08-13T12:29:33.338201+00:00,"Blastocystis[Organism] AND (""18S""[All Fields] OR ""SSU""[All Fields] OR ""small subunit""[All Fields] OR ""18S ribosomal""[All Fields] OR ""SSU rRNA""[All Fields] OR ""ribosomal RNA""[All Fields] OR ""rRNA""[All Fields] OR ""rDNA""[All Fields]) NOT (""whole genome""[Title] OR ""complete genome""[Title] OR ""WGS""[Title] OR ""shotgun""[Title] OR ""mitochondrial""[Title] OR ""mitochondrion""[Title])"
KR262946.1,ST2,1022,c86edce2e2b6c80a88551971ecbb3871,long-tailed macaque,host_qualifier,China,01-Apr-2015,Unknown,Sanger,low,"placement_low (nearest=ST2 d=0.319; top5=['ST2', 'ST1', 'ST1', 'ST1', 'ST1'])",broad_query,2026-08-13T12:29:33.338201+00:00,"Blastocystis[Organism] AND (""18S""[All Fields] OR ""SSU""[All Fields] OR ""small subunit""[All Fields] OR ""18S ribosomal""[All Fields] OR ""SSU rRNA""[All Fields] OR ""ribosomal RNA""[All Fields] OR ""rRNA""[All Fields] OR ""rDNA""[All Fields]) NOT (""whole genome""[Title] OR ""complete genome""[Title] OR ""WGS""[Title] OR ""shotgun""[Title] OR ""mitochondrial""[Title] OR ""mitochondrion""[Title])"
KR262944.1,ST2,1023,61d0a76b98cee3f12ead41a70d0816b2,long-tailed macaque,host_qualifier,China,01-Apr-2015,Unknown,Sanger,medium,placement_medium (d=0.096),broad_query,2026-08-13T12:29:33.338201+00:00,"Blastocystis[Organism] AND (""18S""[All Fields] OR ""SSU""[All Fields] OR ""small subunit""[All Fields] OR ""18S ribosomal""[All Fields] OR ""SSU rRNA""[All Fields] OR ""ribosomal RNA""[All Fields] OR ""rRNA""[All Fields] OR ""rDNA""[All Fields]) NOT (""whole genome""[Title] OR ""complete genome""[Title] OR ""WGS""[Title] OR ""shotgun""[Title] OR ""mitochondrial""[Title] OR ""mitochondrion""[Title])"
KR262943.1,ST1,1023,ba74c574f03c58f195279770c6aa63d8,long-tailed macaque,host_qualifier,China,01-Apr-2015,Unknown,Sanger,low,placement_low (d=0.156),broad_query,2026-08-13T12:29:33.338201+00:00,"Blastocystis[Organism] AND (""18S""[All Fields] OR ""SSU""[All Fields] OR ""small subunit""[All Fields] OR ""18S ribosomal""[All Fields] OR ""SSU rRNA""[All Fields] OR ""ribosomal RNA""[All Fields] OR ""rRNA""[All Fields] OR ""rDNA""[All Fields]) NOT (""whole genome""[Title] OR ""complete genome""[Title] OR ""WGS""[Title] OR ""shotgun""[Title] OR ""mitochondrial""[Title] OR ""mitochondrion""[Title])"
KR262942.1,ST2,1023,93f70667bf7bfb32c974fdf03f821670,long-tailed macaque,host_qualifier,China,01-Apr-2015,Unknown,Sanger,high,placement_high (d=0.059),broad_query,2026-08-13T12:29:33.338201+00:00,"Blastocystis[Organism] AND (""18S""[All Fields] OR ""SSU""[All Fields] OR ""small subunit""[All Fields] OR ""18S ribosomal""[All Fields] OR ""SSU rRNA""[All Fields] OR ""ribosomal RNA""[All Fields] OR ""rRNA""[All Fields] OR ""rDNA""[All Fields]) NOT (""whole genome""[Title] OR ""complete genome""[Title] OR ""WGS""[Title] OR ""shotgun""[Title] OR ""mitochondrial""[Title] OR ""mitochondrion""[Title])"
KR262941.1,ST1,1023,1b52db4b7abcf041fc15dd502fa37229,long-tailed macaque,host_qualifier,China,01-Apr-2015,Unknown,Sanger,medium,placement_medium (d=0.107),broad_query,2026-08-13T12:29:33.338201+00:00,"Blastocystis[Organism] AND (""18S""[All Fields] OR ""SSU""[All Fields] OR ""small subunit""[All Fields] OR ""18S ribosomal""[All Fields] OR ""SSU rRNA""[All Fields] OR ""ribosomal RNA""[All Fields] OR ""rRNA""[All Fields] OR ""rDNA""[All Fields]) NOT (""whole genome""[Title] OR ""complete genome""[Title] OR ""WGS""[Title] OR ""shotgun""[Title] OR ""mitochondrial""[Title] OR ""mitochondrion""[Title])"
KR262940.1,ST2,1023,021d667ccb9c54707e94eb64b08860a4,long-tailed macaque,host_qualifier,China,01-Apr-2015,Unknown,Sanger,low,"placement_low (nearest=ST2 d=0.381; top5=['ST2', 'ST1', 'ST1', 'ST1', 'ST1'])",broad_query,2026-08-13T12:29:33.338201+00:00,"Blastocystis[Organism] AND (""18S""[All Fields] OR ""SSU""[All Fields] OR ""small subunit""[All Fields] OR ""18S ribosomal""[All Fields] OR ""SSU rRNA""[All Fields] OR ""ribosomal RNA""[All Fields] OR ""rRNA""[All Fields] OR ""rDNA""[All Fields]) NOT (""whole genome""[Title] OR ""complete genome""[Title] OR ""WGS""[Title] OR ""shotgun""[Title] OR ""mitochondrial""[Title] OR ""mitochondrion""[Title])"
KR262939.1,ST1,1025,7143536cac1c7f740f0f976ec1582187,long-tailed macaque,host_qualifier,China,01-Apr-2015,Unknown,Sanger,low,placement_low (d=0.231),broad_query,2026-08-13T12:29:33.338201+00:00,"Blastocystis[Organism] AND (""18S""[All Fields] OR ""SSU""[All Fields] OR ""small subunit""[All Fields] OR ""18S ribosomal""[All Fields] OR ""SSU rRNA""[All Fields] OR ""ribosomal RNA""[All Fields] OR ""rRNA""[All Fields] OR ""rDNA""[All Fields]) NOT (""whole genome""[Title] OR ""complete genome""[Title] OR ""WGS""[Title] OR ""shotgun""[Title] OR ""mitochondrial""[Title] OR ""mitochondrion""[Title])"
KR262938.1,ST2,1022,a82068426b09d714e7df023463751ff4,long-tailed macaque,host_qualifier,China,01-Apr-2015,Unknown,Sanger,high,placement_high (d=0.050),broad_query,2026-08-13T12:29:33.338201+00:00,"Blastocystis[Organism] AND (""18S""[All Fields] OR ""SSU""[All Fields] OR ""small subunit""[All Fields] OR ""18S ribosomal""[All Fields] OR ""SSU rRNA""[All Fields] OR ""ribosomal RNA""[All Fields] OR ""rRNA""[All Fields] OR ""rDNA""[All Fields]) NOT (""whole genome""[Title] OR ""complete genome""[Title] OR ""WGS""[Title] OR ""shotgun""[Title] OR ""mitochondrial""[Title] OR ""mitochondrion""[Title])"
KR262937.1,ST1,1023,34819c5211bf647a9cefe23cb34ce560,long-tailed macaque,host_qualifier,China,01-Apr-2015,Unknown,Sanger,high,placement_high (d=0.080),broad_query,2026-08-13T12:29:33.338201+00:00,"Blastocystis[Organism] AND (""18S""[All Fields] OR ""SSU""[All Fields] OR ""small subunit""[All Fields] OR ""18S ribosomal""[All Fields] OR ""SSU rRNA""[All Fields] OR ""ribosomal RNA""[All Fields] OR ""rRNA""[All Fields] OR ""rDNA""[All Fields]) NOT (""whole genome""[Title] OR ""complete genome""[Title] OR ""WGS""[Title] OR ""shotgun""[Title] OR ""mitochondrial""[Title] OR ""mitochondrion""[Title])"
KR262936.1,ST1,1023,9637f3657142b0542ff85a35ce5531d0,long-tailed macaque,host_qualifier,China,01-Apr-2015,Unknown,Sanger,medium,placement_medium (d=0.098),broad_query,2026-08-13T12:29:33.338201+00:00,"Blastocystis[Organism] AND (""18S""[All Fields] OR ""SSU""[All Fields] OR ""small subunit""[All Fields] OR ""18S ribosomal""[All Fields] OR ""SSU rRNA""[All Fields] OR ""ribosomal RNA""[All Fields] OR ""rRNA""[All Fields] OR ""rDNA""[All Fields]) NOT (""whole genome""[Title] OR ""complete genome""[Title] OR ""WGS""[Title] OR ""shotgun""[Title] OR ""mitochondrial""[Title] OR ""mitochondrion""[Title])"
KR262935.1,ST1,1023,e871b75aabf772f540e2fb7779129866,long-tailed macaque,host_qualifier,China,01-Apr-2015,Unknown,Sanger,medium,placement_medium (d=0.106),broad_query,2026-08-13T12:29:33.338201+00:00,"Blastocystis[Organism] AND (""18S""[All Fields] OR ""SSU""[All Fields] OR ""small subunit""[All Fields] OR ""18S ribosomal""[All Fields] OR ""SSU rRNA""[All Fields] OR ""ribosomal RNA""[All Fields] OR ""rRNA""[All Fields] OR ""rDNA""[All Fields]) NOT (""whole genome""[Title] OR ""complete genome""[Title] OR ""WGS""[Title] OR ""shotgun""[Title] OR ""mitochondrial""[Title] OR ""mitochondrion""[Title])"
KR262934.1,ST1,1023,b9f7fbab7e9e0b869bde306ce217e0ae,long-tailed macaque,host_qualifier,China,01-Apr-2015,Unknown,Sanger,low,placement_low (d=0.225),broad_query,2026-08-13T12:29:33.338201+00:00,"Blastocystis[Organism] AND (""18S""[All Fields] OR ""SSU""[All Fields] OR ""small subunit""[All Fields] OR ""18S ribosomal""[All Fields] OR ""SSU rRNA""[All Fields] OR ""ribosomal RNA""[All Fields] OR ""rRNA""[All Fields] OR ""rDNA""[All Fields]) NOT (""whole genome""[Title] OR ""complete genome""[Title] OR ""WGS""[Title] OR ""shotgun""[Title] OR ""mitochondrial""[Title] OR ""mitochondrion""[Title])"
KR262933.1,ST2,1022,705fd240efb17437c6017ff520a65b2c,long-tailed macaque,host_qualifier,China,01-Apr-2015,Unknown,Sanger,medium,placement_medium (d=0.114),broad_query,2026-08-13T12:29:33.338201+00:00,"Blastocystis[Organism] AND (""18S""[All Fields] OR ""SSU""[All Fields] OR ""small subunit""[All Fields] OR ""18S ribosomal""[All Fields] OR ""SSU rRNA""[All Fields] OR ""ribosomal RNA""[All Fields] OR ""rRNA""[All Fields] OR ""rDNA""[All Fields]) NOT (""whole genome""[Title] OR ""complete genome""[Title] OR ""WGS""[Title] OR ""shotgun""[Title] OR ""mitochondrial""[Title] OR ""mitochondrion""[Title])"
KR262932.1,ST1,1023,207d42dcd109c3c0a61d606c003c019e,long-tailed macaque,host_qualifier,China,01-Apr-2015,Unknown,Sanger,low,placement_low (d=0.222),broad_query,2026-08-13T12:29:33.338201+00:00,"Blastocystis[Organism] AND (""18S""[All Fields] OR ""SSU""[All Fields] OR ""small subunit""[All Fields] OR ""18S ribosomal""[All Fields] OR ""SSU rRNA""[All Fields] OR ""ribosomal RNA""[All Fields] OR ""rRNA""[All Fields] OR ""rDNA""[All Fields]) NOT (""whole genome""[Title] OR ""complete genome""[Title] OR ""WGS""[Title] OR ""shotgun""[Title] OR ""mitochondrial""[Title] OR ""mitochondrion""[Title])"
KR262931.1,ST1,1023,ad6a0f7f3fba0155f28e18f38cfc87b0,long-tailed macaque,host_qualifier,China,01-Apr-2015,Unknown,Sanger,medium,placement_medium (d=0.089),broad_query,2026-08-13T12:29:33.338201+00:00,"Blastocystis[Organism] AND (""18S""[All Fields] OR ""SSU""[All Fields] OR ""small subunit""[All Fields] OR ""18S ribosomal""[All Fields] OR ""SSU rRNA""[All Fields] OR ""ribosomal RNA""[All Fields] OR ""rRNA""[All Fields] OR ""rDNA""[All Fields]) NOT (""whole genome""[Title] OR ""complete genome""[Title] OR ""WGS""[Title] OR ""shotgun""[Title] OR ""mitochondrial""[Title] OR ""mitochondrion""[Title])"
KR262930.1,ST1,1023,afa6873ef148e11d6d67c625cd32beee,long-tailed macaque,host_qualifier,China,01-Apr-2015,Unknown,Sanger,medium,placement_medium (d=0.091),broad_query,2026-08-13T12:29:33.338201+00:00,"Blastocystis[Organism] AND (""18S""[All Fields] OR ""SSU""[All Fields] OR ""small subunit""[All Fields] OR ""18S ribosomal""[All Fields] OR ""SSU rRNA""[All Fields] OR ""ribosomal RNA""[All Fields] OR ""rRNA""[All Fields] OR ""rDNA""[All Fields]) NOT (""whole genome""[Title] OR ""complete genome""[Title] OR ""WGS""[Title] OR ""shotgun""[Title] OR ""mitochondrial""[Title] OR ""mitochondrion""[Title])"
KR262929.1,ST1,1023,6530fe1b11e4ad66b6bcda88ddf4b0a4,long-tailed macaque,host_qualifier,China,01-Apr-2015,Unknown,Sanger,medium,placement_medium (d=0.121),broad_query,2026-08-13T12:29:33.338201+00:00,"Blastocystis[Organism] AND (""18S""[All Fields] OR ""SSU""[All Fields] OR ""small subunit""[All Fields] OR ""18S ribosomal""[All Fields] OR ""SSU rRNA""[All Fields] OR ""ribosomal RNA""[All Fields] OR ""rRNA""[All Fields] OR ""rDNA""[All Fields]) NOT (""whole genome""[Title] OR ""complete genome""[Title] OR ""WGS""[Title] OR ""shotgun""[Title] OR ""mitochondrial""[Title] OR ""mitochondrion""[Title])"
KR262928.1,ST1,1023,ffe4624696600236ef509567876418e7,long-tailed macaque,host_qualifier,China,01-Apr-2015,Unknown,Sanger,medium,placement_medium (d=0.106),broad_query,2026-08-13T12:29:33.338201+00:00,"Blastocystis[Organism] AND (""18S""[All Fields] OR ""SSU""[All Fields] OR ""small subunit""[All Fields] OR ""18S ribosomal""[All Fields] OR ""SSU rRNA""[All Fields] OR ""ribosomal RNA""[All Fields] OR ""rRNA""[All Fields] OR ""rDNA""[All Fields]) NOT (""whole genome""[Title] OR ""complete genome""[Title] OR ""WGS""[Title] OR ""shotgun""[Title] OR ""mitochondrial""[Title] OR ""mitochondrion""[Title])"
KR262927.1,ST1,1021,0f70e6b9be44517b15241cfcc0839852,long-tailed macaque,host_qualifier,China,01-Apr-2015,Unknown,Sanger,low,placement_low (d=0.224),broad_query,2026-08-13T12:29:33.338201+00:00,"Blastocystis[Organism] AND (""18S""[All Fields] OR ""SSU""[All Fields] OR ""small subunit""[All Fields] OR ""18S ribosomal""[All Fields] OR ""SSU rRNA""[All Fields] OR ""ribosomal RNA""[All Fields] OR ""rRNA""[All Fields] OR ""rDNA""[All Fields]) NOT (""whole genome""[Title] OR ""complete genome""[Title] OR ""WGS""[Title] OR ""shotgun""[Title] OR ""mitochondrial""[Title] OR ""mitochondrion""[Title])"
KR262926.1,ST1,1021,fcb945d1b9520e201ee8b0bfc39f1243,long-tailed macaque,host_qualifier,China,01-Apr-2015,Unknown,Sanger,low,placement_low (d=0.237),broad_query,2026-08-13T12:29:33.338201+00:00,"Blastocystis[Organism] AND (""18S""[All Fields] OR ""SSU""[All Fields] OR ""small subunit""[All Fields] OR ""18S ribosomal""[All Fields] OR ""SSU rRNA""[All Fields] OR ""ribosomal RNA""[All Fields] OR ""rRNA""[All Fields] OR ""rDNA""[All Fields]) NOT (""whole genome""[Title] OR ""complete genome""[Title] OR ""WGS""[Title] OR ""shotgun""[Title] OR ""mitochondrial""[Title] OR ""mitochondrion""[Title])"
KR262925.1,ST1,1023,c89c8326e8849b5787c6fc4bc1916c18,long-tailed macaque,host_qualifier,China,01-Apr-2015,Unknown,Sanger,medium,placement_medium (d=0.132),broad_query,2026-08-13T12:29:33.338201+00:00,"Blastocystis[Organism] AND (""18S""[All Fields] OR ""SSU""[All Fields] OR ""small subunit""[All Fields] OR ""18S ribosomal""[All Fields] OR ""SSU rRNA""[All Fields] OR ""ribosomal RNA""[All Fields] OR ""rRNA""[All Fields] OR ""rDNA""[All Fields]) NOT (""whole genome""[Title] OR ""complete genome""[Title] OR ""WGS""[Title] OR ""shotgun""[Title] OR ""mitochondrial""[Title] OR ""mitochondrion""[Title])"
KR262924.1,ST1,1023,5d7b983c5ca9065ecd84be0741e7975c,long-tailed macaque,host_qualifier,China,01-Apr-2015,Unknown,Sanger,medium,placement_medium (d=0.113),broad_query,2026-08-13T12:29:33.338201+00:00,"Blastocystis[Organism] AND (""18S""[All Fields] OR ""SSU""[All Fields] OR ""small subunit""[All Fields] OR ""18S ribosomal""[All Fields] OR ""SSU rRNA""[All Fields] OR ""ribosomal RNA""[All Fields] OR ""rRNA""[All Fields] OR ""rDNA""[All Fields]) NOT (""whole genome""[Title] OR ""complete genome""[Title] OR ""WGS""[Title] OR ""shotgun""[Title] OR ""mitochondrial""[Title] OR ""mitochondrion""[Title])"
KR262923.1,ST1,1023,6f2bbec9932021c7c896a19bafc5b84b,long-tailed macaque,host_qualifier,China,01-Apr-2015,Unknown,Sanger,medium,placement_medium (d=0.113),broad_query,2026-08-13T12:29:33.338201+00:00,"Blastocystis[Organism] AND (""18S""[All Fields] OR ""SSU""[All Fields] OR ""small subunit""[All Fields] OR ""18S ribosomal""[All Fields] OR ""SSU rRNA""[All Fields] OR ""ribosomal RNA""[All Fields] OR ""rRNA""[All Fields] OR ""rDNA""[All Fields]) NOT (""whole genome""[Title] OR ""complete genome""[Title] OR ""WGS""[Title] OR ""shotgun""[Title] OR ""mitochondrial""[Title] OR ""mitochondrion""[Title])"
KR262921.1,ST1,1022,2e80f9c5966de10fe1240c56cb7e9b17,long-tailed macaque,host_qualifier,China,01-Apr-2015,Unknown,Sanger,low,placement_low (d=0.171),broad_query,2026-08-13T12:29:33.338201+00:00,"Blastocystis[Organism] AND (""18S""[All Fields] OR ""SSU""[All Fields] OR ""small subunit""[All Fields] OR ""18S ribosomal""[All Fields] OR ""SSU rRNA""[All Fields] OR ""ribosomal RNA""[All Fields] OR ""rRNA""[All Fields] OR ""rDNA""[All Fields]) NOT (""whole genome""[Title] OR ""complete genome""[Title] OR ""WGS""[Title] OR ""shotgun""[Title] OR ""mitochondrial""[Title] OR ""mitochondrion""[Title])"
KR262920.1,ST1,1020,0304a0695ae6e5779de22db95c4786dd,long-tailed macaque,host_qualifier,China,01-Apr-2015,Unknown,Sanger,medium,placement_medium (d=0.102),broad_query,2026-08-13T12:29:33.338201+00:00,"Blastocystis[Organism] AND (""18S""[All Fields] OR ""SSU""[All Fields] OR ""small subunit""[All Fields] OR ""18S ribosomal""[All Fields] OR ""SSU rRNA""[All Fields] OR ""ribosomal RNA""[All Fields] OR ""rRNA""[All Fields] OR ""rDNA""[All Fields]) NOT (""whole genome""[Title] OR ""complete genome""[Title] OR ""WGS""[Title] OR ""shotgun""[Title] OR ""mitochondrial""[Title] OR ""mitochondrion""[Title])"
KR262919.1,ST1,1023,85f396584b124d2abf1d08631d508871,long-tailed macaque,host_qualifier,China,01-Apr-2015,Unknown,Sanger,low,placement_low (d=0.271),broad_query,2026-08-13T12:29:33.338201+00:00,"Blastocystis[Organism] AND (""18S""[All Fields] OR ""SSU""[All Fields] OR ""small subunit""[All Fields] OR ""18S ribosomal""[All Fields] OR ""SSU rRNA""[All Fields] OR ""ribosomal RNA""[All Fields] OR ""rRNA""[All Fields] OR ""rDNA""[All Fields]) NOT (""whole genome""[Title] OR ""complete genome""[Title] OR ""WGS""[Title] OR ""shotgun""[Title] OR ""mitochondrial""[Title] OR ""mitochondrion""[Title])"
KR262918.1,ST1,1023,49d5378759239cab64b54bb08e1029c9,long-tailed macaque,host_qualifier,China,01-Apr-2015,Unknown,Sanger,medium,placement_medium (d=0.111),broad_query,2026-08-13T12:29:33.338201+00:00,"Blastocystis[Organism] AND (""18S""[All Fields] OR ""SSU""[All Fields] OR ""small subunit""[All Fields] OR ""18S ribosomal""[All Fields] OR ""SSU rRNA""[All Fields] OR ""ribosomal RNA""[All Fields] OR ""rRNA""[All Fields] OR ""rDNA""[All Fields]) NOT (""whole genome""[Title] OR ""complete genome""[Title] OR ""WGS""[Title] OR ""shotgun""[Title] OR ""mitochondrial""[Title] OR ""mitochondrion""[Title])"
KR262915.1,ST1,1023,d56e73cde2a53b45c2645b2e4454f06e,long-tailed macaque,host_qualifier,China,01-Apr-2015,Unknown,Sanger,medium,placement_medium (d=0.130),broad_query,2026-08-13T12:29:33.338201+00:00,"Blastocystis[Organism] AND (""18S""[All Fields] OR ""SSU""[All Fields] OR ""small subunit""[All Fields] OR ""18S ribosomal""[All Fields] OR ""SSU rRNA""[All Fields] OR ""ribosomal RNA""[All Fields] OR ""rRNA""[All Fields] OR ""rDNA""[All Fields]) NOT (""whole genome""[Title] OR ""complete genome""[Title] OR ""WGS""[Title] OR ""shotgun""[Title] OR ""mitochondrial""[Title] OR ""mitochondrion""[Title])"
KR262914.1,ST1,1023,25230fbe19380161c5d19885743b45f2,long-tailed macaque,host_qualifier,China,01-Apr-2015,Unknown,Sanger,low,placement_low (d=0.201),broad_query,2026-08-13T12:29:33.338201+00:00,"Blastocystis[Organism] AND (""18S""[All Fields] OR ""SSU""[All Fields] OR ""small subunit""[All Fields] OR ""18S ribosomal""[All Fields] OR ""SSU rRNA""[All Fields] OR ""ribosomal RNA""[All Fields] OR ""rRNA""[All Fields] OR ""rDNA""[All Fields]) NOT (""whole genome""[Title] OR ""complete genome""[Title] OR ""WGS""[Title] OR ""shotgun""[Title] OR ""mitochondrial""[Title] OR ""mitochondrion""[Title])"
KR262913.1,ST1,1023,5434e7c2ac975fa731202660584173cc,long-tailed macaque,host_qualifier,China,01-Apr-2015,Unknown,Sanger,low,placement_low (d=0.159),broad_query,2026-08-13T12:29:33.338201+00:00,"Blastocystis[Organism] AND (""18S""[All Fields] OR ""SSU""[All Fields] OR ""small subunit""[All Fields] OR ""18S ribosomal""[All Fields] OR ""SSU rRNA""[All Fields] OR ""ribosomal RNA""[All Fields] OR ""rRNA""[All Fields] OR ""rDNA""[All Fields]) NOT (""whole genome""[Title] OR ""complete genome""[Title] OR ""WGS""[Title] OR ""shotgun""[Title] OR ""mitochondrial""[Title] OR ""mitochondrion""[Title])"
KR262912.1,ST1,1023,5d9b837d42866ee766f82b6866e1ef9b,long-tailed macaque,host_qualifier,China,01-Apr-2015,Unknown,Sanger,low,placement_low (d=0.156),broad_query,2026-08-13T12:29:33.338201+00:00,"Blastocystis[Organism] AND (""18S""[All Fields] OR ""SSU""[All Fields] OR ""small subunit""[All Fields] OR ""18S ribosomal""[All Fields] OR ""SSU rRNA""[All Fields] OR ""ribosomal RNA""[All Fields] OR ""rRNA""[All Fields] OR ""rDNA""[All Fields]) NOT (""whole genome""[Title] OR ""complete genome""[Title] OR ""WGS""[Title] OR ""shotgun""[Title] OR ""mitochondrial""[Title] OR ""mitochondrion""[Title])"
KR262911.1,ST1,1023,978c4e17cb7e8b2b78eb0d32414b63cb,long-tailed macaque,host_qualifier,China,01-Apr-2015,Unknown,Sanger,low,placement_low (d=0.170),broad_query,2026-08-13T12:29:33.338201+00:00,"Blastocystis[Organism] AND (""18S""[All Fields] OR ""SSU""[All Fields] OR ""small subunit""[All Fields] OR ""18S ribosomal""[All Fields] OR ""SSU rRNA""[All Fields] OR ""ribosomal RNA""[All Fields] OR ""rRNA""[All Fields] OR ""rDNA""[All Fields]) NOT (""whole genome""[Title] OR ""complete genome""[Title] OR ""WGS""[Title] OR ""shotgun""[Title] OR ""mitochondrial""[Title] OR ""mitochondrion""[Title])"
KR262909.1,ST1,1023,4ccd27028f425d3e4e196f8f085d1fd6,long-tailed macaque,host_qualifier,China,01-Apr-2015,Unknown,Sanger,low,placement_low (d=0.231),broad_query,2026-08-13T12:29:33.338201+00:00,"Blastocystis[Organism] AND (""18S""[All Fields] OR ""SSU""[All Fields] OR ""small subunit""[All Fields] OR ""18S ribosomal""[All Fields] OR ""SSU rRNA""[All Fields] OR ""ribosomal RNA""[All Fields] OR ""rRNA""[All Fields] OR ""rDNA""[All Fields]) NOT (""whole genome""[Title] OR ""complete genome""[Title] OR ""WGS""[Title] OR ""shotgun""[Title] OR ""mitochondrial""[Title] OR ""mitochondrion""[Title])"
KR262908.1,ST2,1022,bb09e464694d209e82be988cf697d8b2,long-tailed macaque,host_qualifier,China,01-Apr-2015,Unknown,Sanger,medium,placement_medium (d=0.088),broad_query,2026-08-13T12:29:33.338201+00:00,"Blastocystis[Organism] AND (""18S""[All Fields] OR ""SSU""[All Fields] OR ""small subunit""[All Fields] OR ""18S ribosomal""[All Fields] OR ""SSU rRNA""[All Fields] OR ""ribosomal RNA""[All Fields] OR ""rRNA""[All Fields] OR ""rDNA""[All Fields]) NOT (""whole genome""[Title] OR ""complete genome""[Title] OR ""WGS""[Title] OR ""shotgun""[Title] OR ""mitochondrial""[Title] OR ""mitochondrion""[Title])"
KR262907.1,ST1,1020,24c0f79b267c631975eb9a703fbd0494,long-tailed macaque,host_qualifier,China,01-Apr-2015,Unknown,Sanger,low,placement_low (d=0.167),broad_query,2026-08-13T12:29:33.338201+00:00,"Blastocystis[Organism] AND (""18S""[All Fields] OR ""SSU""[All Fields] OR ""small subunit""[All Fields] OR ""18S ribosomal""[All Fields] OR ""SSU rRNA""[All Fields] OR ""ribosomal RNA""[All Fields] OR ""rRNA""[All Fields] OR ""rDNA""[All Fields]) NOT (""whole genome""[Title] OR ""complete genome""[Title] OR ""WGS""[Title] OR ""shotgun""[Title] OR ""mitochondrial""[Title] OR ""mitochondrion""[Title])"
KR262906.1,ST2,1024,23959df0bc9cd745c935faea1a569843,long-tailed macaque,host_qualifier,China,01-Apr-2015,Unknown,Sanger,low,"placement_low (nearest=ST2 d=0.350; top5=['ST2', 'ST1', 'ST1', 'ST1', 'ST1'])",broad_query,2026-08-13T12:29:33.338201+00:00,"Blastocystis[Organism] AND (""18S""[All Fields] OR ""SSU""[All Fields] OR ""small subunit""[All Fields] OR ""18S ribosomal""[All Fields] OR ""SSU rRNA""[All Fields] OR ""ribosomal RNA""[All Fields] OR ""rRNA""[All Fields] OR ""rDNA""[All Fields]) NOT (""whole genome""[Title] OR ""complete genome""[Title] OR ""WGS""[Title] OR ""shotgun""[Title] OR ""mitochondrial""[Title] OR ""mitochondrion""[Title])"
KR262905.1,ST2,1023,8d6d51f5f7e7e71adce0de635e0f7508,long-tailed macaque,host_qualifier,China,01-Apr-2015,Unknown,Sanger,high,placement_high (d=0.064),broad_query,2026-08-13T12:29:33.338201+00:00,"Blastocystis[Organism] AND (""18S""[All Fields] OR ""SSU""[All Fields] OR ""small subunit""[All Fields] OR ""18S ribosomal""[All Fields] OR ""SSU rRNA""[All Fields] OR ""ribosomal RNA""[All Fields] OR ""rRNA""[All Fields] OR ""rDNA""[All Fields]) NOT (""whole genome""[Title] OR ""complete genome""[Title] OR ""WGS""[Title] OR ""shotgun""[Title] OR ""mitochondrial""[Title] OR ""mitochondrion""[Title])"
KR262904.1,ST1,1023,8a1ce665688457aa38ddaf6c474948ab,long-tailed macaque,host_qualifier,China,01-Apr-2015,Unknown,Sanger,medium,placement_medium (d=0.129),broad_query,2026-08-13T12:29:33.338201+00:00,"Blastocystis[Organism] AND (""18S""[All Fields] OR ""SSU""[All Fields] OR ""small subunit""[All Fields] OR ""18S ribosomal""[All Fields] OR ""SSU rRNA""[All Fields] OR ""ribosomal RNA""[All Fields] OR ""rRNA""[All Fields] OR ""rDNA""[All Fields]) NOT (""whole genome""[Title] OR ""complete genome""[Title] OR ""WGS""[Title] OR ""shotgun""[Title] OR ""mitochondrial""[Title] OR ""mitochondrion""[Title])"
KR262902.1,ST1,1022,5a87628bcff3b9b3e283fcd668e4cd94,long-tailed macaque,host_qualifier,China,01-Apr-2015,Unknown,Sanger,medium,placement_medium (d=0.149),broad_query,2026-08-13T12:29:33.338201+00:00,"Blastocystis[Organism] AND (""18S""[All Fields] OR ""SSU""[All Fields] OR ""small subunit""[All Fields] OR ""18S ribosomal""[All Fields] OR ""SSU rRNA""[All Fields] OR ""ribosomal RNA""[All Fields] OR ""rRNA""[All Fields] OR ""rDNA""[All Fields]) NOT (""whole genome""[Title] OR ""complete genome""[Title] OR ""WGS""[Title] OR ""shotgun""[Title] OR ""mitochondrial""[Title] OR ""mitochondrion""[Title])"
KR262901.1,ST1,1022,e7e2b4cbba024861f23d66e30572ef28,long-tailed macaque,host_qualifier,China,01-Apr-2015,Unknown,Sanger,low,placement_low (d=0.178),broad_query,2026-08-13T12:29:33.338201+00:00,"Blastocystis[Organism] AND (""18S""[All Fields] OR ""SSU""[All Fields] OR ""small subunit""[All Fields] OR ""18S ribosomal""[All Fields] OR ""SSU rRNA""[All Fields] OR ""ribosomal RNA""[All Fields] OR ""rRNA""[All Fields] OR ""rDNA""[All Fields]) NOT (""whole genome""[Title] OR ""complete genome""[Title] OR ""WGS""[Title] OR ""shotgun""[Title] OR ""mitochondrial""[Title] OR ""mitochondrion""[Title])"
KR262900.1,ST1,1023,e97385723cbe1215712f95f27520b43b,long-tailed macaque,host_qualifier,China,01-Apr-2015,Unknown,Sanger,medium,placement_medium (d=0.096),broad_query,2026-08-13T12:29:33.338201+00:00,"Blastocystis[Organism] AND (""18S""[All Fields] OR ""SSU""[All Fields] OR ""small subunit""[All Fields] OR ""18S ribosomal""[All Fields] OR ""SSU rRNA""[All Fields] OR ""ribosomal RNA""[All Fields] OR ""rRNA""[All Fields] OR ""rDNA""[All Fields]) NOT (""whole genome""[Title] OR ""complete genome""[Title] OR ""WGS""[Title] OR ""shotgun""[Title] OR ""mitochondrial""[Title] OR ""mitochondrion""[Title])"
KR262899.1,ST1,1023,3d04a7a7281f6a1eae1dfab1e61c0aaa,long-tailed macaque,host_qualifier,China,01-Apr-2015,Unknown,Sanger,medium,placement_medium (d=0.093),broad_query,2026-08-13T12:29:33.338201+00:00,"Blastocystis[Organism] AND (""18S""[All Fields] OR ""SSU""[All Fields] OR ""small subunit""[All Fields] OR ""18S ribosomal""[All Fields] OR ""SSU rRNA""[All Fields] OR ""ribosomal RNA""[All Fields] OR ""rRNA""[All Fields] OR ""rDNA""[All Fields]) NOT (""whole genome""[Title] OR ""complete genome""[Title] OR ""WGS""[Title] OR ""shotgun""[Title] OR ""mitochondrial""[Title] OR ""mitochondrion""[Title])"
KR262898.1,ST1,1023,f5dcac8b4a069aa4413db1ef3c230675,long-tailed macaque,host_qualifier,China,01-Apr-2015,Unknown,Sanger,low,placement_low (d=0.175),broad_query,2026-08-13T12:29:33.338201+00:00,"Blastocystis[Organism] AND (""18S""[All Fields] OR ""SSU""[All Fields] OR ""small subunit""[All Fields] OR ""18S ribosomal""[All Fields] OR ""SSU rRNA""[All Fields] OR ""ribosomal RNA""[All Fields] OR ""rRNA""[All Fields] OR ""rDNA""[All Fields]) NOT (""whole genome""[Title] OR ""complete genome""[Title] OR ""WGS""[Title] OR ""shotgun""[Title] OR ""mitochondrial""[Title] OR ""mitochondrion""[Title])"
KR262897.1,ST1,1022,a9b535ddcfa584e5fbc44e5c5d14fa8b,long-tailed macaque,host_qualifier,China,01-Apr-2015,Unknown,Sanger,low,placement_low (d=0.268),broad_query,2026-08-13T12:29:33.338201+00:00,"Blastocystis[Organism] AND (""18S""[All Fields] OR ""SSU""[All Fields] OR ""small subunit""[All Fields] OR ""18S ribosomal""[All Fields] OR ""SSU rRNA""[All Fields] OR ""ribosomal RNA""[All Fields] OR ""rRNA""[All Fields] OR ""rDNA""[All Fields]) NOT (""whole genome""[Title] OR ""complete genome""[Title] OR ""WGS""[Title] OR ""shotgun""[Title] OR ""mitochondrial""[Title] OR ""mitochondrion""[Title])"
KR262896.1,ST1,1023,875552c0925993329d687995fefe8246,long-tailed macaque,host_qualifier,China,01-Apr-2015,Unknown,Sanger,medium,placement_medium (d=0.123),broad_query,2026-08-13T12:29:33.338201+00:00,"Blastocystis[Organism] AND (""18S""[All Fields] OR ""SSU""[All Fields] OR ""small subunit""[All Fields] OR ""18S ribosomal""[All Fields] OR ""SSU rRNA""[All Fields] OR ""ribosomal RNA""[All Fields] OR ""rRNA""[All Fields] OR ""rDNA""[All Fields]) NOT (""whole genome""[Title] OR ""complete genome""[Title] OR ""WGS""[Title] OR ""shotgun""[Title] OR ""mitochondrial""[Title] OR ""mitochondrion""[Title])"
KU051536.1,ST3,1091,2e5f8ed48062331819ca09ef20f9876c,Homo sapiens,host_qualifier,Thailand,Unknown,Unknown,PacBio,medium,placement_medium (d=0.132),broad_query,2026-08-13T12:29:33.338201+00:00,"Blastocystis[Organism] AND (""18S""[All Fields] OR ""SSU""[All Fields] OR ""small subunit""[All Fields] OR ""18S ribosomal""[All Fields] OR ""SSU rRNA""[All Fields] OR ""ribosomal RNA""[All Fields] OR ""rRNA""[All Fields] OR ""rDNA""[All Fields]) NOT (""whole genome""[Title] OR ""complete genome""[Title] OR ""WGS""[Title] OR ""shotgun""[Title] OR ""mitochondrial""[Title] OR ""mitochondrion""[Title])"
KU051535.1,ST3,1090,99f7c8eaa6b549b2d759799faf0e29ba,Homo sapiens,host_qualifier,Thailand,Unknown,Unknown,PacBio,medium,placement_medium (d=0.126),broad_query,2026-08-13T12:29:33.338201+00:00,"Blastocystis[Organism] AND (""18S""[All Fields] OR ""SSU""[All Fields] OR ""small subunit""[All Fields] OR ""18S ribosomal""[All Fields] OR ""SSU rRNA""[All Fields] OR ""ribosomal RNA""[All Fields] OR ""rRNA""[All Fields] OR ""rDNA""[All Fields]) NOT (""whole genome""[Title] OR ""complete genome""[Title] OR ""WGS""[Title] OR ""shotgun""[Title] OR ""mitochondrial""[Title] OR ""mitochondrion""[Title])"
KU051534.1,ST3,1073,b73f6517aad0ca186d507dce06de6702,Homo sapiens,host_qualifier,Thailand,Unknown,Unknown,PacBio,medium,placement_medium (d=0.126),broad_query,2026-08-13T12:29:33.338201+00:00,"Blastocystis[Organism] AND (""18S""[All Fields] OR ""SSU""[All Fields] OR ""small subunit""[All Fields] OR ""18S ribosomal""[All Fields] OR ""SSU rRNA""[All Fields] OR ""ribosomal RNA""[All Fields] OR ""rRNA""[All Fields] OR ""rDNA""[All Fields]) NOT (""whole genome""[Title] OR ""complete genome""[Title] OR ""WGS""[Title] OR ""shotgun""[Title] OR ""mitochondrial""[Title] OR ""mitochondrion""[Title])"
KU051533.1,ST6,1086,4deff0d3e06b295164995a70438e5b4d,Homo sapiens,host_qualifier,Thailand,Unknown,Unknown,PacBio,medium,placement_medium (d=0.128),broad_query,2026-08-13T12:29:33.338201+00:00,"Blastocystis[Organism] AND (""18S""[All Fields] OR ""SSU""[All Fields] OR ""small subunit""[All Fields] OR ""18S ribosomal""[All Fields] OR ""SSU rRNA""[All Fields] OR ""ribosomal RNA""[All Fields] OR ""rRNA""[All Fields] OR ""rDNA""[All Fields]) NOT (""whole genome""[Title] OR ""complete genome""[Title] OR ""WGS""[Title] OR ""shotgun""[Title] OR ""mitochondrial""[Title] OR ""mitochondrion""[Title])"
KU051532.1,ST3,1091,e45d8eff33f7e92848d72bf9af81d4db,Homo sapiens,host_qualifier,Thailand,Unknown,Unknown,PacBio,medium,placement_medium (d=0.132),broad_query,2026-08-13T12:29:33.338201+00:00,"Blastocystis[Organism] AND (""18S""[All Fields] OR ""SSU""[All Fields] OR ""small subunit""[All Fields] OR ""18S ribosomal""[All Fields] OR ""SSU rRNA""[All Fields] OR ""ribosomal RNA""[All Fields] OR ""rRNA""[All Fields] OR ""rDNA""[All Fields]) NOT (""whole genome""[Title] OR ""complete genome""[Title] OR ""WGS""[Title] OR ""shotgun""[Title] OR ""mitochondrial""[Title] OR ""mitochondrion""[Title])"
KU051531.1,ST3,1090,6667a07141ca4d181f8f7ea86c1fb497,Homo sapiens,host_qualifier,Thailand,Unknown,Unknown,PacBio,low,placement_low (d=0.156),broad_query,2026-08-13T12:29:33.338201+00:00,"Blastocystis[Organism] AND (""18S""[All Fields] OR ""SSU""[All Fields] OR ""small subunit""[All Fields] OR ""18S ribosomal""[All Fields] OR ""SSU rRNA""[All Fields] OR ""ribosomal RNA""[All Fields] OR ""rRNA""[All Fields] OR ""rDNA""[All Fields]) NOT (""whole genome""[Title] OR ""complete genome""[Title] OR ""WGS""[Title] OR ""shotgun""[Title] OR ""mitochondrial""[Title] OR ""mitochondrion""[Title])"
KU051530.1,ST3,1091,03456b7c09e2535db8992c8f57068593,Homo sapiens,host_qualifier,Thailand,Unknown,Unknown,PacBio,medium,placement_medium (d=0.131),broad_query,2026-08-13T12:29:33.338201+00:00,"Blastocystis[Organism] AND (""18S""[All Fields] OR ""SSU""[All Fields] OR ""small subunit""[All Fields] OR ""18S ribosomal""[All Fields] OR ""SSU rRNA""[All Fields] OR ""ribosomal RNA""[All Fields] OR ""rRNA""[All Fields] OR ""rDNA""[All Fields]) NOT (""whole genome""[Title] OR ""complete genome""[Title] OR ""WGS""[Title] OR ""shotgun""[Title] OR ""mitochondrial""[Title] OR ""mitochondrion""[Title])"
KU051528.1,ST3,1088,b28ad9e8d4ff70ccc66a8b935ddd2216,Homo sapiens,host_qualifier,Thailand,Unknown,Unknown,PacBio,medium,placement_medium (d=0.147),broad_query,2026-08-13T12:29:33.338201+00:00,"Blastocystis[Organism] AND (""18S""[All Fields] OR ""SSU""[All Fields] OR ""small subunit""[All Fields] OR ""18S ribosomal""[All Fields] OR ""SSU rRNA""[All Fields] OR ""ribosomal RNA""[All Fields] OR ""rRNA""[All Fields] OR ""rDNA""[All Fields]) NOT (""whole genome""[Title] OR ""complete genome""[Title] OR ""WGS""[Title] OR ""shotgun""[Title] OR ""mitochondrial""[Title] OR ""mitochondrion""[Title])"
KU051527.1,ST3,1088,9efda7b7067e59b5f09a10e545206c7b,Homo sapiens,host_qualifier,Thailand,Unknown,Unknown,PacBio,medium,placement_medium (d=0.128),broad_query,2026-08-13T12:29:33.338201+00:00,"Blastocystis[Organism] AND (""18S""[All Fields] OR ""SSU""[All Fields] OR ""small subunit""[All Fields] OR ""18S ribosomal""[All Fields] OR ""SSU rRNA""[All Fields] OR ""ribosomal RNA""[All Fields] OR ""rRNA""[All Fields] OR ""rDNA""[All Fields]) NOT (""whole genome""[Title] OR ""complete genome""[Title] OR ""WGS""[Title] OR ""shotgun""[Title] OR ""mitochondrial""[Title] OR ""mitochondrion""[Title])"
KU051526.1,ST2,1071,00608e8f18c3fdb1f4f09d83e2c2bd98,Homo sapiens,host_qualifier,Thailand,Unknown,Unknown,PacBio,low,placement_low (d=0.239),broad_query,2026-08-13T12:29:33.338201+00:00,"Blastocystis[Organism] AND (""18S""[All Fields] OR ""SSU""[All Fields] OR ""small subunit""[All Fields] OR ""18S ribosomal""[All Fields] OR ""SSU rRNA""[All Fields] OR ""ribosomal RNA""[All Fields] OR ""rRNA""[All Fields] OR ""rDNA""[All Fields]) NOT (""whole genome""[Title] OR ""complete genome""[Title] OR ""WGS""[Title] OR ""shotgun""[Title] OR ""mitochondrial""[Title] OR ""mitochondrion""[Title])"
KT819622.1,ST3,1092,13587f7cc1fe94577696513399e606d7,Homo sapiens,host_qualifier,Thailand,Unknown,stool,PacBio,medium,placement_medium (d=0.107),broad_query,2026-08-13T12:29:33.338201+00:00,"Blastocystis[Organism] AND (""18S""[All Fields] OR ""SSU""[All Fields] OR ""small subunit""[All Fields] OR ""18S ribosomal""[All Fields] OR ""SSU rRNA""[All Fields] OR ""ribosomal RNA""[All Fields] OR ""rRNA""[All Fields] OR ""rDNA""[All Fields]) NOT (""whole genome""[Title] OR ""complete genome""[Title] OR ""WGS""[Title] OR ""shotgun""[Title] OR ""mitochondrial""[Title] OR ""mitochondrion""[Title])"
KT819620.1,ST3,1091,6770818bb870d1d3e0d69572d783bfe6,Homo sapiens,host_qualifier,Thailand,Unknown,stool,PacBio,medium,placement_medium (d=0.103),broad_query,2026-08-13T12:29:33.338201+00:00,"Blastocystis[Organism] AND (""18S""[All Fields] OR ""SSU""[All Fields] OR ""small subunit""[All Fields] OR ""18S ribosomal""[All Fields] OR ""SSU rRNA""[All Fields] OR ""ribosomal RNA""[All Fields] OR ""rRNA""[All Fields] OR ""rDNA""[All Fields]) NOT (""whole genome""[Title] OR ""complete genome""[Title] OR ""WGS""[Title] OR ""shotgun""[Title] OR ""mitochondrial""[Title] OR ""mitochondrion""[Title])"
KT819619.1,ST12,1095,75c160dd9ed616ce2a6da95299d78839,Unknown,unknown,Thailand,Unknown,water,PacBio,low,"placement_low (nearest=ST12 d=0.377; top5=['ST12', 'ST14', 'ST14', 'ST26', 'ST26'])",broad_query,2026-08-13T12:29:33.338201+00:00,"Blastocystis[Organism] AND (""18S""[All Fields] OR ""SSU""[All Fields] OR ""small subunit""[All Fields] OR ""18S ribosomal""[All Fields] OR ""SSU rRNA""[All Fields] OR ""ribosomal RNA""[All Fields] OR ""rRNA""[All Fields] OR ""rDNA""[All Fields]) NOT (""whole genome""[Title] OR ""complete genome""[Title] OR ""WGS""[Title] OR ""shotgun""[Title] OR ""mitochondrial""[Title] OR ""mitochondrion""[Title])"
KT819616.1,ST12,1073,bde4ddc1404811abd2bebaff3cd1b4ad,Unknown,unknown,Thailand,Unknown,water,PacBio,low,"placement_low (nearest=ST12 d=0.376; top5=['ST12', 'ST14', 'ST14', 'ST26', 'ST26'])",broad_query,2026-08-13T12:29:33.338201+00:00,"Blastocystis[Organism] AND (""18S""[All Fields] OR ""SSU""[All Fields] OR ""small subunit""[All Fields] OR ""18S ribosomal""[All Fields] OR ""SSU rRNA""[All Fields] OR ""ribosomal RNA""[All Fields] OR ""rRNA""[All Fields] OR ""rDNA""[All Fields]) NOT (""whole genome""[Title] OR ""complete genome""[Title] OR ""WGS""[Title] OR ""shotgun""[Title] OR ""mitochondrial""[Title] OR ""mitochondrion""[Title])"
KT819615.1,ST12,1011,0fd4770a214aec96172c6e05e7651001,Sus scrofa,host_qualifier,Thailand,Unknown,stool,PacBio,low,"placement_low (nearest=ST12 d=0.343; top5=['ST12', 'ST26', 'ST14', 'ST26', 'ST14'])",broad_query,2026-08-13T12:29:33.338201+00:00,"Blastocystis[Organism] AND (""18S""[All Fields] OR ""SSU""[All Fields] OR ""small subunit""[All Fields] OR ""18S ribosomal""[All Fields] OR ""SSU rRNA""[All Fields] OR ""ribosomal RNA""[All Fields] OR ""rRNA""[All Fields] OR ""rDNA""[All Fields]) NOT (""whole genome""[Title] OR ""complete genome""[Title] OR ""WGS""[Title] OR ""shotgun""[Title] OR ""mitochondrial""[Title] OR ""mitochondrion""[Title])"
KT819614.1,ST12,1098,82eecedaaf6afbff30fe9182ea301b34,Sus scrofa,host_qualifier,Thailand,Unknown,stool,PacBio,low,"placement_low (nearest=ST12 d=0.372; top5=['ST12', 'ST14', 'ST14', 'ST26', 'ST14'])",broad_query,2026-08-13T12:29:33.338201+00:00,"Blastocystis[Organism] AND (""18S""[All Fields] OR ""SSU""[All Fields] OR ""small subunit""[All Fields] OR ""18S ribosomal""[All Fields] OR ""SSU rRNA""[All Fields] OR ""ribosomal RNA""[All Fields] OR ""rRNA""[All Fields] OR ""rDNA""[All Fields]) NOT (""whole genome""[Title] OR ""complete genome""[Title] OR ""WGS""[Title] OR ""shotgun""[Title] OR ""mitochondrial""[Title] OR ""mitochondrion""[Title])"
KT819613.1,ST12,1094,e72e552fabf34a622c1d84f3022a49cc,Sus scrofa,host_qualifier,Thailand,Unknown,stool,PacBio,low,"placement_low (nearest=ST12 d=0.380; top5=['ST12', 'ST14', 'ST14', 'ST26', 'ST26'])",broad_query,2026-08-13T12:29:33.338201+00:00,"Blastocystis[Organism] AND (""18S""[All Fields] OR ""SSU""[All Fields] OR ""small subunit""[All Fields] OR ""18S ribosomal""[All Fields] OR ""SSU rRNA""[All Fields] OR ""ribosomal RNA""[All Fields] OR ""rRNA""[All Fields] OR ""rDNA""[All Fields]) NOT (""whole genome""[Title] OR ""complete genome""[Title] OR ""WGS""[Title] OR ""shotgun""[Title] OR ""mitochondrial""[Title] OR ""mitochondrion""[Title])"
KT819612.1,ST12,1050,8ce056f01cb18047589979fecdeda0eb,Sus scrofa,host_qualifier,Thailand,Unknown,stool,PacBio,low,"placement_low (nearest=ST12 d=0.345; top5=['ST12', 'ST14', 'ST14', 'ST26', 'ST26'])",broad_query,2026-08-13T12:29:33.338201+00:00,"Blastocystis[Organism] AND (""18S""[All Fields] OR ""SSU""[All Fields] OR ""small subunit""[All Fields] OR ""18S ribosomal""[All Fields] OR ""SSU rRNA""[All Fields] OR ""ribosomal RNA""[All Fields] OR ""rRNA""[All Fields] OR ""rDNA""[All Fields]) NOT (""whole genome""[Title] OR ""complete genome""[Title] OR ""WGS""[Title] OR ""shotgun""[Title] OR ""mitochondrial""[Title] OR ""mitochondrion""[Title])"
KT819611.1,ST12,1056,7b1447d894af284f6ceb0d4a428b1451,Sus scrofa,host_qualifier,Thailand,Unknown,stool,PacBio,low,"placement_low (nearest=ST12 d=0.348; top5=['ST12', 'ST14', 'ST14', 'ST26', 'ST26'])",broad_query,2026-08-13T12:29:33.338201+00:00,"Blastocystis[Organism] AND (""18S""[All Fields] OR ""SSU""[All Fields] OR ""small subunit""[All Fields] OR ""18S ribosomal""[All Fields] OR ""SSU rRNA""[All Fields] OR ""ribosomal RNA""[All Fields] OR ""rRNA""[All Fields] OR ""rDNA""[All Fields]) NOT (""whole genome""[Title] OR ""complete genome""[Title] OR ""WGS""[Title] OR ""shotgun""[Title] OR ""mitochondrial""[Title] OR ""mitochondrion""[Title])"
KT819610.1,ST12,1079,dd68ce0716901f806c70a470063d9170,Sus scrofa,host_qualifier,Thailand,Unknown,stool,PacBio,low,"placement_low (nearest=ST12 d=0.364; top5=['ST12', 'ST14', 'ST14', 'ST26', 'ST26'])",broad_query,2026-08-13T12:29:33.338201+00:00,"Blastocystis[Organism] AND (""18S""[All Fields] OR ""SSU""[All Fields] OR ""small subunit""[All Fields] OR ""18S ribosomal""[All Fields] OR ""SSU rRNA""[All Fields] OR ""ribosomal RNA""[All Fields] OR ""rRNA""[All Fields] OR ""rDNA""[All Fields]) NOT (""whole genome""[Title] OR ""complete genome""[Title] OR ""WGS""[Title] OR ""shotgun""[Title] OR ""mitochondrial""[Title] OR ""mitochondrion""[Title])"
KT819609.1,ST12,1097,b6467794cbb01db752e419662d714239,Sus scrofa,host_qualifier,Thailand,Unknown,stool,PacBio,low,"placement_low (nearest=ST12 d=0.366; top5=['ST12', 'ST14', 'ST14', 'ST26', 'ST26'])",broad_query,2026-08-13T12:29:33.338201+00:00,"Blastocystis[Organism] AND (""18S""[All Fields] OR ""SSU""[All Fields] OR ""small subunit""[All Fields] OR ""18S ribosomal""[All Fields] OR ""SSU rRNA""[All Fields] OR ""ribosomal RNA""[All Fields] OR ""rRNA""[All Fields] OR ""rDNA""[All Fields]) NOT (""whole genome""[Title] OR ""complete genome""[Title] OR ""WGS""[Title] OR ""shotgun""[Title] OR ""mitochondrial""[Title] OR ""mitochondrion""[Title])"
KT819608.1,ST12,1067,f7ecfb0e092729a6981327da781bad2f,Sus scrofa,host_qualifier,Thailand,Unknown,stool,PacBio,low,"placement_low (nearest=ST12 d=0.344; top5=['ST12', 'ST14', 'ST14', 'ST26', 'ST26'])",broad_query,2026-08-13T12:29:33.338201+00:00,"Blastocystis[Organism] AND (""18S""[All Fields] OR ""SSU""[All Fields] OR ""small subunit""[All Fields] OR ""18S ribosomal""[All Fields] OR ""SSU rRNA""[All Fields] OR ""ribosomal RNA""[All Fields] OR ""rRNA""[All Fields] OR ""rDNA""[All Fields]) NOT (""whole genome""[Title] OR ""complete genome""[Title] OR ""WGS""[Title] OR ""shotgun""[Title] OR ""mitochondrial""[Title] OR ""mitochondrion""[Title])"
KT819607.1,ST12,1085,39f052acd8dfddf63f21addf38137689,Sus scrofa,host_qualifier,Thailand,Unknown,stool,PacBio,low,"placement_low (nearest=ST12 d=0.404; top5=['ST12', 'ST14', 'ST26', 'ST14', 'ST26'])",broad_query,2026-08-13T12:29:33.338201+00:00,"Blastocystis[Organism] AND (""18S""[All Fields] OR ""SSU""[All Fields] OR ""small subunit""[All Fields] OR ""18S ribosomal""[All Fields] OR ""SSU rRNA""[All Fields] OR ""ribosomal RNA""[All Fields] OR ""rRNA""[All Fields] OR ""rDNA""[All Fields]) NOT (""whole genome""[Title] OR ""complete genome""[Title] OR ""WGS""[Title] OR ""shotgun""[Title] OR ""mitochondrial""[Title] OR ""mitochondrion""[Title])"
KT819606.1,ST12,1096,603658df17789b546f2b32e0c0b80a3d,Sus scrofa,host_qualifier,Thailand,Unknown,stool,PacBio,low,"placement_low (nearest=ST12 d=0.380; top5=['ST12', 'ST14', 'ST14', 'ST26', 'ST26'])",broad_query,2026-08-13T12:29:33.338201+00:00,"Blastocystis[Organism] AND (""18S""[All Fields] OR ""SSU""[All Fields] OR ""small subunit""[All Fields] OR ""18S ribosomal""[All Fields] OR ""SSU rRNA""[All Fields] OR ""ribosomal RNA""[All Fields] OR ""rRNA""[All Fields] OR ""rDNA""[All Fields]) NOT (""whole genome""[Title] OR ""complete genome""[Title] OR ""WGS""[Title] OR ""shotgun""[Title] OR ""mitochondrial""[Title] OR ""mitochondrion""[Title])"
KT819605.1,ST12,1069,43648e7730e272a1e914afd3465b54ef,Sus scrofa,host_qualifier,Thailand,Unknown,stool,PacBio,low,"placement_low (nearest=ST12 d=0.464; top5=['ST12', 'ST14', 'ST26', 'ST14', 'ST26'])",broad_query,2026-08-13T12:29:33.338201+00:00,"Blastocystis[Organism] AND (""18S""[All Fields] OR ""SSU""[All Fields] OR ""small subunit""[All Fields] OR ""18S ribosomal""[All Fields] OR ""SSU rRNA""[All Fields] OR ""ribosomal RNA""[All Fields] OR ""rRNA""[All Fields] OR ""rDNA""[All Fields]) NOT (""whole genome""[Title] OR ""complete genome""[Title] OR ""WGS""[Title] OR ""shotgun""[Title] OR ""mitochondrial""[Title] OR ""mitochondrion""[Title])"
KT819604.1,ST12,1050,6e2ea8885107d963356b6b385732b773,Sus scrofa,host_qualifier,Thailand,Unknown,stool,PacBio,low,"placement_low (nearest=ST12 d=0.361; top5=['ST12', 'ST26', 'ST14', 'ST26', 'ST14'])",broad_query,2026-08-13T12:29:33.338201+00:00,"Blastocystis[Organism] AND (""18S""[All Fields] OR ""SSU""[All Fields] OR ""small subunit""[All Fields] OR ""18S ribosomal""[All Fields] OR ""SSU rRNA""[All Fields] OR ""ribosomal RNA""[All Fields] OR ""rRNA""[All Fields] OR ""rDNA""[All Fields]) NOT (""whole genome""[Title] OR ""complete genome""[Title] OR ""WGS""[Title] OR ""shotgun""[Title] OR ""mitochondrial""[Title] OR ""mitochondrion""[Title])"
KT819603.1,ST12,1096,d760dcde7b5b251f332da786c539fef6,Sus scrofa,host_qualifier,Thailand,Unknown,stool,PacBio,low,"placement_low (nearest=ST12 d=0.398; top5=['ST12', 'ST14', 'ST14', 'ST26', 'ST26'])",broad_query,2026-08-13T12:29:33.338201+00:00,"Blastocystis[Organism] AND (""18S""[All Fields] OR ""SSU""[All Fields] OR ""small subunit""[All Fields] OR ""18S ribosomal""[All Fields] OR ""SSU rRNA""[All Fields] OR ""ribosomal RNA""[All Fields] OR ""rRNA""[All Fields] OR ""rDNA""[All Fields]) NOT (""whole genome""[Title] OR ""complete genome""[Title] OR ""WGS""[Title] OR ""shotgun""[Title] OR ""mitochondrial""[Title] OR ""mitochondrion""[Title])"
KT819602.1,ST12,1080,7a41d673f442234d3a57768e25eb8113,Sus scrofa,host_qualifier,Thailand,Unknown,stool,PacBio,low,"placement_low (nearest=ST12 d=0.361; top5=['ST12', 'ST14', 'ST5', 'ST14', 'ST26'])",broad_query,2026-08-13T12:29:33.338201+00:00,"Blastocystis[Organism] AND (""18S""[All Fields] OR ""SSU""[All Fields] OR ""small subunit""[All Fields] OR ""18S ribosomal""[All Fields] OR ""SSU rRNA""[All Fields] OR ""ribosomal RNA""[All Fields] OR ""rRNA""[All Fields] OR ""rDNA""[All Fields]) NOT (""whole genome""[Title] OR ""complete genome""[Title] OR ""WGS""[Title] OR ""shotgun""[Title] OR ""mitochondrial""[Title] OR ""mitochondrion""[Title])"
KT819601.1,ST12,1075,846de9ca8e02b3cee3f418d3fb254990,Sus scrofa,host_qualifier,Thailand,Unknown,stool,PacBio,low,"placement_low (nearest=ST12 d=0.349; top5=['ST12', 'ST14', 'ST14', 'ST26', 'ST26'])",broad_query,2026-08-13T12:29:33.338201+00:00,"Blastocystis[Organism] AND (""18S""[All Fields] OR ""SSU""[All Fields] OR ""small subunit""[All Fields] OR ""18S ribosomal""[All Fields] OR ""SSU rRNA""[All Fields] OR ""ribosomal RNA""[All Fields] OR ""rRNA""[All Fields] OR ""rDNA""[All Fields]) NOT (""whole genome""[Title] OR ""complete genome""[Title] OR ""WGS""[Title] OR ""shotgun""[Title] OR ""mitochondrial""[Title] OR ""mitochondrion""[Title])"
KT819600.1,ST12,1039,3d02281f4580563d2dce0d9b419f39ac,Sus scrofa,host_qualifier,Thailand,Unknown,stool,PacBio,low,"placement_low (nearest=ST12 d=0.338; top5=['ST12', 'ST14', 'ST14', 'ST26', 'ST26'])",broad_query,2026-08-13T12:29:33.338201+00:00,"Blastocystis[Organism] AND (""18S""[All Fields] OR ""SSU""[All Fields] OR ""small subunit""[All Fields] OR ""18S ribosomal""[All Fields] OR ""SSU rRNA""[All Fields] OR ""ribosomal RNA""[All Fields] OR ""rRNA""[All Fields] OR ""rDNA""[All Fields]) NOT (""whole genome""[Title] OR ""complete genome""[Title] OR ""WGS""[Title] OR ""shotgun""[Title] OR ""mitochondrial""[Title] OR ""mitochondrion""[Title])"
KT819599.1,ST12,1100,29950736db90489ae04c30c53328bb68,Sus scrofa,host_qualifier,Thailand,Unknown,stool,PacBio,low,"placement_low (nearest=ST12 d=0.364; top5=['ST12', 'ST14', 'ST14', 'ST26', 'ST26'])",broad_query,2026-08-13T12:29:33.338201+00:00,"Blastocystis[Organism] AND (""18S""[All Fields] OR ""SSU""[All Fields] OR ""small subunit""[All Fields] OR ""18S ribosomal""[All Fields] OR ""SSU rRNA""[All Fields] OR ""ribosomal RNA""[All Fields] OR ""rRNA""[All Fields] OR ""rDNA""[All Fields]) NOT (""whole genome""[Title] OR ""complete genome""[Title] OR ""WGS""[Title] OR ""shotgun""[Title] OR ""mitochondrial""[Title] OR ""mitochondrion""[Title])"
KT819598.1,ST1,1101,7dc373c9254c8505378e5aa37f5430f8,Sus scrofa,host_qualifier,Thailand,Unknown,stool,PacBio,low,placement_low (d=0.163),broad_query,2026-08-13T12:29:33.338201+00:00,"Blastocystis[Organism] AND (""18S""[All Fields] OR ""SSU""[All Fields] OR ""small subunit""[All Fields] OR ""18S ribosomal""[All Fields] OR ""SSU rRNA""[All Fields] OR ""ribosomal RNA""[All Fields] OR ""rRNA""[All Fields] OR ""rDNA""[All Fields]) NOT (""whole genome""[Title] OR ""complete genome""[Title] OR ""WGS""[Title] OR ""shotgun""[Title] OR ""mitochondrial""[Title] OR ""mitochondrion""[Title])"
KT819597.1,ST12,1097,0c2e2a8a34c0df9908c9c70edba2d727,Sus scrofa,host_qualifier,Thailand,Unknown,stool,PacBio,low,"placement_low (nearest=ST12 d=0.385; top5=['ST12', 'ST14', 'ST14', 'ST26', 'ST26'])",broad_query,2026-08-13T12:29:33.338201+00:00,"Blastocystis[Organism] AND (""18S""[All Fields] OR ""SSU""[All Fields] OR ""small subunit""[All Fields] OR ""18S ribosomal""[All Fields] OR ""SSU rRNA""[All Fields] OR ""ribosomal RNA""[All Fields] OR ""rRNA""[All Fields] OR ""rDNA""[All Fields]) NOT (""whole genome""[Title] OR ""complete genome""[Title] OR ""WGS""[Title] OR ""shotgun""[Title] OR ""mitochondrial""[Title] OR ""mitochondrion""[Title])"
KT819596.1,ST1,1097,336796345e0739c4a886e8756759a89f,Sus scrofa,host_qualifier,Thailand,Unknown,stool,PacBio,low,placement_low (d=0.223),broad_query,2026-08-13T12:29:33.338201+00:00,"Blastocystis[Organism] AND (""18S""[All Fields] OR ""SSU""[All Fields] OR ""small subunit""[All Fields] OR ""18S ribosomal""[All Fields] OR ""SSU rRNA""[All Fields] OR ""ribosomal RNA""[All Fields] OR ""rRNA""[All Fields] OR ""rDNA""[All Fields]) NOT (""whole genome""[Title] OR ""complete genome""[Title] OR ""WGS""[Title] OR ""shotgun""[Title] OR ""mitochondrial""[Title] OR ""mitochondrion""[Title])"
KT819595.1,ST1,1029,a0b12e4e72d8487f87178773519d3616,Sus scrofa,host_qualifier,Thailand,Unknown,stool,PacBio,medium,placement_medium (d=0.150),broad_query,2026-08-13T12:29:33.338201+00:00,"Blastocystis[Organism] AND (""18S""[All Fields] OR ""SSU""[All Fields] OR ""small subunit""[All Fields] OR ""18S ribosomal""[All Fields] OR ""SSU rRNA""[All Fields] OR ""ribosomal RNA""[All Fields] OR ""rRNA""[All Fields] OR ""rDNA""[All Fields]) NOT (""whole genome""[Title] OR ""complete genome""[Title] OR ""WGS""[Title] OR ""shotgun""[Title] OR ""mitochondrial""[Title] OR ""mitochondrion""[Title])"
KT819594.1,ST12,1096,707f1278f0974d141a58582b59c7cb85,Sus scrofa,host_qualifier,Thailand,Unknown,stool,PacBio,low,"placement_low (nearest=ST12 d=0.382; top5=['ST12', 'ST14', 'ST14', 'ST5', 'ST26'])",broad_query,2026-08-13T12:29:33.338201+00:00,"Blastocystis[Organism] AND (""18S""[All Fields] OR ""SSU""[All Fields] OR ""small subunit""[All Fields] OR ""18S ribosomal""[All Fields] OR ""SSU rRNA""[All Fields] OR ""ribosomal RNA""[All Fields] OR ""rRNA""[All Fields] OR ""rDNA""[All Fields]) NOT (""whole genome""[Title] OR ""complete genome""[Title] OR ""WGS""[Title] OR ""shotgun""[Title] OR ""mitochondrial""[Title] OR ""mitochondrion""[Title])"
KT819593.1,ST12,1096,3e024fe90f3b825b5a3471eb5492f735,Sus scrofa,host_qualifier,Thailand,Unknown,stool,PacBio,low,"placement_low (nearest=ST12 d=0.370; top5=['ST12', 'ST14', 'ST26', 'ST14', 'ST5'])",broad_query,2026-08-13T12:29:33.338201+00:00,"Blastocystis[Organism] AND (""18S""[All Fields] OR ""SSU""[All Fields] OR ""small subunit""[All Fields] OR ""18S ribosomal""[All Fields] OR ""SSU rRNA""[All Fields] OR ""ribosomal RNA""[All Fields] OR ""rRNA""[All Fields] OR ""rDNA""[All Fields]) NOT (""whole genome""[Title] OR ""complete genome""[Title] OR ""WGS""[Title] OR ""shotgun""[Title] OR ""mitochondrial""[Title] OR ""mitochondrion""[Title])"
KT819592.1,ST12,1095,8d9b154a03ee2b7999bccbd83381bed1,Sus scrofa,host_qualifier,Thailand,Unknown,stool,PacBio,low,"placement_low (nearest=ST12 d=0.375; top5=['ST12', 'ST14', 'ST14', 'ST5', 'ST26'])",broad_query,2026-08-13T12:29:33.338201+00:00,"Blastocystis[Organism] AND (""18S""[All Fields] OR ""SSU""[All Fields] OR ""small subunit""[All Fields] OR ""18S ribosomal""[All Fields] OR ""SSU rRNA""[All Fields] OR ""ribosomal RNA""[All Fields] OR ""rRNA""[All Fields] OR ""rDNA""[All Fields]) NOT (""whole genome""[Title] OR ""complete genome""[Title] OR ""WGS""[Title] OR ""shotgun""[Title] OR ""mitochondrial""[Title] OR ""mitochondrion""[Title])"
KT819591.1,ST1,1072,013a9b456702626ec2a031c17decebb9,Sus scrofa,host_qualifier,Thailand,Unknown,stool,PacBio,medium,placement_medium (d=0.112),broad_query,2026-08-13T12:29:33.338201+00:00,"Blastocystis[Organism] AND (""18S""[All Fields] OR ""SSU""[All Fields] OR ""small subunit""[All Fields] OR ""18S ribosomal""[All Fields] OR ""SSU rRNA""[All Fields] OR ""ribosomal RNA""[All Fields] OR ""rRNA""[All Fields] OR ""rDNA""[All Fields]) NOT (""whole genome""[Title] OR ""complete genome""[Title] OR ""WGS""[Title] OR ""shotgun""[Title] OR ""mitochondrial""[Title] OR ""mitochondrion""[Title])"
KT819590.1,ST1,1074,187493f4a5feeaa236c9709060a4a8ed,Sus scrofa,host_qualifier,Thailand,Unknown,stool,PacBio,high,placement_high (d=0.075),broad_query,2026-08-13T12:29:33.338201+00:00,"Blastocystis[Organism] AND (""18S""[All Fields] OR ""SSU""[All Fields] OR ""small subunit""[All Fields] OR ""18S ribosomal""[All Fields] OR ""SSU rRNA""[All Fields] OR ""ribosomal RNA""[All Fields] OR ""rRNA""[All Fields] OR ""rDNA""[All Fields]) NOT (""whole genome""[Title] OR ""complete genome""[Title] OR ""WGS""[Title] OR ""shotgun""[Title] OR ""mitochondrial""[Title] OR ""mitochondrion""[Title])"
KT819589.1,ST1,1076,e5f12f6486781d77891a0001ed885e4b,Sus scrofa,host_qualifier,Thailand,Unknown,stool,PacBio,low,placement_low (d=0.207),broad_query,2026-08-13T12:29:33.338201+00:00,"Blastocystis[Organism] AND (""18S""[All Fields] OR ""SSU""[All Fields] OR ""small subunit""[All Fields] OR ""18S ribosomal""[All Fields] OR ""SSU rRNA""[All Fields] OR ""ribosomal RNA""[All Fields] OR ""rRNA""[All Fields] OR ""rDNA""[All Fields]) NOT (""whole genome""[Title] OR ""complete genome""[Title] OR ""WGS""[Title] OR ""shotgun""[Title] OR ""mitochondrial""[Title] OR ""mitochondrion""[Title])"
KT819588.1,ST3,1091,35aa0cc1da1a08b6c59e04028d51c2a8,Sus scrofa,host_qualifier,Thailand,Unknown,stool,PacBio,low,placement_low (d=0.159),broad_query,2026-08-13T12:29:33.338201+00:00,"Blastocystis[Organism] AND (""18S""[All Fields] OR ""SSU""[All Fields] OR ""small subunit""[All Fields] OR ""18S ribosomal""[All Fields] OR ""SSU rRNA""[All Fields] OR ""ribosomal RNA""[All Fields] OR ""rRNA""[All Fields] OR ""rDNA""[All Fields]) NOT (""whole genome""[Title] OR ""complete genome""[Title] OR ""WGS""[Title] OR ""shotgun""[Title] OR ""mitochondrial""[Title] OR ""mitochondrion""[Title])"
EU445487.1,ST2,1767,edbb73e62f1452b2c51f1bf7896893f7,Sus scrofa,host_qualifier,Unknown,Unknown,Unknown,Unknown,medium,placement_medium (d=0.121),broad_query,2026-08-13T12:29:33.338201+00:00,"Blastocystis[Organism] AND (""18S""[All Fields] OR ""SSU""[All Fields] OR ""small subunit""[All Fields] OR ""18S ribosomal""[All Fields] OR ""SSU rRNA""[All Fields] OR ""ribosomal RNA""[All Fields] OR ""rRNA""[All Fields] OR ""rDNA""[All Fields]) NOT (""whole genome""[Title] OR ""complete genome""[Title] OR ""WGS""[Title] OR ""shotgun""[Title] OR ""mitochondrial""[Title] OR ""mitochondrion""[Title])"
KM216262.1,ST3,1006,fd9b008ebe6610c714b3d305bc1b0233,Homo sapiens,host_qualifier,Unknown,Unknown,Unknown,Sanger,low,placement_low (d=0.151),broad_query,2026-08-13T12:29:33.338201+00:00,"Blastocystis[Organism] AND (""18S""[All Fields] OR ""SSU""[All Fields] OR ""small subunit""[All Fields] OR ""18S ribosomal""[All Fields] OR ""SSU rRNA""[All Fields] OR ""ribosomal RNA""[All Fields] OR ""rRNA""[All Fields] OR ""rDNA""[All Fields]) NOT (""whole genome""[Title] OR ""complete genome""[Title] OR ""WGS""[Title] OR ""shotgun""[Title] OR ""mitochondrial""[Title] OR ""mitochondrion""[Title])"
KM216261.1,ST1,1013,8b2d8cc0ae4a12c2a1f6a860f13cd53c,Homo sapiens,host_qualifier,Unknown,Unknown,Unknown,Sanger,medium,placement_medium (d=0.095),broad_query,2026-08-13T12:29:33.338201+00:00,"Blastocystis[Organism] AND (""18S""[All Fields] OR ""SSU""[All Fields] OR ""small subunit""[All Fields] OR ""18S ribosomal""[All Fields] OR ""SSU rRNA""[All Fields] OR ""ribosomal RNA""[All Fields] OR ""rRNA""[All Fields] OR ""rDNA""[All Fields]) NOT (""whole genome""[Title] OR ""complete genome""[Title] OR ""WGS""[Title] OR ""shotgun""[Title] OR ""mitochondrial""[Title] OR ""mitochondrion""[Title])"
KM216259.1,ST3,1023,fd223d15846d14e5c6126376176bbbd0,Homo sapiens,host_qualifier,Unknown,Unknown,Unknown,Sanger,medium,placement_medium (d=0.104),broad_query,2026-08-13T12:29:33.338201+00:00,"Blastocystis[Organism] AND (""18S""[All Fields] OR ""SSU""[All Fields] OR ""small subunit""[All Fields] OR ""18S ribosomal""[All Fields] OR ""SSU rRNA""[All Fields] OR ""ribosomal RNA""[All Fields] OR ""rRNA""[All Fields] OR ""rDNA""[All Fields]) NOT (""whole genome""[Title] OR ""complete genome""[Title] OR ""WGS""[Title] OR ""shotgun""[Title] OR ""mitochondrial""[Title] OR ""mitochondrion""[Title])"
KM216258.1,ST2,1019,4d7f6d85f7862442d715490a1f7e1105,Homo sapiens,host_qualifier,Unknown,Unknown,Unknown,Sanger,medium,placement_medium (d=0.080),broad_query,2026-08-13T12:29:33.338201+00:00,"Blastocystis[Organism] AND (""18S""[All Fields] OR ""SSU""[All Fields] OR ""small subunit""[All Fields] OR ""18S ribosomal""[All Fields] OR ""SSU rRNA""[All Fields] OR ""ribosomal RNA""[All Fields] OR ""rRNA""[All Fields] OR ""rDNA""[All Fields]) NOT (""whole genome""[Title] OR ""complete genome""[Title] OR ""WGS""[Title] OR ""shotgun""[Title] OR ""mitochondrial""[Title] OR ""mitochondrion""[Title])"
KM216257.1,ST3,1027,0fa7f436889fc948978f028a39719b23,Homo sapiens,host_qualifier,Unknown,Unknown,Unknown,Sanger,low,placement_low (d=0.243),broad_query,2026-08-13T12:29:33.338201+00:00,"Blastocystis[Organism] AND (""18S""[All Fields] OR ""SSU""[All Fields] OR ""small subunit""[All Fields] OR ""18S ribosomal""[All Fields] OR ""SSU rRNA""[All Fields] OR ""ribosomal RNA""[All Fields] OR ""rRNA""[All Fields] OR ""rDNA""[All Fields]) NOT (""whole genome""[Title] OR ""complete genome""[Title] OR ""WGS""[Title] OR ""shotgun""[Title] OR ""mitochondrial""[Title] OR ""mitochondrion""[Title])"
KM216256.1,ST1,1023,4329e7ff1ab16028b48fff31bf131149,Homo sapiens,host_qualifier,Unknown,Unknown,Unknown,Sanger,high,placement_high (d=0.050),broad_query,2026-08-13T12:29:33.338201+00:00,"Blastocystis[Organism] AND (""18S""[All Fields] OR ""SSU""[All Fields] OR ""small subunit""[All Fields] OR ""18S ribosomal""[All Fields] OR ""SSU rRNA""[All Fields] OR ""ribosomal RNA""[All Fields] OR ""rRNA""[All Fields] OR ""rDNA""[All Fields]) NOT (""whole genome""[Title] OR ""complete genome""[Title] OR ""WGS""[Title] OR ""shotgun""[Title] OR ""mitochondrial""[Title] OR ""mitochondrion""[Title])"
KM216255.1,ST3,1023,8a88caa75dfd4f33d3c8eebf91d7cf11,Homo sapiens,host_qualifier,Unknown,Unknown,Unknown,Sanger,low,placement_low (d=0.159),broad_query,2026-08-13T12:29:33.338201+00:00,"Blastocystis[Organism] AND (""18S""[All Fields] OR ""SSU""[All Fields] OR ""small subunit""[All Fields] OR ""18S ribosomal""[All Fields] OR ""SSU rRNA""[All Fields] OR ""ribosomal RNA""[All Fields] OR ""rRNA""[All Fields] OR ""rDNA""[All Fields]) NOT (""whole genome""[Title] OR ""complete genome""[Title] OR ""WGS""[Title] OR ""shotgun""[Title] OR ""mitochondrial""[Title] OR ""mitochondrion""[Title])"
KM216254.1,ST1,1021,d0dea23ee881d399960bc339733786eb,Homo sapiens,host_qualifier,Unknown,Unknown,Unknown,Sanger,medium,placement_medium (d=0.116),broad_query,2026-08-13T12:29:33.338201+00:00,"Blastocystis[Organism] AND (""18S""[All Fields] OR ""SSU""[All Fields] OR ""small subunit""[All Fields] OR ""18S ribosomal""[All Fields] OR ""SSU rRNA""[All Fields] OR ""ribosomal RNA""[All Fields] OR ""rRNA""[All Fields] OR ""rDNA""[All Fields]) NOT (""whole genome""[Title] OR ""complete genome""[Title] OR ""WGS""[Title] OR ""shotgun""[Title] OR ""mitochondrial""[Title] OR ""mitochondrion""[Title])"
KM216253.1,ST3,1017,f2e00e3773d3f9900da5d21128591909,Homo sapiens,host_qualifier,Unknown,Unknown,Unknown,Sanger,medium,placement_medium (d=0.148),broad_query,2026-08-13T12:29:33.338201+00:00,"Blastocystis[Organism] AND (""18S""[All Fields] OR ""SSU""[All Fields] OR ""small subunit""[All Fields] OR ""18S ribosomal""[All Fields] OR ""SSU rRNA""[All Fields] OR ""ribosomal RNA""[All Fields] OR ""rRNA""[All Fields] OR ""rDNA""[All Fields]) NOT (""whole genome""[Title] OR ""complete genome""[Title] OR ""WGS""[Title] OR ""shotgun""[Title] OR ""mitochondrial""[Title] OR ""mitochondrion""[Title])"
KM216252.1,ST1,1023,d2e169e47c0a330131080315e06c0826,Homo sapiens,host_qualifier,Unknown,Unknown,Unknown,Sanger,high,placement_high (d=0.071),broad_query,2026-08-13T12:29:33.338201+00:00,"Blastocystis[Organism] AND (""18S""[All Fields] OR ""SSU""[All Fields] OR ""small subunit""[All Fields] OR ""18S ribosomal""[All Fields] OR ""SSU rRNA""[All Fields] OR ""ribosomal RNA""[All Fields] OR ""rRNA""[All Fields] OR ""rDNA""[All Fields]) NOT (""whole genome""[Title] OR ""complete genome""[Title] OR ""WGS""[Title] OR ""shotgun""[Title] OR ""mitochondrial""[Title] OR ""mitochondrion""[Title])"
KF002561.1,ST1,1769,ae7296a3bd526235388050a98c1a527b,Homo sapiens,organism,Unknown,Unknown,Unknown,Sanger,medium,placement_medium (d=0.089),broad_query,2026-08-13T12:29:33.338201+00:00,"Blastocystis[Organism] AND (""18S""[All Fields] OR ""SSU""[All Fields] OR ""small subunit""[All Fields] OR ""18S ribosomal""[All Fields] OR ""SSU rRNA""[All Fields] OR ""ribosomal RNA""[All Fields] OR ""rRNA""[All Fields] OR ""rDNA""[All Fields]) NOT (""whole genome""[Title] OR ""complete genome""[Title] OR ""WGS""[Title] OR ""shotgun""[Title] OR ""mitochondrial""[Title] OR ""mitochondrion""[Title])"
KF002556.1,ST3,1721,17d5d37b420964d4649fdc461c109a63,Homo sapiens,organism,Unknown,Unknown,Unknown,Sanger,high,placement_high (d=0.031),broad_query,2026-08-13T12:29:33.338201+00:00,"Blastocystis[Organism] AND (""18S""[All Fields] OR ""SSU""[All Fields] OR ""small subunit""[All Fields] OR ""18S ribosomal""[All Fields] OR ""SSU rRNA""[All Fields] OR ""ribosomal RNA""[All Fields] OR ""rRNA""[All Fields] OR ""rDNA""[All Fields]) NOT (""whole genome""[Title] OR ""complete genome""[Title] OR ""WGS""[Title] OR ""shotgun""[Title] OR ""mitochondrial""[Title] OR ""mitochondrion""[Title])"
KF002548.1,ST2,1768,8f8517b6eb769e8698d9d5594430a279,Homo sapiens,organism,Unknown,Unknown,Unknown,Sanger,medium,placement_medium (d=0.085),broad_query,2026-08-13T12:29:33.338201+00:00,"Blastocystis[Organism] AND (""18S""[All Fields] OR ""SSU""[All Fields] OR ""small subunit""[All Fields] OR ""18S ribosomal""[All Fields] OR ""SSU rRNA""[All Fields] OR ""ribosomal RNA""[All Fields] OR ""rRNA""[All Fields] OR ""rDNA""[All Fields]) NOT (""whole genome""[Title] OR ""complete genome""[Title] OR ""WGS""[Title] OR ""shotgun""[Title] OR ""mitochondrial""[Title] OR ""mitochondrion""[Title])"
KF002521.1,ST6,1691,5d232a9df35676168b8961299b62191b,Homo sapiens,organism,Unknown,Unknown,Unknown,Sanger,high,placement_high (d=0.077),broad_query,2026-08-13T12:29:33.338201+00:00,"Blastocystis[Organism] AND (""18S""[All Fields] OR ""SSU""[All Fields] OR ""small subunit""[All Fields] OR ""18S ribosomal""[All Fields] OR ""SSU rRNA""[All Fields] OR ""ribosomal RNA""[All Fields] OR ""rRNA""[All Fields] OR ""rDNA""[All Fields]) NOT (""whole genome""[Title] OR ""complete genome""[Title] OR ""WGS""[Title] OR ""shotgun""[Title] OR ""mitochondrial""[Title] OR ""mitochondrion""[Title])"
KF002518.1,ST6,1741,3cb1447111a058ecf339fea0d2985d52,Homo sapiens,organism,Unknown,Unknown,Unknown,Sanger,high,placement_high (d=0.046),broad_query,2026-08-13T12:29:33.338201+00:00,"Blastocystis[Organism] AND (""18S""[All Fields] OR ""SSU""[All Fields] OR ""small subunit""[All Fields] OR ""18S ribosomal""[All Fields] OR ""SSU rRNA""[All Fields] OR ""ribosomal RNA""[All Fields] OR ""rRNA""[All Fields] OR ""rDNA""[All Fields]) NOT (""whole genome""[Title] OR ""complete genome""[Title] OR ""WGS""[Title] OR ""shotgun""[Title] OR ""mitochondrial""[Title] OR ""mitochondrion""[Title])"
KF002512.1,ST4,1649,8c361baa33c1b98a0ce59a842f0c1092,Homo sapiens,organism,Unknown,Unknown,Unknown,Sanger,medium,placement_medium (d=0.097),broad_query,2026-08-13T12:29:33.338201+00:00,"Blastocystis[Organism] AND (""18S""[All Fields] OR ""SSU""[All Fields] OR ""small subunit""[All Fields] OR ""18S ribosomal""[All Fields] OR ""SSU rRNA""[All Fields] OR ""ribosomal RNA""[All Fields] OR ""rRNA""[All Fields] OR ""rDNA""[All Fields]) NOT (""whole genome""[Title] OR ""complete genome""[Title] OR ""WGS""[Title] OR ""shotgun""[Title] OR ""mitochondrial""[Title] OR ""mitochondrion""[Title])"
KF002511.1,ST4,1778,d8b4516a0e4a93718d68699aa4b91ecb,Homo sapiens,organism,Unknown,Unknown,Unknown,Sanger,high,placement_high (d=0.023),broad_query,2026-08-13T12:29:33.338201+00:00,"Blastocystis[Organism] AND (""18S""[All Fields] OR ""SSU""[All Fields] OR ""small subunit""[All Fields] OR ""18S ribosomal""[All Fields] OR ""SSU rRNA""[All Fields] OR ""ribosomal RNA""[All Fields] OR ""rRNA""[All Fields] OR ""rDNA""[All Fields]) NOT (""whole genome""[Title] OR ""complete genome""[Title] OR ""WGS""[Title] OR ""shotgun""[Title] OR ""mitochondrial""[Title] OR ""mitochondrion""[Title])"
AY618267.1,ST1,1675,176ed99bec9ad3dc6f82186a00bb229c,Homo sapiens,host_qualifier,"Thailand: Bangkok, Phayathai Babies Home",Unknown,Unknown,Unknown,medium,placement_medium (d=0.091),broad_query,2026-08-13T12:29:33.338201+00:00,"Blastocystis[Organism] AND (""18S""[All Fields] OR ""SSU""[All Fields] OR ""small subunit""[All Fields] OR ""18S ribosomal""[All Fields] OR ""SSU rRNA""[All Fields] OR ""ribosomal RNA""[All Fields] OR ""rRNA""[All Fields] OR ""rDNA""[All Fields]) NOT (""whole genome""[Title] OR ""complete genome""[Title] OR ""WGS""[Title] OR ""shotgun""[Title] OR ""mitochondrial""[Title] OR ""mitochondrion""[Title])"
JX132230.1,ST3,1755,b65ad88b88b638461dc5b892e1e2bb67,Homo sapiens,host_qualifier,Unknown,Unknown,stool,Sanger,high,placement_high (d=0.078),broad_query,2026-08-13T12:29:33.338201+00:00,"Blastocystis[Organism] AND (""18S""[All Fields] OR ""SSU""[All Fields] OR ""small subunit""[All Fields] OR ""18S ribosomal""[All Fields] OR ""SSU rRNA""[All Fields] OR ""ribosomal RNA""[All Fields] OR ""rRNA""[All Fields] OR ""rDNA""[All Fields]) NOT (""whole genome""[Title] OR ""complete genome""[Title] OR ""WGS""[Title] OR ""shotgun""[Title] OR ""mitochondrial""[Title] OR ""mitochondrion""[Title])"
JX132229.1,ST3,1755,299d5427b70a224f23c902a61928cf12,Homo sapiens,host_qualifier,Unknown,Unknown,stool,Sanger,high,placement_high (d=0.061),broad_query,2026-08-13T12:29:33.338201+00:00,"Blastocystis[Organism] AND (""18S""[All Fields] OR ""SSU""[All Fields] OR ""small subunit""[All Fields] OR ""18S ribosomal""[All Fields] OR ""SSU rRNA""[All Fields] OR ""ribosomal RNA""[All Fields] OR ""rRNA""[All Fields] OR ""rDNA""[All Fields]) NOT (""whole genome""[Title] OR ""complete genome""[Title] OR ""WGS""[Title] OR ""shotgun""[Title] OR ""mitochondrial""[Title] OR ""mitochondrion""[Title])"
JX132219.1,ST3,1755,3b2576bf36ab112c5da6462939cb017f,Homo sapiens,host_qualifier,Unknown,Unknown,stool,Sanger,medium,placement_medium (d=0.087),broad_query,2026-08-13T12:29:33.338201+00:00,"Blastocystis[Organism] AND (""18S""[All Fields] OR ""SSU""[All Fields] OR ""small subunit""[All Fields] OR ""18S ribosomal""[All Fields] OR ""SSU rRNA""[All Fields] OR ""ribosomal RNA""[All Fields] OR ""rRNA""[All Fields] OR ""rDNA""[All Fields]) NOT (""whole genome""[Title] OR ""complete genome""[Title] OR ""WGS""[Title] OR ""shotgun""[Title] OR ""mitochondrial""[Title] OR ""mitochondrion""[Title])"
JX132196.1,ST3,1755,023c3fac1158f1704b6070ee0515901f,Homo sapiens,host_qualifier,Unknown,Unknown,stool,Sanger,medium,placement_medium (d=0.087),broad_query,2026-08-13T12:29:33.338201+00:00,"Blastocystis[Organism] AND (""18S""[All Fields] OR ""SSU""[All Fields] OR ""small subunit""[All Fields] OR ""18S ribosomal""[All Fields] OR ""SSU rRNA""[All Fields] OR ""ribosomal RNA""[All Fields] OR ""rRNA""[All Fields] OR ""rDNA""[All Fields]) NOT (""whole genome""[Title] OR ""complete genome""[Title] OR ""WGS""[Title] OR ""shotgun""[Title] OR ""mitochondrial""[Title] OR ""mitochondrion""[Title])"
EU427519.1,ST2,1762,2c2c470d888acbc27fbc4fd02994efaa,Macropus rufogriseus rufogriseus (Bennett's wallaby),host_qualifier,Unknown,Unknown,Unknown,Unknown,medium,placement_medium (d=0.082),broad_query,2026-08-13T12:29:33.338201+00:00,"Blastocystis[Organism] AND (""18S""[All Fields] OR ""SSU""[All Fields] OR ""small subunit""[All Fields] OR ""18S ribosomal""[All Fields] OR ""SSU rRNA""[All Fields] OR ""ribosomal RNA""[All Fields] OR ""rRNA""[All Fields] OR ""rDNA""[All Fields]) NOT (""whole genome""[Title] OR ""complete genome""[Title] OR ""WGS""[Title] OR ""shotgun""[Title] OR ""mitochondrial""[Title] OR ""mitochondrion""[Title])"
EU427517.1,ST4,1772,46516ca286e6807d064ba2696bb6e73b,Dendrolagus goodfellowi (Goodfellow's tree kangaroo),host_qualifier,Unknown,Unknown,Unknown,Unknown,high,placement_high (d=0.012),broad_query,2026-08-13T12:29:33.338201+00:00,"Blastocystis[Organism] AND (""18S""[All Fields] OR ""SSU""[All Fields] OR ""small subunit""[All Fields] OR ""18S ribosomal""[All Fields] OR ""SSU rRNA""[All Fields] OR ""ribosomal RNA""[All Fields] OR ""rRNA""[All Fields] OR ""rDNA""[All Fields]) NOT (""whole genome""[Title] OR ""complete genome""[Title] OR ""WGS""[Title] OR ""shotgun""[Title] OR ""mitochondrial""[Title] OR ""mitochondrion""[Title])"
EU427515.1,ST25,1772,7a611d8182be857c1114d3333b5ca83a,Wallabia bicolor mastersii (northern swamp wallaby),host_qualifier,Unknown,Unknown,Unknown,Unknown,low,"placement_low (nearest=ST25 d=0.270; top5=['ST25', 'ST49', 'ST49', 'ST49', 'ST25'])",broad_query,2026-08-13T12:29:33.338201+00:00,"Blastocystis[Organism] AND (""18S""[All Fields] OR ""SSU""[All Fields] OR ""small subunit""[All Fields] OR ""18S ribosomal""[All Fields] OR ""SSU rRNA""[All Fields] OR ""ribosomal RNA""[All Fields] OR ""rRNA""[All Fields] OR ""rDNA""[All Fields]) NOT (""whole genome""[Title] OR ""complete genome""[Title] OR ""WGS""[Title] OR ""shotgun""[Title] OR ""mitochondrial""[Title] OR ""mitochondrion""[Title])"
GU992419.1,ST1,1737,a4fa5187a39375f9388fee793194c157,Unknown,unknown,Philippines,Unknown,wastewater,Unknown,high,placement_high (d=0.072),broad_query,2026-08-13T12:29:33.338201+00:00,"Blastocystis[Organism] AND (""18S""[All Fields] OR ""SSU""[All Fields] OR ""small subunit""[All Fields] OR ""18S ribosomal""[All Fields] OR ""SSU rRNA""[All Fields] OR ""ribosomal RNA""[All Fields] OR ""rRNA""[All Fields] OR ""rDNA""[All Fields]) NOT (""whole genome""[Title] OR ""complete genome""[Title] OR ""WGS""[Title] OR ""shotgun""[Title] OR ""mitochondrial""[Title] OR ""mitochondrion""[Title])"
GU992418.1,ST2,1746,1d53cc779a32db86231c67e21b47e855,Unknown,unknown,Philippines,Unknown,wastewater,Unknown,high,placement_high (d=0.056),broad_query,2026-08-13T12:29:33.338201+00:00,"Blastocystis[Organism] AND (""18S""[All Fields] OR ""SSU""[All Fields] OR ""small subunit""[All Fields] OR ""18S ribosomal""[All Fields] OR ""SSU rRNA""[All Fields] OR ""ribosomal RNA""[All Fields] OR ""rRNA""[All Fields] OR ""rDNA""[All Fields]) NOT (""whole genome""[Title] OR ""complete genome""[Title] OR ""WGS""[Title] OR ""shotgun""[Title] OR ""mitochondrial""[Title] OR ""mitochondrion""[Title])"
GU992417.1,ST1,1751,1006bf0ea8723efa135438b749fd25f7,Unknown,unknown,Philippines,Unknown,wastewater,Unknown,high,placement_high (d=0.048),broad_query,2026-08-13T12:29:33.338201+00:00,"Blastocystis[Organism] AND (""18S""[All Fields] OR ""SSU""[All Fields] OR ""small subunit""[All Fields] OR ""18S ribosomal""[All Fields] OR ""SSU rRNA""[All Fields] OR ""ribosomal RNA""[All Fields] OR ""rRNA""[All Fields] OR ""rDNA""[All Fields]) NOT (""whole genome""[Title] OR ""complete genome""[Title] OR ""WGS""[Title] OR ""shotgun""[Title] OR ""mitochondrial""[Title] OR ""mitochondrion""[Title])"
GU992416.1,ST1,1751,8302e0e1ceccc34346fc7bb74e7e4d17,Unknown,unknown,Philippines,Unknown,wastewater,Unknown,high,placement_high (d=0.047),broad_query,2026-08-13T12:29:33.338201+00:00,"Blastocystis[Organism] AND (""18S""[All Fields] OR ""SSU""[All Fields] OR ""small subunit""[All Fields] OR ""18S ribosomal""[All Fields] OR ""SSU rRNA""[All Fields] OR ""ribosomal RNA""[All Fields] OR ""rRNA""[All Fields] OR ""rDNA""[All Fields]) NOT (""whole genome""[Title] OR ""complete genome""[Title] OR ""WGS""[Title] OR ""shotgun""[Title] OR ""mitochondrial""[Title] OR ""mitochondrion""[Title])"
GU992415.1,ST1,1709,779bc2407725e691c9a7cfd45d0f7124,Unknown,unknown,Philippines,Unknown,wastewater,Unknown,high,placement_high (d=0.055),broad_query,2026-08-13T12:29:33.338201+00:00,"Blastocystis[Organism] AND (""18S""[All Fields] OR ""SSU""[All Fields] OR ""small subunit""[All Fields] OR ""18S ribosomal""[All Fields] OR ""SSU rRNA""[All Fields] OR ""ribosomal RNA""[All Fields] OR ""rRNA""[All Fields] OR ""rDNA""[All Fields]) NOT (""whole genome""[Title] OR ""complete genome""[Title] OR ""WGS""[Title] OR ""shotgun""[Title] OR ""mitochondrial""[Title] OR ""mitochondrion""[Title])"
GU992414.1,ST1,1693,1112a4bf2ddf432c2fe58c0b0fcf95a6,Unknown,unknown,Philippines,Unknown,wastewater,Unknown,high,placement_high (d=0.029),broad_query,2026-08-13T12:29:33.338201+00:00,"Blastocystis[Organism] AND (""18S""[All Fields] OR ""SSU""[All Fields] OR ""small subunit""[All Fields] OR ""18S ribosomal""[All Fields] OR ""SSU rRNA""[All Fields] OR ""ribosomal RNA""[All Fields] OR ""rRNA""[All Fields] OR ""rDNA""[All Fields]) NOT (""whole genome""[Title] OR ""complete genome""[Title] OR ""WGS""[Title] OR ""shotgun""[Title] OR ""mitochondrial""[Title] OR ""mitochondrion""[Title])"
GU992413.1,ST1,1724,2b9e217fd7571fb44c861e3ce786a25d,Unknown,unknown,Philippines,Unknown,wastewater,Unknown,high,placement_high (d=0.040),broad_query,2026-08-13T12:29:33.338201+00:00,"Blastocystis[Organism] AND (""18S""[All Fields] OR ""SSU""[All Fields] OR ""small subunit""[All Fields] OR ""18S ribosomal""[All Fields] OR ""SSU rRNA""[All Fields] OR ""ribosomal RNA""[All Fields] OR ""rRNA""[All Fields] OR ""rDNA""[All Fields]) NOT (""whole genome""[Title] OR ""complete genome""[Title] OR ""WGS""[Title] OR ""shotgun""[Title] OR ""mitochondrial""[Title] OR ""mitochondrion""[Title])"
GU992412.1,ST2,1694,ed1c277165ac6efe8e75598220295f63,Unknown,unknown,Philippines,Unknown,wastewater,Unknown,medium,placement_medium (d=0.086),broad_query,2026-08-13T12:29:33.338201+00:00,"Blastocystis[Organism] AND (""18S""[All Fields] OR ""SSU""[All Fields] OR ""small subunit""[All Fields] OR ""18S ribosomal""[All Fields] OR ""SSU rRNA""[All Fields] OR ""ribosomal RNA""[All Fields] OR ""rRNA""[All Fields] OR ""rDNA""[All Fields]) NOT (""whole genome""[Title] OR ""complete genome""[Title] OR ""WGS""[Title] OR ""shotgun""[Title] OR ""mitochondrial""[Title] OR ""mitochondrion""[Title])"
GU992411.1,ST1,1764,bb0d20ab038c639f684bc8a14e41f8ca,Unknown,unknown,Philippines,Unknown,wastewater,Unknown,high,placement_high (d=0.046),broad_query,2026-08-13T12:29:33.338201+00:00,"Blastocystis[Organism] AND (""18S""[All Fields] OR ""SSU""[All Fields] OR ""small subunit""[All Fields] OR ""18S ribosomal""[All Fields] OR ""SSU rRNA""[All Fields] OR ""ribosomal RNA""[All Fields] OR ""rRNA""[All Fields] OR ""rDNA""[All Fields]) NOT (""whole genome""[Title] OR ""complete genome""[Title] OR ""WGS""[Title] OR ""shotgun""[Title] OR ""mitochondrial""[Title] OR ""mitochondrion""[Title])"
EF209020.1,ST48,1726,c30da0cdf7676cdcaf57000219373fb2,Geochelone pardalis,host_qualifier,Czech Republic,Unknown,Unknown,Unknown,low,"placement_low (nearest=ST48 d=0.468; top5=['ST48', 'ST39', 'ST39', 'ST39', 'ST39'])",broad_query,2026-08-13T12:29:33.338201+00:00,"Blastocystis[Organism] AND (""18S""[All Fields] OR ""SSU""[All Fields] OR ""small subunit""[All Fields] OR ""18S ribosomal""[All Fields] OR ""SSU rRNA""[All Fields] OR ""ribosomal RNA""[All Fields] OR ""rRNA""[All Fields] OR ""rDNA""[All Fields]) NOT (""whole genome""[Title] OR ""complete genome""[Title] OR ""WGS""[Title] OR ""shotgun""[Title] OR ""mitochondrial""[Title] OR ""mitochondrion""[Title])"
EF209019.1,ST34,1718,193f11f01b5cf79f0bcd6da50f99d28b,Kinixys belliana,host_qualifier,Czech Republic,Unknown,Unknown,Unknown,low,"placement_low (nearest=ST34 d=0.550; top5=['ST34', 'ST33', 'ST33', 'ST26', 'ST26'])",broad_query,2026-08-13T12:29:33.338201+00:00,"Blastocystis[Organism] AND (""18S""[All Fields] OR ""SSU""[All Fields] OR ""small subunit""[All Fields] OR ""18S ribosomal""[All Fields] OR ""SSU rRNA""[All Fields] OR ""ribosomal RNA""[All Fields] OR ""rRNA""[All Fields] OR ""rDNA""[All Fields]) NOT (""whole genome""[Title] OR ""complete genome""[Title] OR ""WGS""[Title] OR ""shotgun""[Title] OR ""mitochondrial""[Title] OR ""mitochondrion""[Title])"
EF209017.1,ST34,1728,8de8e83e99742492f9eb4120097a0c3c,Geochelone radiata,host_qualifier,Czech Republic,Unknown,Unknown,Unknown,low,"placement_low (nearest=ST34 d=0.479; top5=['ST34', 'ST33', 'ST33', 'ST5', 'ST5'])",broad_query,2026-08-13T12:29:33.338201+00:00,"Blastocystis[Organism] AND (""18S""[All Fields] OR ""SSU""[All Fields] OR ""small subunit""[All Fields] OR ""18S ribosomal""[All Fields] OR ""SSU rRNA""[All Fields] OR ""ribosomal RNA""[All Fields] OR ""rRNA""[All Fields] OR ""rDNA""[All Fields]) NOT (""whole genome""[Title] OR ""complete genome""[Title] OR ""WGS""[Title] OR ""shotgun""[Title] OR ""mitochondrial""[Title] OR ""mitochondrion""[Title])"
GQ223285.1,ST17,1997,1a96915d535995f381d9d1c9a61a843e,Unknown,unknown,"USA: Fayetteville, AR",Unknown,freshwater stream sediment,Unknown,low,"placement_low (nearest=ST17 d=0.482; top5=['ST17', 'ST33', 'ST33', 'ST24', 'ST30'])",broad_query,2026-08-13T12:29:33.338201+00:00,"Blastocystis[Organism] AND (""18S""[All Fields] OR ""SSU""[All Fields] OR ""small subunit""[All Fields] OR ""18S ribosomal""[All Fields] OR ""SSU rRNA""[All Fields] OR ""ribosomal RNA""[All Fields] OR ""rRNA""[All Fields] OR ""rDNA""[All Fields]) NOT (""whole genome""[Title] OR ""complete genome""[Title] OR ""WGS""[Title] OR ""shotgun""[Title] OR ""mitochondrial""[Title] OR ""mitochondrion""[Title])"
EF468654.1,ST5,1782,59a4716114908f2dbce5a6451416bf18,Homo sapiens,organism,Unknown,Unknown,Unknown,Unknown,low,placement_low (d=0.193),broad_query,2026-08-13T12:29:33.338201+00:00,"Blastocystis[Organism] AND (""18S""[All Fields] OR ""SSU""[All Fields] OR ""small subunit""[All Fields] OR ""18S ribosomal""[All Fields] OR ""SSU rRNA""[All Fields] OR ""ribosomal RNA""[All Fields] OR ""rRNA""[All Fields] OR ""rDNA""[All Fields]) NOT (""whole genome""[Title] OR ""complete genome""[Title] OR ""WGS""[Title] OR ""shotgun""[Title] OR ""mitochondrial""[Title] OR ""mitochondrion""[Title])"
AF408426.2,ST9,1737,b7aed24ea2d2ae36e4d5aa9ec595c0d6,Homo sapiens,host_qualifier,Japan,Unknown,Unknown,Unknown,medium,placement_medium (d=0.120),broad_query,2026-08-13T12:29:33.338201+00:00,"Blastocystis[Organism] AND (""18S""[All Fields] OR ""SSU""[All Fields] OR ""small subunit""[All Fields] OR ""18S ribosomal""[All Fields] OR ""SSU rRNA""[All Fields] OR ""ribosomal RNA""[All Fields] OR ""rRNA""[All Fields] OR ""rDNA""[All Fields]) NOT (""whole genome""[Title] OR ""complete genome""[Title] OR ""WGS""[Title] OR ""shotgun""[Title] OR ""mitochondrial""[Title] OR ""mitochondrion""[Title])"
AF408425.2,ST9,1736,32b3dd61f940e42223dfd67b73ea9c27,Homo sapiens,host_qualifier,Japan,Unknown,Unknown,Unknown,medium,placement_medium (d=0.128),broad_query,2026-08-13T12:29:33.338201+00:00,"Blastocystis[Organism] AND (""18S""[All Fields] OR ""SSU""[All Fields] OR ""small subunit""[All Fields] OR ""18S ribosomal""[All Fields] OR ""SSU rRNA""[All Fields] OR ""ribosomal RNA""[All Fields] OR ""rRNA""[All Fields] OR ""rDNA""[All Fields]) NOT (""whole genome""[Title] OR ""complete genome""[Title] OR ""WGS""[Title] OR ""shotgun""[Title] OR ""mitochondrial""[Title] OR ""mitochondrion""[Title])"
AY135412.1,ST7,1752,de1f17a2e34887f785e7e505e04db39d,Unknown,unknown,Unknown,Unknown,duck feces,Unknown,medium,placement_medium (d=0.121),broad_query,2026-08-13T12:29:33.338201+00:00,"Blastocystis[Organism] AND (""18S""[All Fields] OR ""SSU""[All Fields] OR ""small subunit""[All Fields] OR ""18S ribosomal""[All Fields] OR ""SSU rRNA""[All Fields] OR ""ribosomal RNA""[All Fields] OR ""rRNA""[All Fields] OR ""rDNA""[All Fields]) NOT (""whole genome""[Title] OR ""complete genome""[Title] OR ""WGS""[Title] OR ""shotgun""[Title] OR ""mitochondrial""[Title] OR ""mitochondrion""[Title])"
AY135411.1,ST6,1693,aaa5c4253ff29771447dd0a873f7c2ac,Unknown,unknown,Unknown,Unknown,turkey feces,Unknown,medium,placement_medium (d=0.107),broad_query,2026-08-13T12:29:33.338201+00:00,"Blastocystis[Organism] AND (""18S""[All Fields] OR ""SSU""[All Fields] OR ""small subunit""[All Fields] OR ""18S ribosomal""[All Fields] OR ""SSU rRNA""[All Fields] OR ""ribosomal RNA""[All Fields] OR ""rRNA""[All Fields] OR ""rDNA""[All Fields]) NOT (""whole genome""[Title] OR ""complete genome""[Title] OR ""WGS""[Title] OR ""shotgun""[Title] OR ""mitochondrial""[Title] OR ""mitochondrion""[Title])"
AY135408.1,ST4,1731,3a1382055e866f523fb960f77d33f38a,Unknown,unknown,Unknown,Unknown,rat feces,Unknown,high,placement_high (d=0.052),broad_query,2026-08-13T12:29:33.338201+00:00,"Blastocystis[Organism] AND (""18S""[All Fields] OR ""SSU""[All Fields] OR ""small subunit""[All Fields] OR ""18S ribosomal""[All Fields] OR ""SSU rRNA""[All Fields] OR ""ribosomal RNA""[All Fields] OR ""rRNA""[All Fields] OR ""rDNA""[All Fields]) NOT (""whole genome""[Title] OR ""complete genome""[Title] OR ""WGS""[Title] OR ""shotgun""[Title] OR ""mitochondrial""[Title] OR ""mitochondrion""[Title])"
AY135407.1,ST4,1731,3370d6f7492afaf38a308726daae3f44,Unknown,unknown,Unknown,Unknown,rat feces,Unknown,high,placement_high (d=0.036),broad_query,2026-08-13T12:29:33.338201+00:00,"Blastocystis[Organism] AND (""18S""[All Fields] OR ""SSU""[All Fields] OR ""small subunit""[All Fields] OR ""18S ribosomal""[All Fields] OR ""SSU rRNA""[All Fields] OR ""ribosomal RNA""[All Fields] OR ""rRNA""[All Fields] OR ""rDNA""[All Fields]) NOT (""whole genome""[Title] OR ""complete genome""[Title] OR ""WGS""[Title] OR ""shotgun""[Title] OR ""mitochondrial""[Title] OR ""mitochondrion""[Title])"
AY135406.1,ST1,1722,7c4c42e7b890025265a5d7190549b4c8,Unknown,unknown,Unknown,Unknown,pig feces,Unknown,high,placement_high (d=0.062),broad_query,2026-08-13T12:29:33.338201+00:00,"Blastocystis[Organism] AND (""18S""[All Fields] OR ""SSU""[All Fields] OR ""small subunit""[All Fields] OR ""18S ribosomal""[All Fields] OR ""SSU rRNA""[All Fields] OR ""ribosomal RNA""[All Fields] OR ""rRNA""[All Fields] OR ""rDNA""[All Fields]) NOT (""whole genome""[Title] OR ""complete genome""[Title] OR ""WGS""[Title] OR ""shotgun""[Title] OR ""mitochondrial""[Title] OR ""mitochondrion""[Title])"
AY135405.1,ST1,1722,749ccedb4fe372e9c952c9282cbda4d3,Unknown,unknown,Unknown,Unknown,pig feces,Unknown,high,placement_high (d=0.043),broad_query,2026-08-13T12:29:33.338201+00:00,"Blastocystis[Organism] AND (""18S""[All Fields] OR ""SSU""[All Fields] OR ""small subunit""[All Fields] OR ""18S ribosomal""[All Fields] OR ""SSU rRNA""[All Fields] OR ""ribosomal RNA""[All Fields] OR ""rRNA""[All Fields] OR ""rDNA""[All Fields]) NOT (""whole genome""[Title] OR ""complete genome""[Title] OR ""WGS""[Title] OR ""shotgun""[Title] OR ""mitochondrial""[Title] OR ""mitochondrion""[Title])"
AY135404.1,ST1,1722,77bacb60ce432a8a6586f0353facc187,Unknown,unknown,Unknown,Unknown,pig feces,Unknown,medium,placement_medium (d=0.131),broad_query,2026-08-13T12:29:33.338201+00:00,"Blastocystis[Organism] AND (""18S""[All Fields] OR ""SSU""[All Fields] OR ""small subunit""[All Fields] OR ""18S ribosomal""[All Fields] OR ""SSU rRNA""[All Fields] OR ""ribosomal RNA""[All Fields] OR ""rRNA""[All Fields] OR ""rDNA""[All Fields]) NOT (""whole genome""[Title] OR ""complete genome""[Title] OR ""WGS""[Title] OR ""shotgun""[Title] OR ""mitochondrial""[Title] OR ""mitochondrion""[Title])"
AY135403.1,ST1,1722,f09bee9c493e86d3139fa0e0caf93c4a,Unknown,unknown,Unknown,Unknown,pig feces,Unknown,medium,placement_medium (d=0.086),broad_query,2026-08-13T12:29:33.338201+00:00,"Blastocystis[Organism] AND (""18S""[All Fields] OR ""SSU""[All Fields] OR ""small subunit""[All Fields] OR ""18S ribosomal""[All Fields] OR ""SSU rRNA""[All Fields] OR ""ribosomal RNA""[All Fields] OR ""rRNA""[All Fields] OR ""rDNA""[All Fields]) NOT (""whole genome""[Title] OR ""complete genome""[Title] OR ""WGS""[Title] OR ""shotgun""[Title] OR ""mitochondrial""[Title] OR ""mitochondrion""[Title])"
EU679349.1,ST1,1589,b592ba0b92de8bb71aded9baf58831fc,Unknown,unknown,USA,Unknown,Unknown,Unknown,high,placement_high (d=0.068),broad_query,2026-08-13T12:29:33.338201+00:00,"Blastocystis[Organism] AND (""18S""[All Fields] OR ""SSU""[All Fields] OR ""small subunit""[All Fields] OR ""18S ribosomal""[All Fields] OR ""SSU rRNA""[All Fields] OR ""ribosomal RNA""[All Fields] OR ""rRNA""[All Fields] OR ""rDNA""[All Fields]) NOT (""whole genome""[Title] OR ""complete genome""[Title] OR ""WGS""[Title] OR ""shotgun""[Title] OR ""mitochondrial""[Title] OR ""mitochondrion""[Title])"
EU679348.1,ST8,1241,7c92d2a3dd9b9d869e4576ca00b39f99,Unknown,unknown,USA,Unknown,Unknown,Unknown,medium,placement_medium (d=0.094),broad_query,2026-08-13T12:29:33.338201+00:00,"Blastocystis[Organism] AND (""18S""[All Fields] OR ""SSU""[All Fields] OR ""small subunit""[All Fields] OR ""18S ribosomal""[All Fields] OR ""SSU rRNA""[All Fields] OR ""ribosomal RNA""[All Fields] OR ""rRNA""[All Fields] OR ""rDNA""[All Fields]) NOT (""whole genome""[Title] OR ""complete genome""[Title] OR ""WGS""[Title] OR ""shotgun""[Title] OR ""mitochondrial""[Title] OR ""mitochondrion""[Title])"
EU679347.1,ST4,1240,27af85afcd876f83d13054a7876a345f,Unknown,unknown,USA,Unknown,Unknown,Unknown,low,placement_low (d=0.212),broad_query,2026-08-13T12:29:33.338201+00:00,"Blastocystis[Organism] AND (""18S""[All Fields] OR ""SSU""[All Fields] OR ""small subunit""[All Fields] OR ""18S ribosomal""[All Fields] OR ""SSU rRNA""[All Fields] OR ""ribosomal RNA""[All Fields] OR ""rRNA""[All Fields] OR ""rDNA""[All Fields]) NOT (""whole genome""[Title] OR ""complete genome""[Title] OR ""WGS""[Title] OR ""shotgun""[Title] OR ""mitochondrial""[Title] OR ""mitochondrion""[Title])"
EU679346.1,ST3,1608,9e11e78b37b656f2d5b4d55f69faa92a,Unknown,unknown,USA,Unknown,Unknown,Unknown,high,placement_high (d=0.064),broad_query,2026-08-13T12:29:33.338201+00:00,"Blastocystis[Organism] AND (""18S""[All Fields] OR ""SSU""[All Fields] OR ""small subunit""[All Fields] OR ""18S ribosomal""[All Fields] OR ""SSU rRNA""[All Fields] OR ""ribosomal RNA""[All Fields] OR ""rRNA""[All Fields] OR ""rDNA""[All Fields]) NOT (""whole genome""[Title] OR ""complete genome""[Title] OR ""WGS""[Title] OR ""shotgun""[Title] OR ""mitochondrial""[Title] OR ""mitochondrion""[Title])"
AY618265.1,ST2,1779,89e25696ac6e03dcb89ec493bb81030d,Homo sapiens,host_qualifier,Thailand: Praginburi province,Unknown,Unknown,Unknown,medium,placement_medium (d=0.099),broad_query,2026-08-13T12:29:33.338201+00:00,"Blastocystis[Organism] AND (""18S""[All Fields] OR ""SSU""[All Fields] OR ""small subunit""[All Fields] OR ""18S ribosomal""[All Fields] OR ""SSU rRNA""[All Fields] OR ""ribosomal RNA""[All Fields] OR ""rRNA""[All Fields] OR ""rDNA""[All Fields]) NOT (""whole genome""[Title] OR ""complete genome""[Title] OR ""WGS""[Title] OR ""shotgun""[Title] OR ""mitochondrial""[Title] OR ""mitochondrion""[Title])"
EU445496.1,ST3,1769,8c64b21917c6e0aefff02020ec789823,Homo sapiens,host_qualifier,Unknown,Unknown,Unknown,Unknown,high,placement_high (d=0.026),broad_query,2026-08-13T12:29:33.338201+00:00,"Blastocystis[Organism] AND (""18S""[All Fields] OR ""SSU""[All Fields] OR ""small subunit""[All Fields] OR ""18S ribosomal""[All Fields] OR ""SSU rRNA""[All Fields] OR ""ribosomal RNA""[All Fields] OR ""rRNA""[All Fields] OR ""rDNA""[All Fields]) NOT (""whole genome""[Title] OR ""complete genome""[Title] OR ""WGS""[Title] OR ""shotgun""[Title] OR ""mitochondrial""[Title] OR ""mitochondrion""[Title])"
EU445492.1,ST1,1770,ddac15de0317c989f0b71a851d625353,Homo sapiens,host_qualifier,Unknown,Unknown,Unknown,Unknown,high,placement_high (d=0.028),broad_query,2026-08-13T12:29:33.338201+00:00,"Blastocystis[Organism] AND (""18S""[All Fields] OR ""SSU""[All Fields] OR ""small subunit""[All Fields] OR ""18S ribosomal""[All Fields] OR ""SSU rRNA""[All Fields] OR ""ribosomal RNA""[All Fields] OR ""rRNA""[All Fields] OR ""rDNA""[All Fields]) NOT (""whole genome""[Title] OR ""complete genome""[Title] OR ""WGS""[Title] OR ""shotgun""[Title] OR ""mitochondrial""[Title] OR ""mitochondrion""[Title])"
EU445490.1,ST1,1770,b958c7284901432ce2bab5dcb2a4c74e,Primates sp.,host_qualifier,Unknown,Unknown,Unknown,Unknown,high,placement_high (d=0.058),broad_query,2026-08-13T12:29:33.338201+00:00,"Blastocystis[Organism] AND (""18S""[All Fields] OR ""SSU""[All Fields] OR ""small subunit""[All Fields] OR ""18S ribosomal""[All Fields] OR ""SSU rRNA""[All Fields] OR ""ribosomal RNA""[All Fields] OR ""rRNA""[All Fields] OR ""rDNA""[All Fields]) NOT (""whole genome""[Title] OR ""complete genome""[Title] OR ""WGS""[Title] OR ""shotgun""[Title] OR ""mitochondrial""[Title] OR ""mitochondrion""[Title])"
EU445488.1,ST1,1770,cf9a17f5c5db3cc9d86ce08722e47c5b,Primates sp.,host_qualifier,Unknown,Unknown,Unknown,Unknown,high,placement_high (d=0.053),broad_query,2026-08-13T12:29:33.338201+00:00,"Blastocystis[Organism] AND (""18S""[All Fields] OR ""SSU""[All Fields] OR ""small subunit""[All Fields] OR ""18S ribosomal""[All Fields] OR ""SSU rRNA""[All Fields] OR ""ribosomal RNA""[All Fields] OR ""rRNA""[All Fields] OR ""rDNA""[All Fields]) NOT (""whole genome""[Title] OR ""complete genome""[Title] OR ""WGS""[Title] OR ""shotgun""[Title] OR ""mitochondrial""[Title] OR ""mitochondrion""[Title])"
EU445486.1,ST1,1771,fb4005e8e0be9c1135604c9101043b88,Sus scrofa,host_qualifier,Unknown,Unknown,Unknown,Unknown,high,placement_high (d=0.039),broad_query,2026-08-13T12:29:33.338201+00:00,"Blastocystis[Organism] AND (""18S""[All Fields] OR ""SSU""[All Fields] OR ""small subunit""[All Fields] OR ""18S ribosomal""[All Fields] OR ""SSU rRNA""[All Fields] OR ""ribosomal RNA""[All Fields] OR ""rRNA""[All Fields] OR ""rDNA""[All Fields]) NOT (""whole genome""[Title] OR ""complete genome""[Title] OR ""WGS""[Title] OR ""shotgun""[Title] OR ""mitochondrial""[Title] OR ""mitochondrion""[Title])"
EU445485.1,ST6,1741,4f7b47e6060b94128d43154dfe59dc43,Gallus gallus,host_qualifier,Unknown,Unknown,Unknown,Unknown,high,placement_high (d=0.054),broad_query,2026-08-13T12:29:33.338201+00:00,"Blastocystis[Organism] AND (""18S""[All Fields] OR ""SSU""[All Fields] OR ""small subunit""[All Fields] OR ""18S ribosomal""[All Fields] OR ""SSU rRNA""[All Fields] OR ""ribosomal RNA""[All Fields] OR ""rRNA""[All Fields] OR ""rDNA""[All Fields]) NOT (""whole genome""[Title] OR ""complete genome""[Title] OR ""WGS""[Title] OR ""shotgun""[Title] OR ""mitochondrial""[Title] OR ""mitochondrion""[Title])"
FJ809939.1,ST7,1793,a331445a6839401267ce1397154a1324,Homo sapiens,organism,Unknown,Unknown,Unknown,Unknown,medium,placement_medium (d=0.100),broad_query,2026-08-13T12:29:33.338201+00:00,"Blastocystis[Organism] AND (""18S""[All Fields] OR ""SSU""[All Fields] OR ""small subunit""[All Fields] OR ""18S ribosomal""[All Fields] OR ""SSU rRNA""[All Fields] OR ""ribosomal RNA""[All Fields] OR ""rRNA""[All Fields] OR ""rDNA""[All Fields]) NOT (""whole genome""[Title] OR ""complete genome""[Title] OR ""WGS""[Title] OR ""shotgun""[Title] OR ""mitochondrial""[Title] OR ""mitochondrion""[Title])"
AB091251.1,ST4,1729,da6d2b206d2f967777f1ba31c2f7fa75,Brown Norway rat,isolation_source,Unknown,Unknown,Brown Norway rat,Unknown,high,placement_high (d=0.038),broad_query,2026-08-13T12:29:33.338201+00:00,"Blastocystis[Organism] AND (""18S""[All Fields] OR ""SSU""[All Fields] OR ""small subunit""[All Fields] OR ""18S ribosomal""[All Fields] OR ""SSU rRNA""[All Fields] OR ""ribosomal RNA""[All Fields] OR ""rRNA""[All Fields] OR ""rDNA""[All Fields]) NOT (""whole genome""[Title] OR ""complete genome""[Title] OR ""WGS""[Title] OR ""shotgun""[Title] OR ""mitochondrial""[Title] OR ""mitochondrion""[Title])"
AB091250.1,ST5,1734,5d597cc125e51bbb04e134b3fdcd4ad0,Sus scrofa,isolation_source,Unknown,Unknown,Pig,Unknown,high,placement_high (d=0.024),broad_query,2026-08-13T12:29:33.338201+00:00,"Blastocystis[Organism] AND (""18S""[All Fields] OR ""SSU""[All Fields] OR ""small subunit""[All Fields] OR ""18S ribosomal""[All Fields] OR ""SSU rRNA""[All Fields] OR ""ribosomal RNA""[All Fields] OR ""rRNA""[All Fields] OR ""rDNA""[All Fields]) NOT (""whole genome""[Title] OR ""complete genome""[Title] OR ""WGS""[Title] OR ""shotgun""[Title] OR ""mitochondrial""[Title] OR ""mitochondrion""[Title])"
AB091249.1,ST5,1734,d3022dfc15cac311eca160c02f3dd8d3,Sus scrofa,isolation_source,Unknown,Unknown,Pig,Unknown,high,placement_high (d=0.033),broad_query,2026-08-13T12:29:33.338201+00:00,"Blastocystis[Organism] AND (""18S""[All Fields] OR ""SSU""[All Fields] OR ""small subunit""[All Fields] OR ""18S ribosomal""[All Fields] OR ""SSU rRNA""[All Fields] OR ""ribosomal RNA""[All Fields] OR ""rRNA""[All Fields] OR ""rDNA""[All Fields]) NOT (""whole genome""[Title] OR ""complete genome""[Title] OR ""WGS""[Title] OR ""shotgun""[Title] OR ""mitochondrial""[Title] OR ""mitochondrion""[Title])"
AB091248.1,ST5,1734,b4623bb133c2ab453149f12b63ef3d0a,Sus scrofa,isolation_source,Unknown,Unknown,Pig,Unknown,high,placement_high (d=0.041),broad_query,2026-08-13T12:29:33.338201+00:00,"Blastocystis[Organism] AND (""18S""[All Fields] OR ""SSU""[All Fields] OR ""small subunit""[All Fields] OR ""18S ribosomal""[All Fields] OR ""SSU rRNA""[All Fields] OR ""ribosomal RNA""[All Fields] OR ""rRNA""[All Fields] OR ""rDNA""[All Fields]) NOT (""whole genome""[Title] OR ""complete genome""[Title] OR ""WGS""[Title] OR ""shotgun""[Title] OR ""mitochondrial""[Title] OR ""mitochondrion""[Title])"
AB091247.1,ST7,1760,7ded02f53b96ba8c2a71f468537b4838,Japanese quail,isolation_source,Unknown,Unknown,Japanese quail,Unknown,high,placement_high (d=0.067),broad_query,2026-08-13T12:29:33.338201+00:00,"Blastocystis[Organism] AND (""18S""[All Fields] OR ""SSU""[All Fields] OR ""small subunit""[All Fields] OR ""18S ribosomal""[All Fields] OR ""SSU rRNA""[All Fields] OR ""ribosomal RNA""[All Fields] OR ""rRNA""[All Fields] OR ""rDNA""[All Fields]) NOT (""whole genome""[Title] OR ""complete genome""[Title] OR ""WGS""[Title] OR ""shotgun""[Title] OR ""mitochondrial""[Title] OR ""mitochondrion""[Title])"
AB091246.1,ST7,1759,74fa3c721f81cf5be9764db21d16375b,Japanese quail,isolation_source,Unknown,Unknown,Japanese quail,Unknown,high,placement_high (d=0.057),broad_query,2026-08-13T12:29:33.338201+00:00,"Blastocystis[Organism] AND (""18S""[All Fields] OR ""SSU""[All Fields] OR ""small subunit""[All Fields] OR ""18S ribosomal""[All Fields] OR ""SSU rRNA""[All Fields] OR ""ribosomal RNA""[All Fields] OR ""rRNA""[All Fields] OR ""rDNA""[All Fields]) NOT (""whole genome""[Title] OR ""complete genome""[Title] OR ""WGS""[Title] OR ""shotgun""[Title] OR ""mitochondrial""[Title] OR ""mitochondrion""[Title])"
AB091245.1,ST7,1759,5dcb8a67f3f53f7398198b2d4c22871b,Japanese quail,isolation_source,Unknown,Unknown,Japanese quail,Unknown,high,placement_high (d=0.050),broad_query,2026-08-13T12:29:33.338201+00:00,"Blastocystis[Organism] AND (""18S""[All Fields] OR ""SSU""[All Fields] OR ""small subunit""[All Fields] OR ""18S ribosomal""[All Fields] OR ""SSU rRNA""[All Fields] OR ""ribosomal RNA""[All Fields] OR ""rRNA""[All Fields] OR ""rDNA""[All Fields]) NOT (""whole genome""[Title] OR ""complete genome""[Title] OR ""WGS""[Title] OR ""shotgun""[Title] OR ""mitochondrial""[Title] OR ""mitochondrion""[Title])"
AB091244.1,ST7,1756,bf5459abb197daddb6a50684e5ae90b6,Japanese quail,isolation_source,Unknown,Unknown,Japanese quail,Unknown,medium,placement_medium (d=0.080),broad_query,2026-08-13T12:29:33.338201+00:00,"Blastocystis[Organism] AND (""18S""[All Fields] OR ""SSU""[All Fields] OR ""small subunit""[All Fields] OR ""18S ribosomal""[All Fields] OR ""SSU rRNA""[All Fields] OR ""ribosomal RNA""[All Fields] OR ""rRNA""[All Fields] OR ""rDNA""[All Fields]) NOT (""whole genome""[Title] OR ""complete genome""[Title] OR ""WGS""[Title] OR ""shotgun""[Title] OR ""mitochondrial""[Title] OR ""mitochondrion""[Title])"
AB091243.1,ST6,1691,732d47f1062b2770adca18d01032eeb5,Japanese quail,isolation_source,Unknown,Unknown,Japanese quail,Unknown,high,placement_high (d=0.077),broad_query,2026-08-13T12:29:33.338201+00:00,"Blastocystis[Organism] AND (""18S""[All Fields] OR ""SSU""[All Fields] OR ""small subunit""[All Fields] OR ""18S ribosomal""[All Fields] OR ""SSU rRNA""[All Fields] OR ""ribosomal RNA""[All Fields] OR ""rRNA""[All Fields] OR ""rDNA""[All Fields]) NOT (""whole genome""[Title] OR ""complete genome""[Title] OR ""WGS""[Title] OR ""shotgun""[Title] OR ""mitochondrial""[Title] OR ""mitochondrion""[Title])"
AB091242.1,ST6,1692,306e70d564ca00ca6917485aa15c0168,Gallus gallus,isolation_source,Unknown,Unknown,chicken,Unknown,medium,placement_medium (d=0.094),broad_query,2026-08-13T12:29:33.338201+00:00,"Blastocystis[Organism] AND (""18S""[All Fields] OR ""SSU""[All Fields] OR ""small subunit""[All Fields] OR ""18S ribosomal""[All Fields] OR ""SSU rRNA""[All Fields] OR ""ribosomal RNA""[All Fields] OR ""rRNA""[All Fields] OR ""rDNA""[All Fields]) NOT (""whole genome""[Title] OR ""complete genome""[Title] OR ""WGS""[Title] OR ""shotgun""[Title] OR ""mitochondrial""[Title] OR ""mitochondrion""[Title])"
AB091241.1,ST1,1720,1becdbfb6e07fd68e8f04fb12a1bb518,Gallus gallus,isolation_source,Unknown,Unknown,chicken,Unknown,high,placement_high (d=0.070),broad_query,2026-08-13T12:29:33.338201+00:00,"Blastocystis[Organism] AND (""18S""[All Fields] OR ""SSU""[All Fields] OR ""small subunit""[All Fields] OR ""18S ribosomal""[All Fields] OR ""SSU rRNA""[All Fields] OR ""ribosomal RNA""[All Fields] OR ""rRNA""[All Fields] OR ""rDNA""[All Fields]) NOT (""whole genome""[Title] OR ""complete genome""[Title] OR ""WGS""[Title] OR ""shotgun""[Title] OR ""mitochondrial""[Title] OR ""mitochondrion""[Title])"
AB091240.1,ST1,1720,259a70b7a1ddc17ed4f69ecae315f4a0,Gallus gallus,isolation_source,Unknown,Unknown,chicken,Unknown,medium,placement_medium (d=0.081),broad_query,2026-08-13T12:29:33.338201+00:00,"Blastocystis[Organism] AND (""18S""[All Fields] OR ""SSU""[All Fields] OR ""small subunit""[All Fields] OR ""18S ribosomal""[All Fields] OR ""SSU rRNA""[All Fields] OR ""ribosomal RNA""[All Fields] OR ""rRNA""[All Fields] OR ""rDNA""[All Fields]) NOT (""whole genome""[Title] OR ""complete genome""[Title] OR ""WGS""[Title] OR ""shotgun""[Title] OR ""mitochondrial""[Title] OR ""mitochondrion""[Title])"
AB091239.1,ST7,1757,854e4aecc9718b06484772c49ce065f4,Homo sapiens,host_qualifier,Unknown,Unknown,Unknown,Unknown,medium,placement_medium (d=0.103),broad_query,2026-08-13T12:29:33.338201+00:00,"Blastocystis[Organism] AND (""18S""[All Fields] OR ""SSU""[All Fields] OR ""small subunit""[All Fields] OR ""18S ribosomal""[All Fields] OR ""SSU rRNA""[All Fields] OR ""ribosomal RNA""[All Fields] OR ""rRNA""[All Fields] OR ""rDNA""[All Fields]) NOT (""whole genome""[Title] OR ""complete genome""[Title] OR ""WGS""[Title] OR ""shotgun""[Title] OR ""mitochondrial""[Title] OR ""mitochondrion""[Title])"
AB091237.1,ST6,1690,b86ad9977aafeb97c730f0807fcc2807,Homo sapiens,host_qualifier,Unknown,Unknown,Unknown,Unknown,high,placement_high (d=0.078),broad_query,2026-08-13T12:29:33.338201+00:00,"Blastocystis[Organism] AND (""18S""[All Fields] OR ""SSU""[All Fields] OR ""small subunit""[All Fields] OR ""18S ribosomal""[All Fields] OR ""SSU rRNA""[All Fields] OR ""ribosomal RNA""[All Fields] OR ""rRNA""[All Fields] OR ""rDNA""[All Fields]) NOT (""whole genome""[Title] OR ""complete genome""[Title] OR ""WGS""[Title] OR ""shotgun""[Title] OR ""mitochondrial""[Title] OR ""mitochondrion""[Title])"
AB091236.1,ST6,1691,6568ce6d53f2cde212ba7a5c621be3d4,Homo sapiens,host_qualifier,Unknown,Unknown,Unknown,Unknown,medium,placement_medium (d=0.094),broad_query,2026-08-13T12:29:33.338201+00:00,"Blastocystis[Organism] AND (""18S""[All Fields] OR ""SSU""[All Fields] OR ""small subunit""[All Fields] OR ""18S ribosomal""[All Fields] OR ""SSU rRNA""[All Fields] OR ""ribosomal RNA""[All Fields] OR ""rRNA""[All Fields] OR ""rDNA""[All Fields]) NOT (""whole genome""[Title] OR ""complete genome""[Title] OR ""WGS""[Title] OR ""shotgun""[Title] OR ""mitochondrial""[Title] OR ""mitochondrion""[Title])"
AB091235.1,ST3,1719,b06276f79dd2e12b21120b573dbeaf84,Homo sapiens,host_qualifier,Unknown,Unknown,Unknown,Unknown,high,placement_high (d=0.022),broad_query,2026-08-13T12:29:33.338201+00:00,"Blastocystis[Organism] AND (""18S""[All Fields] OR ""SSU""[All Fields] OR ""small subunit""[All Fields] OR ""18S ribosomal""[All Fields] OR ""SSU rRNA""[All Fields] OR ""ribosomal RNA""[All Fields] OR ""rRNA""[All Fields] OR ""rDNA""[All Fields]) NOT (""whole genome""[Title] OR ""complete genome""[Title] OR ""WGS""[Title] OR ""shotgun""[Title] OR ""mitochondrial""[Title] OR ""mitochondrion""[Title])"
AB091234.1,ST3,1719,944c8e5f1b1cba552ff23e55f6cc5530,Homo sapiens,host_qualifier,Unknown,Unknown,Unknown,Unknown,high,placement_high (d=0.032),broad_query,2026-08-13T12:29:33.338201+00:00,"Blastocystis[Organism] AND (""18S""[All Fields] OR ""SSU""[All Fields] OR ""small subunit""[All Fields] OR ""18S ribosomal""[All Fields] OR ""SSU rRNA""[All Fields] OR ""ribosomal RNA""[All Fields] OR ""rRNA""[All Fields] OR ""rDNA""[All Fields]) NOT (""whole genome""[Title] OR ""complete genome""[Title] OR ""WGS""[Title] OR ""shotgun""[Title] OR ""mitochondrial""[Title] OR ""mitochondrion""[Title])"
AB091233.1,ST3,1719,a7edd31b0c24f1e15a0cbcb78370595d,Homo sapiens,host_qualifier,Unknown,Unknown,Unknown,Unknown,high,placement_high (d=0.023),broad_query,2026-08-13T12:29:33.338201+00:00,"Blastocystis[Organism] AND (""18S""[All Fields] OR ""SSU""[All Fields] OR ""small subunit""[All Fields] OR ""18S ribosomal""[All Fields] OR ""SSU rRNA""[All Fields] OR ""ribosomal RNA""[All Fields] OR ""rRNA""[All Fields] OR ""rDNA""[All Fields]) NOT (""whole genome""[Title] OR ""complete genome""[Title] OR ""WGS""[Title] OR ""shotgun""[Title] OR ""mitochondrial""[Title] OR ""mitochondrion""[Title])"
EF200010.1,ST2,1022,f7a9e09a2797e6914347a27c5c4015bf,Homo sapiens,host_qualifier,Thailand,Unknown,stool,Unknown,low,placement_low (d=0.228),broad_query,2026-08-13T12:29:33.338201+00:00,"Blastocystis[Organism] AND (""18S""[All Fields] OR ""SSU""[All Fields] OR ""small subunit""[All Fields] OR ""18S ribosomal""[All Fields] OR ""SSU rRNA""[All Fields] OR ""ribosomal RNA""[All Fields] OR ""rRNA""[All Fields] OR ""rDNA""[All Fields]) NOT (""whole genome""[Title] OR ""complete genome""[Title] OR ""WGS""[Title] OR ""shotgun""[Title] OR ""mitochondrial""[Title] OR ""mitochondrion""[Title])"
EU082109.1,ST7,1796,ae99196f8ed620e71a1355e68ca0ec8d,Homo sapiens,organism,Unknown,Unknown,Unknown,Unknown,medium,placement_medium (d=0.140),broad_query,2026-08-13T12:29:33.338201+00:00,"Blastocystis[Organism] AND (""18S""[All Fields] OR ""SSU""[All Fields] OR ""small subunit""[All Fields] OR ""18S ribosomal""[All Fields] OR ""SSU rRNA""[All Fields] OR ""ribosomal RNA""[All Fields] OR ""rRNA""[All Fields] OR ""rDNA""[All Fields]) NOT (""whole genome""[Title] OR ""complete genome""[Title] OR ""WGS""[Title] OR ""shotgun""[Title] OR ""mitochondrial""[Title] OR ""mitochondrion""[Title])"
AM275395.1,ST6,1016,b31b7178bc179c38f9848140ff90a36c,Homo sapiens,organism,Denmark,01-May-2005,Unknown,Unknown,low,placement_low (d=0.274),broad_query,2026-08-13T12:29:33.338201+00:00,"Blastocystis[Organism] AND (""18S""[All Fields] OR ""SSU""[All Fields] OR ""small subunit""[All Fields] OR ""18S ribosomal""[All Fields] OR ""SSU rRNA""[All Fields] OR ""ribosomal RNA""[All Fields] OR ""rRNA""[All Fields] OR ""rDNA""[All Fields]) NOT (""whole genome""[Title] OR ""complete genome""[Title] OR ""WGS""[Title] OR ""shotgun""[Title] OR ""mitochondrial""[Title] OR ""mitochondrion""[Title])"
AM275388.1,ST2,1024,542c226f39e0047ce5cc3f36c3c8a197,Homo sapiens,organism,Denmark,01-May-2005,Unknown,Unknown,high,placement_high (d=0.073),broad_query,2026-08-13T12:29:33.338201+00:00,"Blastocystis[Organism] AND (""18S""[All Fields] OR ""SSU""[All Fields] OR ""small subunit""[All Fields] OR ""18S ribosomal""[All Fields] OR ""SSU rRNA""[All Fields] OR ""ribosomal RNA""[All Fields] OR ""rRNA""[All Fields] OR ""rDNA""[All Fields]) NOT (""whole genome""[Title] OR ""complete genome""[Title] OR ""WGS""[Title] OR ""shotgun""[Title] OR ""mitochondrial""[Title] OR ""mitochondrion""[Title])"
AM275387.1,ST2,1031,5623cb39e2dce856997d16f17024e481,Homo sapiens,organism,Denmark,01-May-2005,Unknown,Unknown,high,placement_high (d=0.072),broad_query,2026-08-13T12:29:33.338201+00:00,"Blastocystis[Organism] AND (""18S""[All Fields] OR ""SSU""[All Fields] OR ""small subunit""[All Fields] OR ""18S ribosomal""[All Fields] OR ""SSU rRNA""[All Fields] OR ""ribosomal RNA""[All Fields] OR ""rRNA""[All Fields] OR ""rDNA""[All Fields]) NOT (""whole genome""[Title] OR ""complete genome""[Title] OR ""WGS""[Title] OR ""shotgun""[Title] OR ""mitochondrial""[Title] OR ""mitochondrion""[Title])"
AM275386.1,ST2,1030,e155f5dc728efd3633d9627da2ef5cb3,Homo sapiens,organism,Denmark,01-May-2005,Unknown,Unknown,high,placement_high (d=0.008),broad_query,2026-08-13T12:29:33.338201+00:00,"Blastocystis[Organism] AND (""18S""[All Fields] OR ""SSU""[All Fields] OR ""small subunit""[All Fields] OR ""18S ribosomal""[All Fields] OR ""SSU rRNA""[All Fields] OR ""ribosomal RNA""[All Fields] OR ""rRNA""[All Fields] OR ""rDNA""[All Fields]) NOT (""whole genome""[Title] OR ""complete genome""[Title] OR ""WGS""[Title] OR ""shotgun""[Title] OR ""mitochondrial""[Title] OR ""mitochondrion""[Title])"
AM275385.1,ST2,1022,9e0f5fa7c270f7f59c989100192a0e83,Homo sapiens,organism,Denmark,01-May-2005,Unknown,Unknown,high,placement_high (d=0.002),broad_query,2026-08-13T12:29:33.338201+00:00,"Blastocystis[Organism] AND (""18S""[All Fields] OR ""SSU""[All Fields] OR ""small subunit""[All Fields] OR ""18S ribosomal""[All Fields] OR ""SSU rRNA""[All Fields] OR ""ribosomal RNA""[All Fields] OR ""rRNA""[All Fields] OR ""rDNA""[All Fields]) NOT (""whole genome""[Title] OR ""complete genome""[Title] OR ""WGS""[Title] OR ""shotgun""[Title] OR ""mitochondrial""[Title] OR ""mitochondrion""[Title])"
AM275383.1,ST2,1022,7c43b20c6c809d827b3225dab4978a28,Homo sapiens,organism,Denmark,01-May-2005,Unknown,Unknown,high,placement_high (d=0.071),broad_query,2026-08-13T12:29:33.338201+00:00,"Blastocystis[Organism] AND (""18S""[All Fields] OR ""SSU""[All Fields] OR ""small subunit""[All Fields] OR ""18S ribosomal""[All Fields] OR ""SSU rRNA""[All Fields] OR ""ribosomal RNA""[All Fields] OR ""rRNA""[All Fields] OR ""rDNA""[All Fields]) NOT (""whole genome""[Title] OR ""complete genome""[Title] OR ""WGS""[Title] OR ""shotgun""[Title] OR ""mitochondrial""[Title] OR ""mitochondrion""[Title])"
AM275382.1,ST2,1029,cd55d46a9cbcee05875232e5ebb3b3c7,Homo sapiens,organism,Denmark,01-May-2005,Unknown,Unknown,high,placement_high (d=0.071),broad_query,2026-08-13T12:29:33.338201+00:00,"Blastocystis[Organism] AND (""18S""[All Fields] OR ""SSU""[All Fields] OR ""small subunit""[All Fields] OR ""18S ribosomal""[All Fields] OR ""SSU rRNA""[All Fields] OR ""ribosomal RNA""[All Fields] OR ""rRNA""[All Fields] OR ""rDNA""[All Fields]) NOT (""whole genome""[Title] OR ""complete genome""[Title] OR ""WGS""[Title] OR ""shotgun""[Title] OR ""mitochondrial""[Title] OR ""mitochondrion""[Title])"
AM275380.1,ST2,1030,04c250a9ac78b2dc51b79d32a18c34b6,Homo sapiens,organism,Denmark,01-May-2005,Unknown,Unknown,high,placement_high (d=0.008),broad_query,2026-08-13T12:29:33.338201+00:00,"Blastocystis[Organism] AND (""18S""[All Fields] OR ""SSU""[All Fields] OR ""small subunit""[All Fields] OR ""18S ribosomal""[All Fields] OR ""SSU rRNA""[All Fields] OR ""ribosomal RNA""[All Fields] OR ""rRNA""[All Fields] OR ""rDNA""[All Fields]) NOT (""whole genome""[Title] OR ""complete genome""[Title] OR ""WGS""[Title] OR ""shotgun""[Title] OR ""mitochondrial""[Title] OR ""mitochondrion""[Title])"
AM275379.1,ST2,1027,26eb0843127fa98e02fa02de36c3dce0,Homo sapiens,organism,Denmark,01-May-2005,Unknown,Unknown,high,placement_high (d=0.005),broad_query,2026-08-13T12:29:33.338201+00:00,"Blastocystis[Organism] AND (""18S""[All Fields] OR ""SSU""[All Fields] OR ""small subunit""[All Fields] OR ""18S ribosomal""[All Fields] OR ""SSU rRNA""[All Fields] OR ""ribosomal RNA""[All Fields] OR ""rRNA""[All Fields] OR ""rDNA""[All Fields]) NOT (""whole genome""[Title] OR ""complete genome""[Title] OR ""WGS""[Title] OR ""shotgun""[Title] OR ""mitochondrial""[Title] OR ""mitochondrion""[Title])"
AM275377.1,ST2,1014,0360a910ab466764a7ed4bbf109b663b,Homo sapiens,organism,Denmark,01-May-2005,Unknown,Unknown,high,placement_high (d=0.008),broad_query,2026-08-13T12:29:33.338201+00:00,"Blastocystis[Organism] AND (""18S""[All Fields] OR ""SSU""[All Fields] OR ""small subunit""[All Fields] OR ""18S ribosomal""[All Fields] OR ""SSU rRNA""[All Fields] OR ""ribosomal RNA""[All Fields] OR ""rRNA""[All Fields] OR ""rDNA""[All Fields]) NOT (""whole genome""[Title] OR ""complete genome""[Title] OR ""WGS""[Title] OR ""shotgun""[Title] OR ""mitochondrial""[Title] OR ""mitochondrion""[Title])"
AM275376.1,ST2,1033,49b3383f9307c177bf30909a1c0d2c37,Homo sapiens,organism,Denmark,01-May-2005,Unknown,Unknown,medium,placement_medium (d=0.092),broad_query,2026-08-13T12:29:33.338201+00:00,"Blastocystis[Organism] AND (""18S""[All Fields] OR ""SSU""[All Fields] OR ""small subunit""[All Fields] OR ""18S ribosomal""[All Fields] OR ""SSU rRNA""[All Fields] OR ""ribosomal RNA""[All Fields] OR ""rRNA""[All Fields] OR ""rDNA""[All Fields]) NOT (""whole genome""[Title] OR ""complete genome""[Title] OR ""WGS""[Title] OR ""shotgun""[Title] OR ""mitochondrial""[Title] OR ""mitochondrion""[Title])"
AM275374.1,ST2,1033,53ee07c5d29ed0401d966c3db5379432,Homo sapiens,organism,Denmark,01-May-2005,Unknown,Unknown,medium,placement_medium (d=0.091),broad_query,2026-08-13T12:29:33.338201+00:00,"Blastocystis[Organism] AND (""18S""[All Fields] OR ""SSU""[All Fields] OR ""small subunit""[All Fields] OR ""18S ribosomal""[All Fields] OR ""SSU rRNA""[All Fields] OR ""ribosomal RNA""[All Fields] OR ""rRNA""[All Fields] OR ""rDNA""[All Fields]) NOT (""whole genome""[Title] OR ""complete genome""[Title] OR ""WGS""[Title] OR ""shotgun""[Title] OR ""mitochondrial""[Title] OR ""mitochondrion""[Title])"
AM275371.1,ST2,1031,a235d3982ac6f141e793dbc856979aac,Homo sapiens,organism,Denmark,01-May-2005,Unknown,Unknown,low,placement_low (d=0.200),broad_query,2026-08-13T12:29:33.338201+00:00,"Blastocystis[Organism] AND (""18S""[All Fields] OR ""SSU""[All Fields] OR ""small subunit""[All Fields] OR ""18S ribosomal""[All Fields] OR ""SSU rRNA""[All Fields] OR ""ribosomal RNA""[All Fields] OR ""rRNA""[All Fields] OR ""rDNA""[All Fields]) NOT (""whole genome""[Title] OR ""complete genome""[Title] OR ""WGS""[Title] OR ""shotgun""[Title] OR ""mitochondrial""[Title] OR ""mitochondrion""[Title])"
AM275370.1,ST2,1013,f0761b1fa64ac95511d59a37de748707,Homo sapiens,organism,Denmark,01-May-2005,Unknown,Unknown,high,placement_high (d=0.065),broad_query,2026-08-13T12:29:33.338201+00:00,"Blastocystis[Organism] AND (""18S""[All Fields] OR ""SSU""[All Fields] OR ""small subunit""[All Fields] OR ""18S ribosomal""[All Fields] OR ""SSU rRNA""[All Fields] OR ""ribosomal RNA""[All Fields] OR ""rRNA""[All Fields] OR ""rDNA""[All Fields]) NOT (""whole genome""[Title] OR ""complete genome""[Title] OR ""WGS""[Title] OR ""shotgun""[Title] OR ""mitochondrial""[Title] OR ""mitochondrion""[Title])"
AM275369.1,ST2,1014,59c0a79347dcb44892528a4751c804a1,Homo sapiens,organism,Denmark,01-May-2005,Unknown,Unknown,medium,placement_medium (d=0.090),broad_query,2026-08-13T12:29:33.338201+00:00,"Blastocystis[Organism] AND (""18S""[All Fields] OR ""SSU""[All Fields] OR ""small subunit""[All Fields] OR ""18S ribosomal""[All Fields] OR ""SSU rRNA""[All Fields] OR ""ribosomal RNA""[All Fields] OR ""rRNA""[All Fields] OR ""rDNA""[All Fields]) NOT (""whole genome""[Title] OR ""complete genome""[Title] OR ""WGS""[Title] OR ""shotgun""[Title] OR ""mitochondrial""[Title] OR ""mitochondrion""[Title])"
AM275368.1,ST2,1029,6243e435581381cf3ac0a05504d996e4,Homo sapiens,organism,Denmark,01-May-2005,Unknown,Unknown,high,placement_high (d=0.033),broad_query,2026-08-13T12:29:33.338201+00:00,"Blastocystis[Organism] AND (""18S""[All Fields] OR ""SSU""[All Fields] OR ""small subunit""[All Fields] OR ""18S ribosomal""[All Fields] OR ""SSU rRNA""[All Fields] OR ""ribosomal RNA""[All Fields] OR ""rRNA""[All Fields] OR ""rDNA""[All Fields]) NOT (""whole genome""[Title] OR ""complete genome""[Title] OR ""WGS""[Title] OR ""shotgun""[Title] OR ""mitochondrial""[Title] OR ""mitochondrion""[Title])"
AM275367.1,ST2,1019,5a441bf76961e7b4d1c073efadbdc4e7,Homo sapiens,organism,Denmark,01-May-2005,Unknown,Unknown,high,placement_high (d=0.019),broad_query,2026-08-13T12:29:33.338201+00:00,"Blastocystis[Organism] AND (""18S""[All Fields] OR ""SSU""[All Fields] OR ""small subunit""[All Fields] OR ""18S ribosomal""[All Fields] OR ""SSU rRNA""[All Fields] OR ""ribosomal RNA""[All Fields] OR ""rRNA""[All Fields] OR ""rDNA""[All Fields]) NOT (""whole genome""[Title] OR ""complete genome""[Title] OR ""WGS""[Title] OR ""shotgun""[Title] OR ""mitochondrial""[Title] OR ""mitochondrion""[Title])"
AM275366.1,ST6,1013,3f7da8a666c7cec2ff1f508087a8f244,Homo sapiens,organism,Denmark,01-May-2005,Unknown,Unknown,low,placement_low (d=0.263),broad_query,2026-08-13T12:29:33.338201+00:00,"Blastocystis[Organism] AND (""18S""[All Fields] OR ""SSU""[All Fields] OR ""small subunit""[All Fields] OR ""18S ribosomal""[All Fields] OR ""SSU rRNA""[All Fields] OR ""ribosomal RNA""[All Fields] OR ""rRNA""[All Fields] OR ""rDNA""[All Fields]) NOT (""whole genome""[Title] OR ""complete genome""[Title] OR ""WGS""[Title] OR ""shotgun""[Title] OR ""mitochondrial""[Title] OR ""mitochondrion""[Title])"
AM275361.1,ST1,1023,f5da901a1cbd6acc5b68d57ed95ce9d9,Homo sapiens,organism,Denmark,01-May-2005,Unknown,Unknown,high,placement_high (d=0.010),broad_query,2026-08-13T12:29:33.338201+00:00,"Blastocystis[Organism] AND (""18S""[All Fields] OR ""SSU""[All Fields] OR ""small subunit""[All Fields] OR ""18S ribosomal""[All Fields] OR ""SSU rRNA""[All Fields] OR ""ribosomal RNA""[All Fields] OR ""rRNA""[All Fields] OR ""rDNA""[All Fields]) NOT (""whole genome""[Title] OR ""complete genome""[Title] OR ""WGS""[Title] OR ""shotgun""[Title] OR ""mitochondrial""[Title] OR ""mitochondrion""[Title])"
AM275360.1,ST1,1027,d71605ef3937e17365e1696aefc49645,Homo sapiens,organism,Denmark,01-May-2005,Unknown,Unknown,high,placement_high (d=0.035),broad_query,2026-08-13T12:29:33.338201+00:00,"Blastocystis[Organism] AND (""18S""[All Fields] OR ""SSU""[All Fields] OR ""small subunit""[All Fields] OR ""18S ribosomal""[All Fields] OR ""SSU rRNA""[All Fields] OR ""ribosomal RNA""[All Fields] OR ""rRNA""[All Fields] OR ""rDNA""[All Fields]) NOT (""whole genome""[Title] OR ""complete genome""[Title] OR ""WGS""[Title] OR ""shotgun""[Title] OR ""mitochondrial""[Title] OR ""mitochondrion""[Title])"
AM275359.1,ST1,1030,4ea27e7f19d3854f914c71ee8a4bed36,Homo sapiens,organism,Denmark,01-May-2005,Unknown,Unknown,high,placement_high (d=0.050),broad_query,2026-08-13T12:29:33.338201+00:00,"Blastocystis[Organism] AND (""18S""[All Fields] OR ""SSU""[All Fields] OR ""small subunit""[All Fields] OR ""18S ribosomal""[All Fields] OR ""SSU rRNA""[All Fields] OR ""ribosomal RNA""[All Fields] OR ""rRNA""[All Fields] OR ""rDNA""[All Fields]) NOT (""whole genome""[Title] OR ""complete genome""[Title] OR ""WGS""[Title] OR ""shotgun""[Title] OR ""mitochondrial""[Title] OR ""mitochondrion""[Title])"
AM275358.1,ST1,1013,a96bec871cff7f103de6450670e641e2,Homo sapiens,organism,Denmark,01-May-2005,Unknown,Unknown,high,placement_high (d=0.010),broad_query,2026-08-13T12:29:33.338201+00:00,"Blastocystis[Organism] AND (""18S""[All Fields] OR ""SSU""[All Fields] OR ""small subunit""[All Fields] OR ""18S ribosomal""[All Fields] OR ""SSU rRNA""[All Fields] OR ""ribosomal RNA""[All Fields] OR ""rRNA""[All Fields] OR ""rDNA""[All Fields]) NOT (""whole genome""[Title] OR ""complete genome""[Title] OR ""WGS""[Title] OR ""shotgun""[Title] OR ""mitochondrial""[Title] OR ""mitochondrion""[Title])"
AM275357.1,ST1,1042,47eb1ae7fb05e0ead7f988a41a1db5f9,Homo sapiens,organism,Denmark,01-May-2005,Unknown,Unknown,medium,placement_medium (d=0.095),broad_query,2026-08-13T12:29:33.338201+00:00,"Blastocystis[Organism] AND (""18S""[All Fields] OR ""SSU""[All Fields] OR ""small subunit""[All Fields] OR ""18S ribosomal""[All Fields] OR ""SSU rRNA""[All Fields] OR ""ribosomal RNA""[All Fields] OR ""rRNA""[All Fields] OR ""rDNA""[All Fields]) NOT (""whole genome""[Title] OR ""complete genome""[Title] OR ""WGS""[Title] OR ""shotgun""[Title] OR ""mitochondrial""[Title] OR ""mitochondrion""[Title])"
AM275356.1,ST1,1020,865ac393ed9ba5cdc3eecaf5ae186028,Homo sapiens,organism,Denmark,01-May-2005,Unknown,Unknown,high,placement_high (d=0.052),broad_query,2026-08-13T12:29:33.338201+00:00,"Blastocystis[Organism] AND (""18S""[All Fields] OR ""SSU""[All Fields] OR ""small subunit""[All Fields] OR ""18S ribosomal""[All Fields] OR ""SSU rRNA""[All Fields] OR ""ribosomal RNA""[All Fields] OR ""rRNA""[All Fields] OR ""rDNA""[All Fields]) NOT (""whole genome""[Title] OR ""complete genome""[Title] OR ""WGS""[Title] OR ""shotgun""[Title] OR ""mitochondrial""[Title] OR ""mitochondrion""[Title])"
AM275355.1,ST1,1026,c7a5619fdc13d373b8780a071dd96d3b,Homo sapiens,organism,Denmark,01-May-2005,Unknown,Unknown,high,placement_high (d=0.073),broad_query,2026-08-13T12:29:33.338201+00:00,"Blastocystis[Organism] AND (""18S""[All Fields] OR ""SSU""[All Fields] OR ""small subunit""[All Fields] OR ""18S ribosomal""[All Fields] OR ""SSU rRNA""[All Fields] OR ""ribosomal RNA""[All Fields] OR ""rRNA""[All Fields] OR ""rDNA""[All Fields]) NOT (""whole genome""[Title] OR ""complete genome""[Title] OR ""WGS""[Title] OR ""shotgun""[Title] OR ""mitochondrial""[Title] OR ""mitochondrion""[Title])"
AM275354.1,ST1,1013,31cd4783906dbbc0e500f656568b5b34,Homo sapiens,organism,Denmark,01-May-2005,Unknown,Unknown,high,placement_high (d=0.052),broad_query,2026-08-13T12:29:33.338201+00:00,"Blastocystis[Organism] AND (""18S""[All Fields] OR ""SSU""[All Fields] OR ""small subunit""[All Fields] OR ""18S ribosomal""[All Fields] OR ""SSU rRNA""[All Fields] OR ""ribosomal RNA""[All Fields] OR ""rRNA""[All Fields] OR ""rDNA""[All Fields]) NOT (""whole genome""[Title] OR ""complete genome""[Title] OR ""WGS""[Title] OR ""shotgun""[Title] OR ""mitochondrial""[Title] OR ""mitochondrion""[Title])"
AM275353.1,ST1,1024,da2a2e53e42fb14fb52132922faf1050,Homo sapiens,organism,Denmark,01-May-2005,Unknown,Unknown,high,placement_high (d=0.001),broad_query,2026-08-13T12:29:33.338201+00:00,"Blastocystis[Organism] AND (""18S""[All Fields] OR ""SSU""[All Fields] OR ""small subunit""[All Fields] OR ""18S ribosomal""[All Fields] OR ""SSU rRNA""[All Fields] OR ""ribosomal RNA""[All Fields] OR ""rRNA""[All Fields] OR ""rDNA""[All Fields]) NOT (""whole genome""[Title] OR ""complete genome""[Title] OR ""WGS""[Title] OR ""shotgun""[Title] OR ""mitochondrial""[Title] OR ""mitochondrion""[Title])"
AM275352.1,ST1,1021,90d125e8889d4b3c22970f73b1faeaa3,Homo sapiens,organism,Denmark,01-May-2005,Unknown,Unknown,high,placement_high (d=0.008),broad_query,2026-08-13T12:29:33.338201+00:00,"Blastocystis[Organism] AND (""18S""[All Fields] OR ""SSU""[All Fields] OR ""small subunit""[All Fields] OR ""18S ribosomal""[All Fields] OR ""SSU rRNA""[All Fields] OR ""ribosomal RNA""[All Fields] OR ""rRNA""[All Fields] OR ""rDNA""[All Fields]) NOT (""whole genome""[Title] OR ""complete genome""[Title] OR ""WGS""[Title] OR ""shotgun""[Title] OR ""mitochondrial""[Title] OR ""mitochondrion""[Title])"
AM275351.1,ST1,1024,ee5ba847edcf884429079614a1f97f92,Homo sapiens,organism,Denmark,01-May-2005,Unknown,Unknown,high,placement_high (d=0.001),broad_query,2026-08-13T12:29:33.338201+00:00,"Blastocystis[Organism] AND (""18S""[All Fields] OR ""SSU""[All Fields] OR ""small subunit""[All Fields] OR ""18S ribosomal""[All Fields] OR ""SSU rRNA""[All Fields] OR ""ribosomal RNA""[All Fields] OR ""rRNA""[All Fields] OR ""rDNA""[All Fields]) NOT (""whole genome""[Title] OR ""complete genome""[Title] OR ""WGS""[Title] OR ""shotgun""[Title] OR ""mitochondrial""[Title] OR ""mitochondrion""[Title])"
AM275350.1,ST1,1015,585b93c7034fac34126b63a586fd717f,Homo sapiens,organism,Denmark,01-May-2005,Unknown,Unknown,high,placement_high (d=0.024),broad_query,2026-08-13T12:29:33.338201+00:00,"Blastocystis[Organism] AND (""18S""[All Fields] OR ""SSU""[All Fields] OR ""small subunit""[All Fields] OR ""18S ribosomal""[All Fields] OR ""SSU rRNA""[All Fields] OR ""ribosomal RNA""[All Fields] OR ""rRNA""[All Fields] OR ""rDNA""[All Fields]) NOT (""whole genome""[Title] OR ""complete genome""[Title] OR ""WGS""[Title] OR ""shotgun""[Title] OR ""mitochondrial""[Title] OR ""mitochondrion""[Title])"
AM275349.1,ST1,1024,ff0fc7a854c2f2419563c4039f812004,Homo sapiens,organism,Denmark,01-May-2005,Unknown,Unknown,high,placement_high (d=0.050),broad_query,2026-08-13T12:29:33.338201+00:00,"Blastocystis[Organism] AND (""18S""[All Fields] OR ""SSU""[All Fields] OR ""small subunit""[All Fields] OR ""18S ribosomal""[All Fields] OR ""SSU rRNA""[All Fields] OR ""ribosomal RNA""[All Fields] OR ""rRNA""[All Fields] OR ""rDNA""[All Fields]) NOT (""whole genome""[Title] OR ""complete genome""[Title] OR ""WGS""[Title] OR ""shotgun""[Title] OR ""mitochondrial""[Title] OR ""mitochondrion""[Title])"
AM275348.1,ST1,1025,d70dc670f95143f6d1abd38b19a59fad,Homo sapiens,organism,Denmark,01-May-2005,Unknown,Unknown,high,placement_high (d=0.017),broad_query,2026-08-13T12:29:33.338201+00:00,"Blastocystis[Organism] AND (""18S""[All Fields] OR ""SSU""[All Fields] OR ""small subunit""[All Fields] OR ""18S ribosomal""[All Fields] OR ""SSU rRNA""[All Fields] OR ""ribosomal RNA""[All Fields] OR ""rRNA""[All Fields] OR ""rDNA""[All Fields]) NOT (""whole genome""[Title] OR ""complete genome""[Title] OR ""WGS""[Title] OR ""shotgun""[Title] OR ""mitochondrial""[Title] OR ""mitochondrion""[Title])"
AM275347.1,ST1,1021,8e3ebd7bad9c74c58481f5de6548b296,Homo sapiens,organism,Denmark,01-May-2005,Unknown,Unknown,high,placement_high (d=0.006),broad_query,2026-08-13T12:29:33.338201+00:00,"Blastocystis[Organism] AND (""18S""[All Fields] OR ""SSU""[All Fields] OR ""small subunit""[All Fields] OR ""18S ribosomal""[All Fields] OR ""SSU rRNA""[All Fields] OR ""ribosomal RNA""[All Fields] OR ""rRNA""[All Fields] OR ""rDNA""[All Fields]) NOT (""whole genome""[Title] OR ""complete genome""[Title] OR ""WGS""[Title] OR ""shotgun""[Title] OR ""mitochondrial""[Title] OR ""mitochondrion""[Title])"
AM275346.1,ST1,1045,fc6d3ae03bce89705b01f433eadd284a,Homo sapiens,organism,Denmark,01-May-2005,Unknown,Unknown,high,placement_high (d=0.069),broad_query,2026-08-13T12:29:33.338201+00:00,"Blastocystis[Organism] AND (""18S""[All Fields] OR ""SSU""[All Fields] OR ""small subunit""[All Fields] OR ""18S ribosomal""[All Fields] OR ""SSU rRNA""[All Fields] OR ""ribosomal RNA""[All Fields] OR ""rRNA""[All Fields] OR ""rDNA""[All Fields]) NOT (""whole genome""[Title] OR ""complete genome""[Title] OR ""WGS""[Title] OR ""shotgun""[Title] OR ""mitochondrial""[Title] OR ""mitochondrion""[Title])"
AM275345.1,ST1,1021,49f0c8bd48823b058578af0262669a2e,Homo sapiens,organism,Denmark,01-May-2005,Unknown,Unknown,high,placement_high (d=0.018),broad_query,2026-08-13T12:29:33.338201+00:00,"Blastocystis[Organism] AND (""18S""[All Fields] OR ""SSU""[All Fields] OR ""small subunit""[All Fields] OR ""18S ribosomal""[All Fields] OR ""SSU rRNA""[All Fields] OR ""ribosomal RNA""[All Fields] OR ""rRNA""[All Fields] OR ""rDNA""[All Fields]) NOT (""whole genome""[Title] OR ""complete genome""[Title] OR ""WGS""[Title] OR ""shotgun""[Title] OR ""mitochondrial""[Title] OR ""mitochondrion""[Title])"
AM275344.1,ST1,1027,2ae949bad6bd43e91df4d7ec8781ca7f,Homo sapiens,organism,Denmark,01-May-2005,Unknown,Unknown,high,placement_high (d=0.005),broad_query,2026-08-13T12:29:33.338201+00:00,"Blastocystis[Organism] AND (""18S""[All Fields] OR ""SSU""[All Fields] OR ""small subunit""[All Fields] OR ""18S ribosomal""[All Fields] OR ""SSU rRNA""[All Fields] OR ""ribosomal RNA""[All Fields] OR ""rRNA""[All Fields] OR ""rDNA""[All Fields]) NOT (""whole genome""[Title] OR ""complete genome""[Title] OR ""WGS""[Title] OR ""shotgun""[Title] OR ""mitochondrial""[Title] OR ""mitochondrion""[Title])"
AM275343.1,ST1,1037,d740211e12b2ac482e500ef2affd8095,Homo sapiens,organism,Denmark,01-May-2005,Unknown,Unknown,high,placement_high (d=0.025),broad_query,2026-08-13T12:29:33.338201+00:00,"Blastocystis[Organism] AND (""18S""[All Fields] OR ""SSU""[All Fields] OR ""small subunit""[All Fields] OR ""18S ribosomal""[All Fields] OR ""SSU rRNA""[All Fields] OR ""ribosomal RNA""[All Fields] OR ""rRNA""[All Fields] OR ""rDNA""[All Fields]) NOT (""whole genome""[Title] OR ""complete genome""[Title] OR ""WGS""[Title] OR ""shotgun""[Title] OR ""mitochondrial""[Title] OR ""mitochondrion""[Title])"
AM275342.1,ST1,1035,04c5f12625a5a9503ec04559477ddb7f,Homo sapiens,organism,Denmark,01-May-2005,Unknown,Unknown,high,placement_high (d=0.039),broad_query,2026-08-13T12:29:33.338201+00:00,"Blastocystis[Organism] AND (""18S""[All Fields] OR ""SSU""[All Fields] OR ""small subunit""[All Fields] OR ""18S ribosomal""[All Fields] OR ""SSU rRNA""[All Fields] OR ""ribosomal RNA""[All Fields] OR ""rRNA""[All Fields] OR ""rDNA""[All Fields]) NOT (""whole genome""[Title] OR ""complete genome""[Title] OR ""WGS""[Title] OR ""shotgun""[Title] OR ""mitochondrial""[Title] OR ""mitochondrion""[Title])"
DQ186647.1,ST17,2084,e3908365060bfaff36917e5c4cd4e36b,cockroach,host_qualifier,Unknown,Unknown,Unknown,Unknown,low,"placement_low (nearest=ST17 d=0.478; top5=['ST17', 'ST13', 'ST30', 'ST30', 'ST30'])",broad_query,2026-08-13T12:29:33.338201+00:00,"Blastocystis[Organism] AND (""18S""[All Fields] OR ""SSU""[All Fields] OR ""small subunit""[All Fields] OR ""18S ribosomal""[All Fields] OR ""SSU rRNA""[All Fields] OR ""ribosomal RNA""[All Fields] OR ""rRNA""[All Fields] OR ""rDNA""[All Fields]) NOT (""whole genome""[Title] OR ""complete genome""[Title] OR ""WGS""[Title] OR ""shotgun""[Title] OR ""mitochondrial""[Title] OR ""mitochondrion""[Title])"
DQ186646.1,ST17,2085,978a13550bf56dc709f83eec2a784bb4,cockroach,host_qualifier,Unknown,Unknown,Unknown,Unknown,low,"placement_low (nearest=ST17 d=0.481; top5=['ST17', 'ST30', 'ST30', 'ST30', 'ST30'])",broad_query,2026-08-13T12:29:33.338201+00:00,"Blastocystis[Organism] AND (""18S""[All Fields] OR ""SSU""[All Fields] OR ""small subunit""[All Fields] OR ""18S ribosomal""[All Fields] OR ""SSU rRNA""[All Fields] OR ""ribosomal RNA""[All Fields] OR ""rRNA""[All Fields] OR ""rDNA""[All Fields]) NOT (""whole genome""[Title] OR ""complete genome""[Title] OR ""WGS""[Title] OR ""shotgun""[Title] OR ""mitochondrial""[Title] OR ""mitochondrion""[Title])"
DQ186645.1,ST17,1977,7d001a54d3b3340ed506f723393c3a77,cockroach,host_qualifier,Unknown,Unknown,Unknown,Unknown,low,"placement_low (nearest=ST17 d=0.474; top5=['ST17', 'ST33', 'ST33', 'ST30', 'ST30'])",broad_query,2026-08-13T12:29:33.338201+00:00,"Blastocystis[Organism] AND (""18S""[All Fields] OR ""SSU""[All Fields] OR ""small subunit""[All Fields] OR ""18S ribosomal""[All Fields] OR ""SSU rRNA""[All Fields] OR ""ribosomal RNA""[All Fields] OR ""rRNA""[All Fields] OR ""rDNA""[All Fields]) NOT (""whole genome""[Title] OR ""complete genome""[Title] OR ""WGS""[Title] OR ""shotgun""[Title] OR ""mitochondrial""[Title] OR ""mitochondrion""[Title])"
DQ186644.1,ST17,1975,f5e5afd5aaffe4e7d8e3b0540ba19562,cockroach,host_qualifier,Unknown,Unknown,Unknown,Unknown,low,"placement_low (nearest=ST17 d=0.467; top5=['ST17', 'ST33', 'ST33', 'ST30', 'ST30'])",broad_query,2026-08-13T12:29:33.338201+00:00,"Blastocystis[Organism] AND (""18S""[All Fields] OR ""SSU""[All Fields] OR ""small subunit""[All Fields] OR ""18S ribosomal""[All Fields] OR ""SSU rRNA""[All Fields] OR ""ribosomal RNA""[All Fields] OR ""rRNA""[All Fields] OR ""rDNA""[All Fields]) NOT (""whole genome""[Title] OR ""complete genome""[Title] OR ""WGS""[Title] OR ""shotgun""[Title] OR ""mitochondrial""[Title] OR ""mitochondrion""[Title])"
EF079872.1,ST7,1795,e9559b1e0a307d99ea51e87d6fce9251,Homo sapiens,host_qualifier,China,Unknown,Unknown,Unknown,medium,placement_medium (d=0.112),broad_query,2026-08-13T12:29:33.338201+00:00,"Blastocystis[Organism] AND (""18S""[All Fields] OR ""SSU""[All Fields] OR ""small subunit""[All Fields] OR ""18S ribosomal""[All Fields] OR ""SSU rRNA""[All Fields] OR ""ribosomal RNA""[All Fields] OR ""rRNA""[All Fields] OR ""rDNA""[All Fields]) NOT (""whole genome""[Title] OR ""complete genome""[Title] OR ""WGS""[Title] OR ""shotgun""[Title] OR ""mitochondrial""[Title] OR ""mitochondrion""[Title])"
DQ366343.1,ST7,1797,771f839e6ef67cf8a1a3222c951ee9b6,Homo sapiens,host_qualifier,China: Ganzhou,Unknown,Unknown,Unknown,medium,placement_medium (d=0.085),broad_query,2026-08-13T12:29:33.338201+00:00,"Blastocystis[Organism] AND (""18S""[All Fields] OR ""SSU""[All Fields] OR ""small subunit""[All Fields] OR ""18S ribosomal""[All Fields] OR ""SSU rRNA""[All Fields] OR ""ribosomal RNA""[All Fields] OR ""rRNA""[All Fields] OR ""rDNA""[All Fields]) NOT (""whole genome""[Title] OR ""complete genome""[Title] OR ""WGS""[Title] OR ""shotgun""[Title] OR ""mitochondrial""[Title] OR ""mitochondrion""[Title])"
AY956324.1,ST2,1666,1c8de11da1a5eb41d3d010300924d643,Homo sapiens,organism,Unknown,Unknown,Unknown,Unknown,medium,placement_medium (d=0.094),broad_query,2026-08-13T12:29:33.338201+00:00,"Blastocystis[Organism] AND (""18S""[All Fields] OR ""SSU""[All Fields] OR ""small subunit""[All Fields] OR ""18S ribosomal""[All Fields] OR ""SSU rRNA""[All Fields] OR ""ribosomal RNA""[All Fields] OR ""rRNA""[All Fields] OR ""rDNA""[All Fields]) NOT (""whole genome""[Title] OR ""complete genome""[Title] OR ""WGS""[Title] OR ""shotgun""[Title] OR ""mitochondrial""[Title] OR ""mitochondrion""[Title])"
AY590114.1,ST4,1730,b2fb3364b6676329608a2cfbde4d0415,Wistar rat,host_qualifier,Unknown,Unknown,Unknown,Unknown,high,placement_high (d=0.024),broad_query,2026-08-13T12:29:33.338201+00:00,"Blastocystis[Organism] AND (""18S""[All Fields] OR ""SSU""[All Fields] OR ""small subunit""[All Fields] OR ""18S ribosomal""[All Fields] OR ""SSU rRNA""[All Fields] OR ""ribosomal RNA""[All Fields] OR ""rRNA""[All Fields] OR ""rDNA""[All Fields]) NOT (""whole genome""[Title] OR ""complete genome""[Title] OR ""WGS""[Title] OR ""shotgun""[Title] OR ""mitochondrial""[Title] OR ""mitochondrion""[Title])"
AY590113.1,ST4,1730,1b04b55f0f61f60ebe66cf21c83b46e1,Wistar rat,host_qualifier,Unknown,Unknown,Unknown,Unknown,high,placement_high (d=0.033),broad_query,2026-08-13T12:29:33.338201+00:00,"Blastocystis[Organism] AND (""18S""[All Fields] OR ""SSU""[All Fields] OR ""small subunit""[All Fields] OR ""18S ribosomal""[All Fields] OR ""SSU rRNA""[All Fields] OR ""ribosomal RNA""[All Fields] OR ""rRNA""[All Fields] OR ""rDNA""[All Fields]) NOT (""whole genome""[Title] OR ""complete genome""[Title] OR ""WGS""[Title] OR ""shotgun""[Title] OR ""mitochondrial""[Title] OR ""mitochondrion""[Title])"
AY590111.1,ST4,1729,cecfe4bfde4702d1aaf2a03b84af7e8c,Sprague-Dawley rat,host_qualifier,Unknown,Unknown,Unknown,Unknown,high,placement_high (d=0.039),broad_query,2026-08-13T12:29:33.338201+00:00,"Blastocystis[Organism] AND (""18S""[All Fields] OR ""SSU""[All Fields] OR ""small subunit""[All Fields] OR ""18S ribosomal""[All Fields] OR ""SSU rRNA""[All Fields] OR ""ribosomal RNA""[All Fields] OR ""rRNA""[All Fields] OR ""rDNA""[All Fields]) NOT (""whole genome""[Title] OR ""complete genome""[Title] OR ""WGS""[Title] OR ""shotgun""[Title] OR ""mitochondrial""[Title] OR ""mitochondrion""[Title])"
AY590110.1,ST1,1722,488fa63518ec651e9496a27e12c8dd9d,Homo sapiens,host_qualifier,Unknown,Unknown,Unknown,Unknown,high,placement_high (d=0.061),broad_query,2026-08-13T12:29:33.338201+00:00,"Blastocystis[Organism] AND (""18S""[All Fields] OR ""SSU""[All Fields] OR ""small subunit""[All Fields] OR ""18S ribosomal""[All Fields] OR ""SSU rRNA""[All Fields] OR ""ribosomal RNA""[All Fields] OR ""rRNA""[All Fields] OR ""rDNA""[All Fields]) NOT (""whole genome""[Title] OR ""complete genome""[Title] OR ""WGS""[Title] OR ""shotgun""[Title] OR ""mitochondrial""[Title] OR ""mitochondrion""[Title])"
AY590109.1,ST7,1756,097e744181f28c2ad31617a90fb321e5,Homo sapiens,host_qualifier,Unknown,Unknown,Unknown,Unknown,high,placement_high (d=0.060),broad_query,2026-08-13T12:29:33.338201+00:00,"Blastocystis[Organism] AND (""18S""[All Fields] OR ""SSU""[All Fields] OR ""small subunit""[All Fields] OR ""18S ribosomal""[All Fields] OR ""SSU rRNA""[All Fields] OR ""ribosomal RNA""[All Fields] OR ""rRNA""[All Fields] OR ""rDNA""[All Fields]) NOT (""whole genome""[Title] OR ""complete genome""[Title] OR ""WGS""[Title] OR ""shotgun""[Title] OR ""mitochondrial""[Title] OR ""mitochondrion""[Title])"
AY590108.1,ST7,1756,bf35b85625485bbc2529ea0c13ac843f,Homo sapiens,host_qualifier,Unknown,Unknown,Unknown,Unknown,medium,placement_medium (d=0.084),broad_query,2026-08-13T12:29:33.338201+00:00,"Blastocystis[Organism] AND (""18S""[All Fields] OR ""SSU""[All Fields] OR ""small subunit""[All Fields] OR ""18S ribosomal""[All Fields] OR ""SSU rRNA""[All Fields] OR ""ribosomal RNA""[All Fields] OR ""rRNA""[All Fields] OR ""rDNA""[All Fields]) NOT (""whole genome""[Title] OR ""complete genome""[Title] OR ""WGS""[Title] OR ""shotgun""[Title] OR ""mitochondrial""[Title] OR ""mitochondrion""[Title])"
AY590107.1,ST7,1766,33bf302ca484ea5d46e412fd0bde7a0c,Homo sapiens,host_qualifier,Unknown,Unknown,Unknown,Unknown,high,placement_high (d=0.056),broad_query,2026-08-13T12:29:33.338201+00:00,"Blastocystis[Organism] AND (""18S""[All Fields] OR ""SSU""[All Fields] OR ""small subunit""[All Fields] OR ""18S ribosomal""[All Fields] OR ""SSU rRNA""[All Fields] OR ""ribosomal RNA""[All Fields] OR ""rRNA""[All Fields] OR ""rDNA""[All Fields]) NOT (""whole genome""[Title] OR ""complete genome""[Title] OR ""WGS""[Title] OR ""shotgun""[Title] OR ""mitochondrial""[Title] OR ""mitochondrion""[Title])"
AY590106.1,ST7,1759,cfc0b8ccd571050f1edd75306a1d617f,Homo sapiens,host_qualifier,Unknown,Unknown,Unknown,Unknown,high,placement_high (d=0.079),broad_query,2026-08-13T12:29:33.338201+00:00,"Blastocystis[Organism] AND (""18S""[All Fields] OR ""SSU""[All Fields] OR ""small subunit""[All Fields] OR ""18S ribosomal""[All Fields] OR ""SSU rRNA""[All Fields] OR ""ribosomal RNA""[All Fields] OR ""rRNA""[All Fields] OR ""rDNA""[All Fields]) NOT (""whole genome""[Title] OR ""complete genome""[Title] OR ""WGS""[Title] OR ""shotgun""[Title] OR ""mitochondrial""[Title] OR ""mitochondrion""[Title])"
AY590105.1,ST7,1755,d4c3bfa9398c419aa53f85356d620f4c,Homo sapiens,host_qualifier,Unknown,Unknown,Unknown,Unknown,high,placement_high (d=0.048),broad_query,2026-08-13T12:29:33.338201+00:00,"Blastocystis[Organism] AND (""18S""[All Fields] OR ""SSU""[All Fields] OR ""small subunit""[All Fields] OR ""18S ribosomal""[All Fields] OR ""SSU rRNA""[All Fields] OR ""ribosomal RNA""[All Fields] OR ""rRNA""[All Fields] OR ""rDNA""[All Fields]) NOT (""whole genome""[Title] OR ""complete genome""[Title] OR ""WGS""[Title] OR ""shotgun""[Title] OR ""mitochondrial""[Title] OR ""mitochondrion""[Title])"
AY618268.1,ST3,1619,b2c64231d0bebef5293ad45ad8ccb38a,Homo sapiens,host_qualifier,Thailand: Chonburi province,Unknown,Unknown,Unknown,high,placement_high (d=0.067),broad_query,2026-08-13T12:29:33.338201+00:00,"Blastocystis[Organism] AND (""18S""[All Fields] OR ""SSU""[All Fields] OR ""small subunit""[All Fields] OR ""18S ribosomal""[All Fields] OR ""SSU rRNA""[All Fields] OR ""ribosomal RNA""[All Fields] OR ""rRNA""[All Fields] OR ""rDNA""[All Fields]) NOT (""whole genome""[Title] OR ""complete genome""[Title] OR ""WGS""[Title] OR ""shotgun""[Title] OR ""mitochondrial""[Title] OR ""mitochondrion""[Title])"
AY618266.1,ST1,1781,8adbff32b8e2bef682c4b761e10963df,Homo sapiens,host_qualifier,Thailand: Luburi province,Unknown,Unknown,Unknown,high,placement_high (d=0.055),broad_query,2026-08-13T12:29:33.338201+00:00,"Blastocystis[Organism] AND (""18S""[All Fields] OR ""SSU""[All Fields] OR ""small subunit""[All Fields] OR ""18S ribosomal""[All Fields] OR ""SSU rRNA""[All Fields] OR ""ribosomal RNA""[All Fields] OR ""rRNA""[All Fields] OR ""rDNA""[All Fields]) NOT (""whole genome""[Title] OR ""complete genome""[Title] OR ""WGS""[Title] OR ""shotgun""[Title] OR ""mitochondrial""[Title] OR ""mitochondrion""[Title])"
AY266474.1,ST3,1848,76cdfbf57a8e7be8d842f9c505aceff2,Cyclura cornuta (rhino iguana),host_qualifier,Singapore,Unknown,Unknown,Unknown,low,"placement_low (nearest=ST3 d=0.500; top5=['ST3', 'ST4', 'ST3', 'ST4', 'ST4'])",broad_query,2026-08-13T12:29:33.338201+00:00,"Blastocystis[Organism] AND (""18S""[All Fields] OR ""SSU""[All Fields] OR ""small subunit""[All Fields] OR ""18S ribosomal""[All Fields] OR ""SSU rRNA""[All Fields] OR ""ribosomal RNA""[All Fields] OR ""rRNA""[All Fields] OR ""rDNA""[All Fields]) NOT (""whole genome""[Title] OR ""complete genome""[Title] OR ""WGS""[Title] OR ""shotgun""[Title] OR ""mitochondrial""[Title] OR ""mitochondrion""[Title])"
AY266471.1,ST35,1840,1b352a695dc719d20ba0845a7bc220b0,Lapemis hardwickii (sea snake),host_qualifier,Singapore,Unknown,Unknown,Unknown,low,placement_low (d=0.281),broad_query,2026-08-13T12:29:33.338201+00:00,"Blastocystis[Organism] AND (""18S""[All Fields] OR ""SSU""[All Fields] OR ""small subunit""[All Fields] OR ""18S ribosomal""[All Fields] OR ""SSU rRNA""[All Fields] OR ""ribosomal RNA""[All Fields] OR ""rRNA""[All Fields] OR ""rDNA""[All Fields]) NOT (""whole genome""[Title] OR ""complete genome""[Title] OR ""WGS""[Title] OR ""shotgun""[Title] OR ""mitochondrial""[Title] OR ""mitochondrion""[Title])"
AY266469.1,ST5,1769,f6df037c4423c43d1b0eb255fa64dffb,Bufo japonicus japonicus (toad),host_qualifier,Japan,Unknown,Unknown,Unknown,medium,placement_medium (d=0.125),broad_query,2026-08-13T12:29:33.338201+00:00,"Blastocystis[Organism] AND (""18S""[All Fields] OR ""SSU""[All Fields] OR ""small subunit""[All Fields] OR ""18S ribosomal""[All Fields] OR ""SSU rRNA""[All Fields] OR ""ribosomal RNA""[All Fields] OR ""rRNA""[All Fields] OR ""rDNA""[All Fields]) NOT (""whole genome""[Title] OR ""complete genome""[Title] OR ""WGS""[Title] OR ""shotgun""[Title] OR ""mitochondrial""[Title] OR ""mitochondrion""[Title])"
AY266467.1,ST35,1836,c8cf149502cddab048e30a1cb8e24314,Rana nigromaculata (leopard frog),host_qualifier,Japan,Unknown,Unknown,Unknown,low,"placement_low (nearest=ST35 d=0.537; top5=['ST35', 'ST36', 'ST38', 'ST5', 'ST5'])",broad_query,2026-08-13T12:29:33.338201+00:00,"Blastocystis[Organism] AND (""18S""[All Fields] OR ""SSU""[All Fields] OR ""small subunit""[All Fields] OR ""18S ribosomal""[All Fields] OR ""SSU rRNA""[All Fields] OR ""ribosomal RNA""[All Fields] OR ""rRNA""[All Fields] OR ""rDNA""[All Fields]) NOT (""whole genome""[Title] OR ""complete genome""[Title] OR ""WGS""[Title] OR ""shotgun""[Title] OR ""mitochondrial""[Title] OR ""mitochondrion""[Title])"
AF408427.1,ST7,1805,25a34d069625b533b23a70b22fa45507,Homo sapiens,host_qualifier,Singapore,Unknown,Unknown,Unknown,high,placement_high (d=0.052),broad_query,2026-08-13T12:29:33.338201+00:00,"Blastocystis[Organism] AND (""18S""[All Fields] OR ""SSU""[All Fields] OR ""small subunit""[All Fields] OR ""18S ribosomal""[All Fields] OR ""SSU rRNA""[All Fields] OR ""ribosomal RNA""[All Fields] OR ""rRNA""[All Fields] OR ""rDNA""[All Fields]) NOT (""whole genome""[Title] OR ""complete genome""[Title] OR ""WGS""[Title] OR ""shotgun""[Title] OR ""mitochondrial""[Title] OR ""mitochondrion""[Title])"
AY244620.1,ST4,1778,c2628f999bf60c2bc80e6a46388302c0,Homo sapiens,host_qualifier,Germany,Unknown,Unknown,Unknown,high,placement_high (d=0.023),broad_query,2026-08-13T12:29:33.338201+00:00,"Blastocystis[Organism] AND (""18S""[All Fields] OR ""SSU""[All Fields] OR ""small subunit""[All Fields] OR ""18S ribosomal""[All Fields] OR ""SSU rRNA""[All Fields] OR ""ribosomal RNA""[All Fields] OR ""rRNA""[All Fields] OR ""rDNA""[All Fields]) NOT (""whole genome""[Title] OR ""complete genome""[Title] OR ""WGS""[Title] OR ""shotgun""[Title] OR ""mitochondrial""[Title] OR ""mitochondrion""[Title])"
AY244619.1,ST4,1778,b8305b7e0903dfe39a9e54ef81d5638a,Homo sapiens,host_qualifier,Germany,Unknown,Unknown,Unknown,high,placement_high (d=0.023),broad_query,2026-08-13T12:29:33.338201+00:00,"Blastocystis[Organism] AND (""18S""[All Fields] OR ""SSU""[All Fields] OR ""small subunit""[All Fields] OR ""18S ribosomal""[All Fields] OR ""SSU rRNA""[All Fields] OR ""ribosomal RNA""[All Fields] OR ""rRNA""[All Fields] OR ""rDNA""[All Fields]) NOT (""whole genome""[Title] OR ""complete genome""[Title] OR ""WGS""[Title] OR ""shotgun""[Title] OR ""mitochondrial""[Title] OR ""mitochondrion""[Title])"
AB071000.1,ST4,1778,ab8ee1317cbe8a5d6b6b3fe4c2f9b749,Brown,note,Unknown,Unknown,Unknown,Unknown,high,placement_high (d=0.014),broad_query,2026-08-13T12:29:33.338201+00:00,"Blastocystis[Organism] AND (""18S""[All Fields] OR ""SSU""[All Fields] OR ""small subunit""[All Fields] OR ""18S ribosomal""[All Fields] OR ""SSU rRNA""[All Fields] OR ""ribosomal RNA""[All Fields] OR ""rRNA""[All Fields] OR ""rDNA""[All Fields]) NOT (""whole genome""[Title] OR ""complete genome""[Title] OR ""WGS""[Title] OR ""shotgun""[Title] OR ""mitochondrial""[Title] OR ""mitochondrion""[Title])"
AB070999.1,ST5,1784,ec136dfa140df752e398e7d40049ac6d,Sus scrofa,note,Unknown,Unknown,Unknown,Unknown,high,placement_high (d=0.044),broad_query,2026-08-13T12:29:33.338201+00:00,"Blastocystis[Organism] AND (""18S""[All Fields] OR ""SSU""[All Fields] OR ""small subunit""[All Fields] OR ""18S ribosomal""[All Fields] OR ""SSU rRNA""[All Fields] OR ""ribosomal RNA""[All Fields] OR ""rRNA""[All Fields] OR ""rDNA""[All Fields]) NOT (""whole genome""[Title] OR ""complete genome""[Title] OR ""WGS""[Title] OR ""shotgun""[Title] OR ""mitochondrial""[Title] OR ""mitochondrion""[Title])"
AB070998.1,ST5,1784,7adde985a4602aefe12802512449769a,Sus scrofa,note,Unknown,Unknown,Unknown,Unknown,high,placement_high (d=0.038),broad_query,2026-08-13T12:29:33.338201+00:00,"Blastocystis[Organism] AND (""18S""[All Fields] OR ""SSU""[All Fields] OR ""small subunit""[All Fields] OR ""18S ribosomal""[All Fields] OR ""SSU rRNA""[All Fields] OR ""ribosomal RNA""[All Fields] OR ""rRNA""[All Fields] OR ""rDNA""[All Fields]) NOT (""whole genome""[Title] OR ""complete genome""[Title] OR ""WGS""[Title] OR ""shotgun""[Title] OR ""mitochondrial""[Title] OR ""mitochondrion""[Title])"
AB070997.1,ST2,1768,79d26eb85351b6305ae1d1e5ae0d2a6f,Japanese,note,Unknown,Unknown,Unknown,Unknown,medium,placement_medium (d=0.093),broad_query,2026-08-13T12:29:33.338201+00:00,"Blastocystis[Organism] AND (""18S""[All Fields] OR ""SSU""[All Fields] OR ""small subunit""[All Fields] OR ""18S ribosomal""[All Fields] OR ""SSU rRNA""[All Fields] OR ""ribosomal RNA""[All Fields] OR ""rRNA""[All Fields] OR ""rDNA""[All Fields]) NOT (""whole genome""[Title] OR ""complete genome""[Title] OR ""WGS""[Title] OR ""shotgun""[Title] OR ""mitochondrial""[Title] OR ""mitochondrion""[Title])"
AB070996.1,ST7,1807,9ad9fc2da8e3974c6d95dba0f7269dee,Japanese,note,Unknown,Unknown,Unknown,Unknown,high,placement_high (d=0.065),broad_query,2026-08-13T12:29:33.338201+00:00,"Blastocystis[Organism] AND (""18S""[All Fields] OR ""SSU""[All Fields] OR ""small subunit""[All Fields] OR ""18S ribosomal""[All Fields] OR ""SSU rRNA""[All Fields] OR ""ribosomal RNA""[All Fields] OR ""rRNA""[All Fields] OR ""rDNA""[All Fields]) NOT (""whole genome""[Title] OR ""complete genome""[Title] OR ""WGS""[Title] OR ""shotgun""[Title] OR ""mitochondrial""[Title] OR ""mitochondrion""[Title])"
AB070995.1,ST6,1741,c93adef9f9cd7b5c78337e0df9d6499e,Japanese,note,Unknown,Unknown,Unknown,Unknown,high,placement_high (d=0.064),broad_query,2026-08-13T12:29:33.338201+00:00,"Blastocystis[Organism] AND (""18S""[All Fields] OR ""SSU""[All Fields] OR ""small subunit""[All Fields] OR ""18S ribosomal""[All Fields] OR ""SSU rRNA""[All Fields] OR ""ribosomal RNA""[All Fields] OR ""rRNA""[All Fields] OR ""rDNA""[All Fields]) NOT (""whole genome""[Title] OR ""complete genome""[Title] OR ""WGS""[Title] OR ""shotgun""[Title] OR ""mitochondrial""[Title] OR ""mitochondrion""[Title])"
AB070994.1,ST6,1742,b4ec1f27265cd50ddf6837dd78355244,Gallus gallus,note,Unknown,Unknown,Unknown,Unknown,high,placement_high (d=0.062),broad_query,2026-08-13T12:29:33.338201+00:00,"Blastocystis[Organism] AND (""18S""[All Fields] OR ""SSU""[All Fields] OR ""small subunit""[All Fields] OR ""18S ribosomal""[All Fields] OR ""SSU rRNA""[All Fields] OR ""ribosomal RNA""[All Fields] OR ""rRNA""[All Fields] OR ""rDNA""[All Fields]) NOT (""whole genome""[Title] OR ""complete genome""[Title] OR ""WGS""[Title] OR ""shotgun""[Title] OR ""mitochondrial""[Title] OR ""mitochondrion""[Title])"
AB070992.1,ST3,1770,31e1114b75460537eefee7bc4ad98040,Homo sapiens,note,Unknown,Unknown,Unknown,Unknown,medium,placement_medium (d=0.123),broad_query,2026-08-13T12:29:33.338201+00:00,"Blastocystis[Organism] AND (""18S""[All Fields] OR ""SSU""[All Fields] OR ""small subunit""[All Fields] OR ""18S ribosomal""[All Fields] OR ""SSU rRNA""[All Fields] OR ""ribosomal RNA""[All Fields] OR ""rRNA""[All Fields] OR ""rDNA""[All Fields]) NOT (""whole genome""[Title] OR ""complete genome""[Title] OR ""WGS""[Title] OR ""shotgun""[Title] OR ""mitochondrial""[Title] OR ""mitochondrion""[Title])"
AB070991.1,ST7,1803,8dfe935b8cded4dae3fe94496fd47283,Homo sapiens,note,Unknown,Unknown,Unknown,Unknown,medium,placement_medium (d=0.083),broad_query,2026-08-13T12:29:33.338201+00:00,"Blastocystis[Organism] AND (""18S""[All Fields] OR ""SSU""[All Fields] OR ""small subunit""[All Fields] OR ""18S ribosomal""[All Fields] OR ""SSU rRNA""[All Fields] OR ""ribosomal RNA""[All Fields] OR ""rRNA""[All Fields] OR ""rDNA""[All Fields]) NOT (""whole genome""[Title] OR ""complete genome""[Title] OR ""WGS""[Title] OR ""shotgun""[Title] OR ""mitochondrial""[Title] OR ""mitochondrion""[Title])"
AB070989.1,ST1,1770,628fab1c35f7ffecc76cb7bf1b60aa8e,Homo sapiens,note,Unknown,Unknown,Unknown,Unknown,high,placement_high (d=0.064),broad_query,2026-08-13T12:29:33.338201+00:00,"Blastocystis[Organism] AND (""18S""[All Fields] OR ""SSU""[All Fields] OR ""small subunit""[All Fields] OR ""18S ribosomal""[All Fields] OR ""SSU rRNA""[All Fields] OR ""ribosomal RNA""[All Fields] OR ""rRNA""[All Fields] OR ""rDNA""[All Fields]) NOT (""whole genome""[Title] OR ""complete genome""[Title] OR ""WGS""[Title] OR ""shotgun""[Title] OR ""mitochondrial""[Title] OR ""mitochondrion""[Title])"
AB070988.1,ST3,1769,573bb3560a3644f6df2bb51bee833408,Homo sapiens,note,Unknown,Unknown,Unknown,Unknown,high,placement_high (d=0.017),broad_query,2026-08-13T12:29:33.338201+00:00,"Blastocystis[Organism] AND (""18S""[All Fields] OR ""SSU""[All Fields] OR ""small subunit""[All Fields] OR ""18S ribosomal""[All Fields] OR ""SSU rRNA""[All Fields] OR ""ribosomal RNA""[All Fields] OR ""rRNA""[All Fields] OR ""rDNA""[All Fields]) NOT (""whole genome""[Title] OR ""complete genome""[Title] OR ""WGS""[Title] OR ""shotgun""[Title] OR ""mitochondrial""[Title] OR ""mitochondrion""[Title])"
AB070986.1,ST3,1768,8fee4b5496e43b407c6c1db091182ad7,Homo sapiens,note,Unknown,Unknown,Unknown,Unknown,high,placement_high (d=0.026),broad_query,2026-08-13T12:29:33.338201+00:00,"Blastocystis[Organism] AND (""18S""[All Fields] OR ""SSU""[All Fields] OR ""small subunit""[All Fields] OR ""18S ribosomal""[All Fields] OR ""SSU rRNA""[All Fields] OR ""ribosomal RNA""[All Fields] OR ""rRNA""[All Fields] OR ""rDNA""[All Fields]) NOT (""whole genome""[Title] OR ""complete genome""[Title] OR ""WGS""[Title] OR ""shotgun""[Title] OR ""mitochondrial""[Title] OR ""mitochondrion""[Title])"
AF538349.1,ST1,1025,d555e53c723e43f8fc4078ba308dbbb9,Equus caballus,host_qualifier,Thailand,Unknown,Unknown,Unknown,low,placement_low (d=0.211),broad_query,2026-08-13T12:29:33.338201+00:00,"Blastocystis[Organism] AND (""18S""[All Fields] OR ""SSU""[All Fields] OR ""small subunit""[All Fields] OR ""18S ribosomal""[All Fields] OR ""SSU rRNA""[All Fields] OR ""ribosomal RNA""[All Fields] OR ""rRNA""[All Fields] OR ""rDNA""[All Fields]) NOT (""whole genome""[Title] OR ""complete genome""[Title] OR ""WGS""[Title] OR ""shotgun""[Title] OR ""mitochondrial""[Title] OR ""mitochondrion""[Title])"
AF439782.2,ST1,1700,d0fcb14d567df0d1d64937be3769b2af,Homo sapiens,host_qualifier,Thailand,Unknown,Unknown,Unknown,medium,placement_medium (d=0.116),broad_query,2026-08-13T12:29:33.338201+00:00,"Blastocystis[Organism] AND (""18S""[All Fields] OR ""SSU""[All Fields] OR ""small subunit""[All Fields] OR ""18S ribosomal""[All Fields] OR ""SSU rRNA""[All Fields] OR ""ribosomal RNA""[All Fields] OR ""rRNA""[All Fields] OR ""rDNA""[All Fields]) NOT (""whole genome""[Title] OR ""complete genome""[Title] OR ""WGS""[Title] OR ""shotgun""[Title] OR ""mitochondrial""[Title] OR ""mitochondrion""[Title])"
AB023578.1,ST1,1740,d530df01cbebbf6f4692fd5a26c890a6,Homo sapiens,organism,Unknown,Unknown,Unknown,Unknown,medium,placement_medium (d=0.104),broad_query,2026-08-13T12:29:33.338201+00:00,"Blastocystis[Organism] AND (""18S""[All Fields] OR ""SSU""[All Fields] OR ""small subunit""[All Fields] OR ""18S ribosomal""[All Fields] OR ""SSU rRNA""[All Fields] OR ""ribosomal RNA""[All Fields] OR ""rRNA""[All Fields] OR ""rDNA""[All Fields]) NOT (""whole genome""[Title] OR ""complete genome""[Title] OR ""WGS""[Title] OR ""shotgun""[Title] OR ""mitochondrial""[Title] OR ""mitochondrion""[Title])"
AB023499.1,ST1,1740,0cf435e56361dd69bc48a180ae3f26d5,Homo sapiens,organism,Unknown,Unknown,Unknown,Unknown,high,placement_high (d=0.080),broad_query,2026-08-13T12:29:33.338201+00:00,"Blastocystis[Organism] AND (""18S""[All Fields] OR ""SSU""[All Fields] OR ""small subunit""[All Fields] OR ""18S ribosomal""[All Fields] OR ""SSU rRNA""[All Fields] OR ""ribosomal RNA""[All Fields] OR ""rRNA""[All Fields] OR ""rDNA""[All Fields]) NOT (""whole genome""[Title] OR ""complete genome""[Title] OR ""WGS""[Title] OR ""shotgun""[Title] OR ""mitochondrial""[Title] OR ""mitochondrion""[Title])"
U51152.1,ST4,1778,d791664af347aee6d47f5aa88cf29208,Guinea-pig,host_qualifier,Unknown,Unknown,Unknown,Unknown,high,placement_high (d=0.014),broad_query,2026-08-13T12:29:33.338201+00:00,"Blastocystis[Organism] AND (""18S""[All Fields] OR ""SSU""[All Fields] OR ""small subunit""[All Fields] OR ""18S ribosomal""[All Fields] OR ""SSU rRNA""[All Fields] OR ""ribosomal RNA""[All Fields] OR ""rRNA""[All Fields] OR ""rDNA""[All Fields]) NOT (""whole genome""[Title] OR ""complete genome""[Title] OR ""WGS""[Title] OR ""shotgun""[Title] OR ""mitochondrial""[Title] OR ""mitochondrion""[Title])"
U51151.1,ST1,1770,552feca5a5ef4156cce666ed26eb520b,Homo sapiens,host_qualifier,Unknown,Unknown,Unknown,Unknown,high,placement_high (d=0.018),broad_query,2026-08-13T12:29:33.338201+00:00,"Blastocystis[Organism] AND (""18S""[All Fields] OR ""SSU""[All Fields] OR ""small subunit""[All Fields] OR ""18S ribosomal""[All Fields] OR ""SSU rRNA""[All Fields] OR ""ribosomal RNA""[All Fields] OR ""rRNA""[All Fields] OR ""rDNA""[All Fields]) NOT (""whole genome""[Title] OR ""complete genome""[Title] OR ""WGS""[Title] OR ""shotgun""[Title] OR ""mitochondrial""[Title] OR ""mitochondrion""[Title])"
U26177.1,ST4,1776,38ad46383c21776d667d0f21a4f2263f,Faeces,note,Unknown,Unknown,Unknown,Unknown,high,placement_high (d=0.014),broad_query,2026-08-13T12:29:33.338201+00:00,"Blastocystis[Organism] AND (""18S""[All Fields] OR ""SSU""[All Fields] OR ""small subunit""[All Fields] OR ""18S ribosomal""[All Fields] OR ""SSU rRNA""[All Fields] OR ""ribosomal RNA""[All Fields] OR ""rRNA""[All Fields] OR ""rDNA""[All Fields]) NOT (""whole genome""[Title] OR ""complete genome""[Title] OR ""WGS""[Title] OR ""shotgun""[Title] OR ""mitochondrial""[Title] OR ""mitochondrion""[Title])"
PZ726877.1,novel_10,1694,3c2700337fd1cf4f1e2771079a5aee59,Castor fiber,host_qualifier,Czechia,2026,Unknown,Sanger,novel_cluster,clustered with 2 other unplaced records at Jaccard d<0.2,broad_query,2026-08-13T12:29:33.338201+00:00,"Blastocystis[Organism] AND (""18S""[All Fields] OR ""SSU""[All Fields] OR ""small subunit""[All Fields] OR ""18S ribosomal""[All Fields] OR ""SSU rRNA""[All Fields] OR ""ribosomal RNA""[All Fields] OR ""rRNA""[All Fields] OR ""rDNA""[All Fields]) NOT (""whole genome""[Title] OR ""complete genome""[Title] OR ""WGS""[Title] OR ""shotgun""[Title] OR ""mitochondrial""[Title] OR ""mitochondrion""[Title])"
PZ726876.1,novel_10,1745,cf0b3697e4c8f7a51654305e603ba94f,Castor fiber,host_qualifier,Czechia,2026,Unknown,Sanger,novel_cluster,clustered with 2 other unplaced records at Jaccard d<0.2,broad_query,2026-08-13T12:29:33.338201+00:00,"Blastocystis[Organism] AND (""18S""[All Fields] OR ""SSU""[All Fields] OR ""small subunit""[All Fields] OR ""18S ribosomal""[All Fields] OR ""SSU rRNA""[All Fields] OR ""ribosomal RNA""[All Fields] OR ""rRNA""[All Fields] OR ""rDNA""[All Fields]) NOT (""whole genome""[Title] OR ""complete genome""[Title] OR ""WGS""[Title] OR ""shotgun""[Title] OR ""mitochondrial""[Title] OR ""mitochondrion""[Title])"
PX663658.1,novel_7,1056,5228e7c0ae2cd50b2c5a88a7c1844518,Homo sapiens,organism,Iraq: Erbil,Dec-2024,Unknown,Sanger,novel_cluster,clustered with 3 other unplaced records at Jaccard d<0.2,broad_query,2026-08-13T12:29:33.338201+00:00,"Blastocystis[Organism] AND (""18S""[All Fields] OR ""SSU""[All Fields] OR ""small subunit""[All Fields] OR ""18S ribosomal""[All Fields] OR ""SSU rRNA""[All Fields] OR ""ribosomal RNA""[All Fields] OR ""rRNA""[All Fields] OR ""rDNA""[All Fields]) NOT (""whole genome""[Title] OR ""complete genome""[Title] OR ""WGS""[Title] OR ""shotgun""[Title] OR ""mitochondrial""[Title] OR ""mitochondrion""[Title])"
PX663657.1,novel_7,1056,78d0f3a4f96d5e04ae330be89e86d37d,Homo sapiens,organism,Iraq: Erbil,Dec-2024,Unknown,Sanger,novel_cluster,clustered with 3 other unplaced records at Jaccard d<0.2,broad_query,2026-08-13T12:29:33.338201+00:00,"Blastocystis[Organism] AND (""18S""[All Fields] OR ""SSU""[All Fields] OR ""small subunit""[All Fields] OR ""18S ribosomal""[All Fields] OR ""SSU rRNA""[All Fields] OR ""ribosomal RNA""[All Fields] OR ""rRNA""[All Fields] OR ""rDNA""[All Fields]) NOT (""whole genome""[Title] OR ""complete genome""[Title] OR ""WGS""[Title] OR ""shotgun""[Title] OR ""mitochondrial""[Title] OR ""mitochondrion""[Title])"
PX663630.1,novel_11,1053,e2463b07dd3334fcc62a7793169b649c,Homo sapiens,organism,Iraq: Erbil,Dec-2024,Unknown,Sanger,novel_cluster,clustered with 2 other unplaced records at Jaccard d<0.2,broad_query,2026-08-13T12:29:33.338201+00:00,"Blastocystis[Organism] AND (""18S""[All Fields] OR ""SSU""[All Fields] OR ""small subunit""[All Fields] OR ""18S ribosomal""[All Fields] OR ""SSU rRNA""[All Fields] OR ""ribosomal RNA""[All Fields] OR ""rRNA""[All Fields] OR ""rDNA""[All Fields]) NOT (""whole genome""[Title] OR ""complete genome""[Title] OR ""WGS""[Title] OR ""shotgun""[Title] OR ""mitochondrial""[Title] OR ""mitochondrion""[Title])"
PX663510.1,novel_11,1053,ac782f004592e9783c746eefea424c5d,Homo sapiens,organism,Iraq: Erbil,Dec-2024,Unknown,Sanger,novel_cluster,clustered with 2 other unplaced records at Jaccard d<0.2,broad_query,2026-08-13T12:29:33.338201+00:00,"Blastocystis[Organism] AND (""18S""[All Fields] OR ""SSU""[All Fields] OR ""small subunit""[All Fields] OR ""18S ribosomal""[All Fields] OR ""SSU rRNA""[All Fields] OR ""ribosomal RNA""[All Fields] OR ""rRNA""[All Fields] OR ""rDNA""[All Fields]) NOT (""whole genome""[Title] OR ""complete genome""[Title] OR ""WGS""[Title] OR ""shotgun""[Title] OR ""mitochondrial""[Title] OR ""mitochondrion""[Title])"
PX663509.1,ST_unassigned,1067,642a1fc96d13e5cd326dc4fbd8ced3c5,Homo sapiens,organism,Iraq: Erbil,Dec-2024,Unknown,Sanger,unplaced,"no source ST tag, >max-placement-dist from all seeds, and no coherent novel cluster",broad_query,2026-08-13T12:29:33.338201+00:00,"Blastocystis[Organism] AND (""18S""[All Fields] OR ""SSU""[All Fields] OR ""small subunit""[All Fields] OR ""18S ribosomal""[All Fields] OR ""SSU rRNA""[All Fields] OR ""ribosomal RNA""[All Fields] OR ""rRNA""[All Fields] OR ""rDNA""[All Fields]) NOT (""whole genome""[Title] OR ""complete genome""[Title] OR ""WGS""[Title] OR ""shotgun""[Title] OR ""mitochondrial""[Title] OR ""mitochondrion""[Title])"
PX658848.1,novel_12,1067,01d6b33b52abd296e7229d43cfb87013,Homo sapiens,organism,Iraq: Erbil,Dec-2024,Unknown,Sanger,novel_cluster,clustered with 2 other unplaced records at Jaccard d<0.2,broad_query,2026-08-13T12:29:33.338201+00:00,"Blastocystis[Organism] AND (""18S""[All Fields] OR ""SSU""[All Fields] OR ""small subunit""[All Fields] OR ""18S ribosomal""[All Fields] OR ""SSU rRNA""[All Fields] OR ""ribosomal RNA""[All Fields] OR ""rRNA""[All Fields] OR ""rDNA""[All Fields]) NOT (""whole genome""[Title] OR ""complete genome""[Title] OR ""WGS""[Title] OR ""shotgun""[Title] OR ""mitochondrial""[Title] OR ""mitochondrion""[Title])"
PX642479.1,ST_unassigned,1066,1c8830dce901aef076c3223642dedb01,Homo sapiens,organism,Iraq: Erbil,Apr-2025,Unknown,Sanger,unplaced,"no source ST tag, >max-placement-dist from all seeds, and no coherent novel cluster",broad_query,2026-08-13T12:29:33.338201+00:00,"Blastocystis[Organism] AND (""18S""[All Fields] OR ""SSU""[All Fields] OR ""small subunit""[All Fields] OR ""18S ribosomal""[All Fields] OR ""SSU rRNA""[All Fields] OR ""ribosomal RNA""[All Fields] OR ""rRNA""[All Fields] OR ""rDNA""[All Fields]) NOT (""whole genome""[Title] OR ""complete genome""[Title] OR ""WGS""[Title] OR ""shotgun""[Title] OR ""mitochondrial""[Title] OR ""mitochondrion""[Title])"
PX642478.1,ST_unassigned,1067,b223452db363fa45eb9a79a2618805d2,Homo sapiens,organism,Iraq: Erbil,Apr-2025,Unknown,Sanger,unplaced,"no source ST tag, >max-placement-dist from all seeds, and no coherent novel cluster",broad_query,2026-08-13T12:29:33.338201+00:00,"Blastocystis[Organism] AND (""18S""[All Fields] OR ""SSU""[All Fields] OR ""small subunit""[All Fields] OR ""18S ribosomal""[All Fields] OR ""SSU rRNA""[All Fields] OR ""ribosomal RNA""[All Fields] OR ""rRNA""[All Fields] OR ""rDNA""[All Fields]) NOT (""whole genome""[Title] OR ""complete genome""[Title] OR ""WGS""[Title] OR ""shotgun""[Title] OR ""mitochondrial""[Title] OR ""mitochondrion""[Title])"
PV329864.1,novel_8,1051,482c9b08c5c2defefee1917b48c65f54,Unknown,unknown,Spain,2023,human feces,Sanger,novel_cluster,clustered with 3 other unplaced records at Jaccard d<0.2,broad_query,2026-08-13T12:29:33.338201+00:00,"Blastocystis[Organism] AND (""18S""[All Fields] OR ""SSU""[All Fields] OR ""small subunit""[All Fields] OR ""18S ribosomal""[All Fields] OR ""SSU rRNA""[All Fields] OR ""ribosomal RNA""[All Fields] OR ""rRNA""[All Fields] OR ""rDNA""[All Fields]) NOT (""whole genome""[Title] OR ""complete genome""[Title] OR ""WGS""[Title] OR ""shotgun""[Title] OR ""mitochondrial""[Title] OR ""mitochondrion""[Title])"
MK880050.1,ST_unassigned,1011,e6c913d999ea6f6e1a1b19227eee22ff,Guaruba guarouba,host_qualifier,Brazil,Unknown,feces,Sanger,unplaced,"no source ST tag, >max-placement-dist from all seeds, and no coherent novel cluster",broad_query,2026-08-13T12:29:33.338201+00:00,"Blastocystis[Organism] AND (""18S""[All Fields] OR ""SSU""[All Fields] OR ""small subunit""[All Fields] OR ""18S ribosomal""[All Fields] OR ""SSU rRNA""[All Fields] OR ""ribosomal RNA""[All Fields] OR ""rRNA""[All Fields] OR ""rDNA""[All Fields]) NOT (""whole genome""[Title] OR ""complete genome""[Title] OR ""WGS""[Title] OR ""shotgun""[Title] OR ""mitochondrial""[Title] OR ""mitochondrion""[Title])"
OR227930.1,novel_13,1000,8a9eb6d16ecc76ba5b3f6388bea000c9,Homo sapiens,organism,Unknown,Unknown,Unknown,Sanger,novel_cluster,clustered with 2 other unplaced records at Jaccard d<0.2,broad_query,2026-08-13T12:29:33.338201+00:00,"Blastocystis[Organism] AND (""18S""[All Fields] OR ""SSU""[All Fields] OR ""small subunit""[All Fields] OR ""18S ribosomal""[All Fields] OR ""SSU rRNA""[All Fields] OR ""ribosomal RNA""[All Fields] OR ""rRNA""[All Fields] OR ""rDNA""[All Fields]) NOT (""whole genome""[Title] OR ""complete genome""[Title] OR ""WGS""[Title] OR ""shotgun""[Title] OR ""mitochondrial""[Title] OR ""mitochondrion""[Title])"
OQ693814.1,novel_14,1044,8d32bb11ea0da7838ccadbffddc8dd25,African spurred tortoise,host_qualifier,Thailand,2022,Unknown,Sanger,novel_cluster,clustered with 2 other unplaced records at Jaccard d<0.2,broad_query,2026-08-13T12:29:33.338201+00:00,"Blastocystis[Organism] AND (""18S""[All Fields] OR ""SSU""[All Fields] OR ""small subunit""[All Fields] OR ""18S ribosomal""[All Fields] OR ""SSU rRNA""[All Fields] OR ""ribosomal RNA""[All Fields] OR ""rRNA""[All Fields] OR ""rDNA""[All Fields]) NOT (""whole genome""[Title] OR ""complete genome""[Title] OR ""WGS""[Title] OR ""shotgun""[Title] OR ""mitochondrial""[Title] OR ""mitochondrion""[Title])"
OQ693759.1,ST_unassigned,1055,60e0191674e15931bb5eba7484ed1b0a,iguana,host_qualifier,Thailand,2022,Unknown,Sanger,unplaced,"no source ST tag, >max-placement-dist from all seeds, and no coherent novel cluster",broad_query,2026-08-13T12:29:33.338201+00:00,"Blastocystis[Organism] AND (""18S""[All Fields] OR ""SSU""[All Fields] OR ""small subunit""[All Fields] OR ""18S ribosomal""[All Fields] OR ""SSU rRNA""[All Fields] OR ""ribosomal RNA""[All Fields] OR ""rRNA""[All Fields] OR ""rDNA""[All Fields]) NOT (""whole genome""[Title] OR ""complete genome""[Title] OR ""WGS""[Title] OR ""shotgun""[Title] OR ""mitochondrial""[Title] OR ""mitochondrion""[Title])"
OQ693732.1,novel_14,1053,b1ffb30800687c1fb230f54937bbb88d,African spurred tortoise,host_qualifier,Thailand,2022,Unknown,Sanger,novel_cluster,clustered with 2 other unplaced records at Jaccard d<0.2,broad_query,2026-08-13T12:29:33.338201+00:00,"Blastocystis[Organism] AND (""18S""[All Fields] OR ""SSU""[All Fields] OR ""small subunit""[All Fields] OR ""18S ribosomal""[All Fields] OR ""SSU rRNA""[All Fields] OR ""ribosomal RNA""[All Fields] OR ""rRNA""[All Fields] OR ""rDNA""[All Fields]) NOT (""whole genome""[Title] OR ""complete genome""[Title] OR ""WGS""[Title] OR ""shotgun""[Title] OR ""mitochondrial""[Title] OR ""mitochondrion""[Title])"
OQ691628.1,novel_13,1006,1995f3c81a3f2bf2d34b9766489e0359,Homo sapiens,organism,Unknown,Unknown,Unknown,Sanger,novel_cluster,clustered with 2 other unplaced records at Jaccard d<0.2,broad_query,2026-08-13T12:29:33.338201+00:00,"Blastocystis[Organism] AND (""18S""[All Fields] OR ""SSU""[All Fields] OR ""small subunit""[All Fields] OR ""18S ribosomal""[All Fields] OR ""SSU rRNA""[All Fields] OR ""ribosomal RNA""[All Fields] OR ""rRNA""[All Fields] OR ""rDNA""[All Fields]) NOT (""whole genome""[Title] OR ""complete genome""[Title] OR ""WGS""[Title] OR ""shotgun""[Title] OR ""mitochondrial""[Title] OR ""mitochondrion""[Title])"
OQ691627.1,ST_unassigned,1059,ea9d3f696dddaee414395aa085531826,Homo sapiens,organism,Unknown,Unknown,Unknown,Sanger,unplaced,"no source ST tag, >max-placement-dist from all seeds, and no coherent novel cluster",broad_query,2026-08-13T12:29:33.338201+00:00,"Blastocystis[Organism] AND (""18S""[All Fields] OR ""SSU""[All Fields] OR ""small subunit""[All Fields] OR ""18S ribosomal""[All Fields] OR ""SSU rRNA""[All Fields] OR ""ribosomal RNA""[All Fields] OR ""rRNA""[All Fields] OR ""rDNA""[All Fields]) NOT (""whole genome""[Title] OR ""complete genome""[Title] OR ""WGS""[Title] OR ""shotgun""[Title] OR ""mitochondrial""[Title] OR ""mitochondrion""[Title])"
OQ594881.1,ST_unassigned,1269,ab2f90abf11f2cbbb4c4ac0fd8f391fc,Homo sapiens,host_qualifier,Iraq: salahaddin,Dec-2022,stool,Sanger,unplaced,"no source ST tag, >max-placement-dist from all seeds, and no coherent novel cluster",broad_query,2026-08-13T12:29:33.338201+00:00,"Blastocystis[Organism] AND (""18S""[All Fields] OR ""SSU""[All Fields] OR ""small subunit""[All Fields] OR ""18S ribosomal""[All Fields] OR ""SSU rRNA""[All Fields] OR ""ribosomal RNA""[All Fields] OR ""rRNA""[All Fields] OR ""rDNA""[All Fields]) NOT (""whole genome""[Title] OR ""complete genome""[Title] OR ""WGS""[Title] OR ""shotgun""[Title] OR ""mitochondrial""[Title] OR ""mitochondrion""[Title])"
OQ363210.1,ST_unassigned,1100,b9c088a9725ddce9c360fc9f38a676ff,Unknown,unknown,Unknown,Unknown,Unknown,Sanger,unplaced,"no source ST tag, >max-placement-dist from all seeds, and no coherent novel cluster",broad_query,2026-08-13T12:29:33.338201+00:00,"Blastocystis[Organism] AND (""18S""[All Fields] OR ""SSU""[All Fields] OR ""small subunit""[All Fields] OR ""18S ribosomal""[All Fields] OR ""SSU rRNA""[All Fields] OR ""ribosomal RNA""[All Fields] OR ""rRNA""[All Fields] OR ""rDNA""[All Fields]) NOT (""whole genome""[Title] OR ""complete genome""[Title] OR ""WGS""[Title] OR ""shotgun""[Title] OR ""mitochondrial""[Title] OR ""mitochondrion""[Title])"
OQ192091.1,novel_15,1011,e2d7530232104f47694220cf2e8b2f68,Homo sapiens,host_qualifier,Argentina,Unknown,fecal samples,Sanger,novel_cluster,clustered with 2 other unplaced records at Jaccard d<0.2,broad_query,2026-08-13T12:29:33.338201+00:00,"Blastocystis[Organism] AND (""18S""[All Fields] OR ""SSU""[All Fields] OR ""small subunit""[All Fields] OR ""18S ribosomal""[All Fields] OR ""SSU rRNA""[All Fields] OR ""ribosomal RNA""[All Fields] OR ""rRNA""[All Fields] OR ""rDNA""[All Fields]) NOT (""whole genome""[Title] OR ""complete genome""[Title] OR ""WGS""[Title] OR ""shotgun""[Title] OR ""mitochondrial""[Title] OR ""mitochondrion""[Title])"
MZ783086.1,ST_unassigned,1016,5c88d9dc6f4f3d7c4b70f2e06d423bac,Unknown,unknown,Argentina,2019,Unknown,Sanger,unplaced,"no source ST tag, >max-placement-dist from all seeds, and no coherent novel cluster",broad_query,2026-08-13T12:29:33.338201+00:00,"Blastocystis[Organism] AND (""18S""[All Fields] OR ""SSU""[All Fields] OR ""small subunit""[All Fields] OR ""18S ribosomal""[All Fields] OR ""SSU rRNA""[All Fields] OR ""ribosomal RNA""[All Fields] OR ""rRNA""[All Fields] OR ""rDNA""[All Fields]) NOT (""whole genome""[Title] OR ""complete genome""[Title] OR ""WGS""[Title] OR ""shotgun""[Title] OR ""mitochondrial""[Title] OR ""mitochondrion""[Title])"
MZ783085.1,novel_15,1016,df933aba5eacb459f8766c107be71c95,Unknown,unknown,Argentina,2019,Unknown,Sanger,novel_cluster,clustered with 2 other unplaced records at Jaccard d<0.2,broad_query,2026-08-13T12:29:33.338201+00:00,"Blastocystis[Organism] AND (""18S""[All Fields] OR ""SSU""[All Fields] OR ""small subunit""[All Fields] OR ""18S ribosomal""[All Fields] OR ""SSU rRNA""[All Fields] OR ""ribosomal RNA""[All Fields] OR ""rRNA""[All Fields] OR ""rDNA""[All Fields]) NOT (""whole genome""[Title] OR ""complete genome""[Title] OR ""WGS""[Title] OR ""shotgun""[Title] OR ""mitochondrial""[Title] OR ""mitochondrion""[Title])"
MK375221.1,novel_4,1086,9c45a58f7f521ff43947641d74efcd72,Sus scrofa,host_qualifier,China: Yunnan,Unknown,feces of farmed pigs,Unknown,novel_cluster,clustered with 5 other unplaced records at Jaccard d<0.2,broad_query,2026-08-13T12:29:33.338201+00:00,"Blastocystis[Organism] AND (""18S""[All Fields] OR ""SSU""[All Fields] OR ""small subunit""[All Fields] OR ""18S ribosomal""[All Fields] OR ""SSU rRNA""[All Fields] OR ""ribosomal RNA""[All Fields] OR ""rRNA""[All Fields] OR ""rDNA""[All Fields]) NOT (""whole genome""[Title] OR ""complete genome""[Title] OR ""WGS""[Title] OR ""shotgun""[Title] OR ""mitochondrial""[Title] OR ""mitochondrion""[Title])"
MN264522.1,ST_unassigned,1100,e729691fb2e84c00246bdc1b4ea3360f,Felis catus domesticus,host_qualifier,Iran,Jul-2017,feces,Sanger,unplaced,"no source ST tag, >max-placement-dist from all seeds, and no coherent novel cluster",broad_query,2026-08-13T12:29:33.338201+00:00,"Blastocystis[Organism] AND (""18S""[All Fields] OR ""SSU""[All Fields] OR ""small subunit""[All Fields] OR ""18S ribosomal""[All Fields] OR ""SSU rRNA""[All Fields] OR ""ribosomal RNA""[All Fields] OR ""rRNA""[All Fields] OR ""rDNA""[All Fields]) NOT (""whole genome""[Title] OR ""complete genome""[Title] OR ""WGS""[Title] OR ""shotgun""[Title] OR ""mitochondrial""[Title] OR ""mitochondrion""[Title])"
MN264519.1,novel_8,1100,9731fff17c5140cf2bd9ea1c16f342de,Felis catus domesticus,host_qualifier,Iran,Jul-2017,feces,Sanger,novel_cluster,clustered with 3 other unplaced records at Jaccard d<0.2,broad_query,2026-08-13T12:29:33.338201+00:00,"Blastocystis[Organism] AND (""18S""[All Fields] OR ""SSU""[All Fields] OR ""small subunit""[All Fields] OR ""18S ribosomal""[All Fields] OR ""SSU rRNA""[All Fields] OR ""ribosomal RNA""[All Fields] OR ""rRNA""[All Fields] OR ""rDNA""[All Fields]) NOT (""whole genome""[Title] OR ""complete genome""[Title] OR ""WGS""[Title] OR ""shotgun""[Title] OR ""mitochondrial""[Title] OR ""mitochondrion""[Title])"
MN264518.1,novel_16,1100,207370279f4a9e490e8c60e1423d8e4c,Felis catus domesticus,host_qualifier,Iran,Jul-2017,feces,Sanger,novel_cluster,clustered with 2 other unplaced records at Jaccard d<0.2,broad_query,2026-08-13T12:29:33.338201+00:00,"Blastocystis[Organism] AND (""18S""[All Fields] OR ""SSU""[All Fields] OR ""small subunit""[All Fields] OR ""18S ribosomal""[All Fields] OR ""SSU rRNA""[All Fields] OR ""ribosomal RNA""[All Fields] OR ""rRNA""[All Fields] OR ""rDNA""[All Fields]) NOT (""whole genome""[Title] OR ""complete genome""[Title] OR ""WGS""[Title] OR ""shotgun""[Title] OR ""mitochondrial""[Title] OR ""mitochondrion""[Title])"
MN264516.1,ST_unassigned,1100,19f471ea0901a2ad1499170c95b9d01c,Canis lupus familiaris,host_qualifier,Iran,Jul-2017,feces,Sanger,unplaced,"no source ST tag, >max-placement-dist from all seeds, and no coherent novel cluster",broad_query,2026-08-13T12:29:33.338201+00:00,"Blastocystis[Organism] AND (""18S""[All Fields] OR ""SSU""[All Fields] OR ""small subunit""[All Fields] OR ""18S ribosomal""[All Fields] OR ""SSU rRNA""[All Fields] OR ""ribosomal RNA""[All Fields] OR ""rRNA""[All Fields] OR ""rDNA""[All Fields]) NOT (""whole genome""[Title] OR ""complete genome""[Title] OR ""WGS""[Title] OR ""shotgun""[Title] OR ""mitochondrial""[Title] OR ""mitochondrion""[Title])"
MN264512.1,ST_unassigned,1100,8f756766dde8b5f07f24bb6ad854f720,Canis lupus familiaris,host_qualifier,Iran,Jul-2017,feces,Sanger,unplaced,"no source ST tag, >max-placement-dist from all seeds, and no coherent novel cluster",broad_query,2026-08-13T12:29:33.338201+00:00,"Blastocystis[Organism] AND (""18S""[All Fields] OR ""SSU""[All Fields] OR ""small subunit""[All Fields] OR ""18S ribosomal""[All Fields] OR ""SSU rRNA""[All Fields] OR ""ribosomal RNA""[All Fields] OR ""rRNA""[All Fields] OR ""rDNA""[All Fields]) NOT (""whole genome""[Title] OR ""complete genome""[Title] OR ""WGS""[Title] OR ""shotgun""[Title] OR ""mitochondrial""[Title] OR ""mitochondrion""[Title])"
MN264511.1,novel_16,1100,8a0b84a59467d290f334ef801b2fa312,Rattus norvegicus,host_qualifier,Iran,Jul-2017,feces,Sanger,novel_cluster,clustered with 2 other unplaced records at Jaccard d<0.2,broad_query,2026-08-13T12:29:33.338201+00:00,"Blastocystis[Organism] AND (""18S""[All Fields] OR ""SSU""[All Fields] OR ""small subunit""[All Fields] OR ""18S ribosomal""[All Fields] OR ""SSU rRNA""[All Fields] OR ""ribosomal RNA""[All Fields] OR ""rRNA""[All Fields] OR ""rDNA""[All Fields]) NOT (""whole genome""[Title] OR ""complete genome""[Title] OR ""WGS""[Title] OR ""shotgun""[Title] OR ""mitochondrial""[Title] OR ""mitochondrion""[Title])"
MN264510.1,novel_8,1100,da2e28752a98442753de26dee052a45d,Rattus norvegicus,host_qualifier,Iran,Jul-2017,feces,Sanger,novel_cluster,clustered with 3 other unplaced records at Jaccard d<0.2,broad_query,2026-08-13T12:29:33.338201+00:00,"Blastocystis[Organism] AND (""18S""[All Fields] OR ""SSU""[All Fields] OR ""small subunit""[All Fields] OR ""18S ribosomal""[All Fields] OR ""SSU rRNA""[All Fields] OR ""ribosomal RNA""[All Fields] OR ""rRNA""[All Fields] OR ""rDNA""[All Fields]) NOT (""whole genome""[Title] OR ""complete genome""[Title] OR ""WGS""[Title] OR ""shotgun""[Title] OR ""mitochondrial""[Title] OR ""mitochondrion""[Title])"
MK880049.1,novel_9,1020,675278e9dd7d6e312c61ea4ec97056fd,Gallus gallus,host_qualifier,"Brazil: UFMG, Belo Horizonte",Unknown,feces,Sanger,novel_cluster,clustered with 3 other unplaced records at Jaccard d<0.2,broad_query,2026-08-13T12:29:33.338201+00:00,"Blastocystis[Organism] AND (""18S""[All Fields] OR ""SSU""[All Fields] OR ""small subunit""[All Fields] OR ""18S ribosomal""[All Fields] OR ""SSU rRNA""[All Fields] OR ""ribosomal RNA""[All Fields] OR ""rRNA""[All Fields] OR ""rDNA""[All Fields]) NOT (""whole genome""[Title] OR ""complete genome""[Title] OR ""WGS""[Title] OR ""shotgun""[Title] OR ""mitochondrial""[Title] OR ""mitochondrion""[Title])"
MH104988.1,novel_4,1079,4998ce3fc3d45884fd54a4df35311ec2,Sus scrofa,host_qualifier,Thailand,Unknown,Unknown,Sanger,novel_cluster,clustered with 5 other unplaced records at Jaccard d<0.2,broad_query,2026-08-13T12:29:33.338201+00:00,"Blastocystis[Organism] AND (""18S""[All Fields] OR ""SSU""[All Fields] OR ""small subunit""[All Fields] OR ""18S ribosomal""[All Fields] OR ""SSU rRNA""[All Fields] OR ""ribosomal RNA""[All Fields] OR ""rRNA""[All Fields] OR ""rDNA""[All Fields]) NOT (""whole genome""[Title] OR ""complete genome""[Title] OR ""WGS""[Title] OR ""shotgun""[Title] OR ""mitochondrial""[Title] OR ""mitochondrion""[Title])"
MH104987.1,novel_4,1052,0f45f21c5cad666af03e27e5bf872bca,Sus scrofa,host_qualifier,Thailand,Unknown,Unknown,Sanger,novel_cluster,clustered with 5 other unplaced records at Jaccard d<0.2,broad_query,2026-08-13T12:29:33.338201+00:00,"Blastocystis[Organism] AND (""18S""[All Fields] OR ""SSU""[All Fields] OR ""small subunit""[All Fields] OR ""18S ribosomal""[All Fields] OR ""SSU rRNA""[All Fields] OR ""ribosomal RNA""[All Fields] OR ""rRNA""[All Fields] OR ""rDNA""[All Fields]) NOT (""whole genome""[Title] OR ""complete genome""[Title] OR ""WGS""[Title] OR ""shotgun""[Title] OR ""mitochondrial""[Title] OR ""mitochondrion""[Title])"
MH104983.1,novel_4,1064,dad596134ad55ab97c3d0d228529ebee,Sus scrofa,host_qualifier,Thailand,Unknown,Unknown,Sanger,novel_cluster,clustered with 5 other unplaced records at Jaccard d<0.2,broad_query,2026-08-13T12:29:33.338201+00:00,"Blastocystis[Organism] AND (""18S""[All Fields] OR ""SSU""[All Fields] OR ""small subunit""[All Fields] OR ""18S ribosomal""[All Fields] OR ""SSU rRNA""[All Fields] OR ""ribosomal RNA""[All Fields] OR ""rRNA""[All Fields] OR ""rDNA""[All Fields]) NOT (""whole genome""[Title] OR ""complete genome""[Title] OR ""WGS""[Title] OR ""shotgun""[Title] OR ""mitochondrial""[Title] OR ""mitochondrion""[Title])"
MH104973.1,novel_4,1084,0a7a60c518f67243d8c80064404bb2f5,Sus scrofa,host_qualifier,Thailand,Unknown,Unknown,Sanger,novel_cluster,clustered with 5 other unplaced records at Jaccard d<0.2,broad_query,2026-08-13T12:29:33.338201+00:00,"Blastocystis[Organism] AND (""18S""[All Fields] OR ""SSU""[All Fields] OR ""small subunit""[All Fields] OR ""18S ribosomal""[All Fields] OR ""SSU rRNA""[All Fields] OR ""ribosomal RNA""[All Fields] OR ""rRNA""[All Fields] OR ""rDNA""[All Fields]) NOT (""whole genome""[Title] OR ""complete genome""[Title] OR ""WGS""[Title] OR ""shotgun""[Title] OR ""mitochondrial""[Title] OR ""mitochondrion""[Title])"
MH104965.1,ST_unassigned,1068,20a1e4427905bd3d9d28d60d2c2bbea9,Unknown,unknown,Thailand,Unknown,Unknown,Sanger,unplaced,"no source ST tag, >max-placement-dist from all seeds, and no coherent novel cluster",broad_query,2026-08-13T12:29:33.338201+00:00,"Blastocystis[Organism] AND (""18S""[All Fields] OR ""SSU""[All Fields] OR ""small subunit""[All Fields] OR ""18S ribosomal""[All Fields] OR ""SSU rRNA""[All Fields] OR ""ribosomal RNA""[All Fields] OR ""rRNA""[All Fields] OR ""rDNA""[All Fields]) NOT (""whole genome""[Title] OR ""complete genome""[Title] OR ""WGS""[Title] OR ""shotgun""[Title] OR ""mitochondrial""[Title] OR ""mitochondrion""[Title])"
MH104963.1,ST_unassigned,1119,d591c0e9fe6c07e16f84b9f57637930c,Unknown,unknown,Thailand,Unknown,Unknown,Sanger,unplaced,"no source ST tag, >max-placement-dist from all seeds, and no coherent novel cluster",broad_query,2026-08-13T12:29:33.338201+00:00,"Blastocystis[Organism] AND (""18S""[All Fields] OR ""SSU""[All Fields] OR ""small subunit""[All Fields] OR ""18S ribosomal""[All Fields] OR ""SSU rRNA""[All Fields] OR ""ribosomal RNA""[All Fields] OR ""rRNA""[All Fields] OR ""rDNA""[All Fields]) NOT (""whole genome""[Title] OR ""complete genome""[Title] OR ""WGS""[Title] OR ""shotgun""[Title] OR ""mitochondrial""[Title] OR ""mitochondrion""[Title])"
MH104954.1,ST_unassigned,1126,6ba5905bf9fb8a142c0117a1031dbf64,Unknown,unknown,Thailand,Unknown,Unknown,Sanger,unplaced,"no source ST tag, >max-placement-dist from all seeds, and no coherent novel cluster",broad_query,2026-08-13T12:29:33.338201+00:00,"Blastocystis[Organism] AND (""18S""[All Fields] OR ""SSU""[All Fields] OR ""small subunit""[All Fields] OR ""18S ribosomal""[All Fields] OR ""SSU rRNA""[All Fields] OR ""ribosomal RNA""[All Fields] OR ""rRNA""[All Fields] OR ""rDNA""[All Fields]) NOT (""whole genome""[Title] OR ""complete genome""[Title] OR ""WGS""[Title] OR ""shotgun""[Title] OR ""mitochondrial""[Title] OR ""mitochondrion""[Title])"
MH104951.1,ST_unassigned,1104,ea3dec7eb01e8bf7ab48949bc100663e,Unknown,unknown,Thailand,Unknown,Unknown,Sanger,unplaced,"no source ST tag, >max-placement-dist from all seeds, and no coherent novel cluster",broad_query,2026-08-13T12:29:33.338201+00:00,"Blastocystis[Organism] AND (""18S""[All Fields] OR ""SSU""[All Fields] OR ""small subunit""[All Fields] OR ""18S ribosomal""[All Fields] OR ""SSU rRNA""[All Fields] OR ""ribosomal RNA""[All Fields] OR ""rRNA""[All Fields] OR ""rDNA""[All Fields]) NOT (""whole genome""[Title] OR ""complete genome""[Title] OR ""WGS""[Title] OR ""shotgun""[Title] OR ""mitochondrial""[Title] OR ""mitochondrion""[Title])"
MH104950.1,ST_unassigned,1109,0e2475aa83966b667a4d1f152dbfc038,Unknown,unknown,Thailand,Unknown,Unknown,Sanger,unplaced,"no source ST tag, >max-placement-dist from all seeds, and no coherent novel cluster",broad_query,2026-08-13T12:29:33.338201+00:00,"Blastocystis[Organism] AND (""18S""[All Fields] OR ""SSU""[All Fields] OR ""small subunit""[All Fields] OR ""18S ribosomal""[All Fields] OR ""SSU rRNA""[All Fields] OR ""ribosomal RNA""[All Fields] OR ""rRNA""[All Fields] OR ""rDNA""[All Fields]) NOT (""whole genome""[Title] OR ""complete genome""[Title] OR ""WGS""[Title] OR ""shotgun""[Title] OR ""mitochondrial""[Title] OR ""mitochondrion""[Title])"
KT438715.1,novel_2,1795,786b42ee359545238637f912a0996f2a,Unknown,unknown,Japan,24-Jul-2012,Platysternon megacephalum megacephalum,Sanger,novel_cluster,clustered with 7 other unplaced records at Jaccard d<0.2,broad_query,2026-08-13T12:29:33.338201+00:00,"Blastocystis[Organism] AND (""18S""[All Fields] OR ""SSU""[All Fields] OR ""small subunit""[All Fields] OR ""18S ribosomal""[All Fields] OR ""SSU rRNA""[All Fields] OR ""ribosomal RNA""[All Fields] OR ""rRNA""[All Fields] OR ""rDNA""[All Fields]) NOT (""whole genome""[Title] OR ""complete genome""[Title] OR ""WGS""[Title] OR ""shotgun""[Title] OR ""mitochondrial""[Title] OR ""mitochondrion""[Title])"
KT438713.1,novel_2,1794,ea35c7cc6358e7e54f1595547cdcd43f,Unknown,unknown,Japan,24-May-2012,Platysternon megacephalum megacephalum,Sanger,novel_cluster,clustered with 7 other unplaced records at Jaccard d<0.2,broad_query,2026-08-13T12:29:33.338201+00:00,"Blastocystis[Organism] AND (""18S""[All Fields] OR ""SSU""[All Fields] OR ""small subunit""[All Fields] OR ""18S ribosomal""[All Fields] OR ""SSU rRNA""[All Fields] OR ""ribosomal RNA""[All Fields] OR ""rRNA""[All Fields] OR ""rDNA""[All Fields]) NOT (""whole genome""[Title] OR ""complete genome""[Title] OR ""WGS""[Title] OR ""shotgun""[Title] OR ""mitochondrial""[Title] OR ""mitochondrion""[Title])"
KT438711.1,novel_2,1794,aa50a2b46dcd0666113ca4a84679192f,Carettochelys insculpta,isolation_source,Japan,21-May-2012,Carettochelys insculpta,Sanger,novel_cluster,clustered with 7 other unplaced records at Jaccard d<0.2,broad_query,2026-08-13T12:29:33.338201+00:00,"Blastocystis[Organism] AND (""18S""[All Fields] OR ""SSU""[All Fields] OR ""small subunit""[All Fields] OR ""18S ribosomal""[All Fields] OR ""SSU rRNA""[All Fields] OR ""ribosomal RNA""[All Fields] OR ""rRNA""[All Fields] OR ""rDNA""[All Fields]) NOT (""whole genome""[Title] OR ""complete genome""[Title] OR ""WGS""[Title] OR ""shotgun""[Title] OR ""mitochondrial""[Title] OR ""mitochondrion""[Title])"
KT438710.1,novel_3,1745,5c31b513b82d31476ce272f47ecb57b9,Testudo graeca,host_qualifier,Japan,10-Jun-2012,Geochelone elegans,Sanger,novel_cluster,clustered with 7 other unplaced records at Jaccard d<0.2,broad_query,2026-08-13T12:29:33.338201+00:00,"Blastocystis[Organism] AND (""18S""[All Fields] OR ""SSU""[All Fields] OR ""small subunit""[All Fields] OR ""18S ribosomal""[All Fields] OR ""SSU rRNA""[All Fields] OR ""ribosomal RNA""[All Fields] OR ""rRNA""[All Fields] OR ""rDNA""[All Fields]) NOT (""whole genome""[Title] OR ""complete genome""[Title] OR ""WGS""[Title] OR ""shotgun""[Title] OR ""mitochondrial""[Title] OR ""mitochondrion""[Title])"
KT438709.1,novel_3,1747,a48f3930e5ec894e967cf63b01fdf3d0,Geochelone elegans,host_qualifier,Japan,24-May-2012,Testudo graeca,Sanger,novel_cluster,clustered with 7 other unplaced records at Jaccard d<0.2,broad_query,2026-08-13T12:29:33.338201+00:00,"Blastocystis[Organism] AND (""18S""[All Fields] OR ""SSU""[All Fields] OR ""small subunit""[All Fields] OR ""18S ribosomal""[All Fields] OR ""SSU rRNA""[All Fields] OR ""ribosomal RNA""[All Fields] OR ""rRNA""[All Fields] OR ""rDNA""[All Fields]) NOT (""whole genome""[Title] OR ""complete genome""[Title] OR ""WGS""[Title] OR ""shotgun""[Title] OR ""mitochondrial""[Title] OR ""mitochondrion""[Title])"
KT438708.1,novel_3,1748,bf67db937fb19ffe138cf6d9c51a4248,Geochelone elegans,isolation_source,Japan,21-May-2012,Geochelone elegans,Sanger,novel_cluster,clustered with 7 other unplaced records at Jaccard d<0.2,broad_query,2026-08-13T12:29:33.338201+00:00,"Blastocystis[Organism] AND (""18S""[All Fields] OR ""SSU""[All Fields] OR ""small subunit""[All Fields] OR ""18S ribosomal""[All Fields] OR ""SSU rRNA""[All Fields] OR ""ribosomal RNA""[All Fields] OR ""rRNA""[All Fields] OR ""rDNA""[All Fields]) NOT (""whole genome""[Title] OR ""complete genome""[Title] OR ""WGS""[Title] OR ""shotgun""[Title] OR ""mitochondrial""[Title] OR ""mitochondrion""[Title])"
KT438707.1,novel_3,1748,8a8b98067e02d1429b3f5e7854b9ab2b,Stigmochelys pardalis,host_qualifier,Japan,07-Nov-2012,Astrochelys radiata,Sanger,novel_cluster,clustered with 7 other unplaced records at Jaccard d<0.2,broad_query,2026-08-13T12:29:33.338201+00:00,"Blastocystis[Organism] AND (""18S""[All Fields] OR ""SSU""[All Fields] OR ""small subunit""[All Fields] OR ""18S ribosomal""[All Fields] OR ""SSU rRNA""[All Fields] OR ""ribosomal RNA""[All Fields] OR ""rRNA""[All Fields] OR ""rDNA""[All Fields]) NOT (""whole genome""[Title] OR ""complete genome""[Title] OR ""WGS""[Title] OR ""shotgun""[Title] OR ""mitochondrial""[Title] OR ""mitochondrion""[Title])"
KT438706.1,novel_3,1747,6eeb2c0208bb6a3b98e7007695e0127a,Astrochelys radiata,isolation_source,Japan,21-May-2012,Astrochelys radiata,Sanger,novel_cluster,clustered with 7 other unplaced records at Jaccard d<0.2,broad_query,2026-08-13T12:29:33.338201+00:00,"Blastocystis[Organism] AND (""18S""[All Fields] OR ""SSU""[All Fields] OR ""small subunit""[All Fields] OR ""18S ribosomal""[All Fields] OR ""SSU rRNA""[All Fields] OR ""ribosomal RNA""[All Fields] OR ""rRNA""[All Fields] OR ""rDNA""[All Fields]) NOT (""whole genome""[Title] OR ""complete genome""[Title] OR ""WGS""[Title] OR ""shotgun""[Title] OR ""mitochondrial""[Title] OR ""mitochondrion""[Title])"
KT438705.1,novel_3,1748,e96be158ff95f07f9361c120d92448e5,Agrionemys horsfieldii,host_qualifier,Japan,21-May-2012,Kinixys homeana,Sanger,novel_cluster,clustered with 7 other unplaced records at Jaccard d<0.2,broad_query,2026-08-13T12:29:33.338201+00:00,"Blastocystis[Organism] AND (""18S""[All Fields] OR ""SSU""[All Fields] OR ""small subunit""[All Fields] OR ""18S ribosomal""[All Fields] OR ""SSU rRNA""[All Fields] OR ""ribosomal RNA""[All Fields] OR ""rRNA""[All Fields] OR ""rDNA""[All Fields]) NOT (""whole genome""[Title] OR ""complete genome""[Title] OR ""WGS""[Title] OR ""shotgun""[Title] OR ""mitochondrial""[Title] OR ""mitochondrion""[Title])"
KR262945.1,ST_unassigned,1023,6404cda1f2b5a2687d52bb4b8920bc57,long-tailed macaque,host_qualifier,China,01-Apr-2015,Unknown,Sanger,unplaced,"no source ST tag, >max-placement-dist from all seeds, and no coherent novel cluster",broad_query,2026-08-13T12:29:33.338201+00:00,"Blastocystis[Organism] AND (""18S""[All Fields] OR ""SSU""[All Fields] OR ""small subunit""[All Fields] OR ""18S ribosomal""[All Fields] OR ""SSU rRNA""[All Fields] OR ""ribosomal RNA""[All Fields] OR ""rRNA""[All Fields] OR ""rDNA""[All Fields]) NOT (""whole genome""[Title] OR ""complete genome""[Title] OR ""WGS""[Title] OR ""shotgun""[Title] OR ""mitochondrial""[Title] OR ""mitochondrion""[Title])"
KU051524.1,ST_unassigned,1116,b220901a89a3dfcf7415f24dd47f712d,Homo sapiens,host_qualifier,Thailand,Unknown,Unknown,PacBio,unplaced,"no source ST tag, >max-placement-dist from all seeds, and no coherent novel cluster",broad_query,2026-08-13T12:29:33.338201+00:00,"Blastocystis[Organism] AND (""18S""[All Fields] OR ""SSU""[All Fields] OR ""small subunit""[All Fields] OR ""18S ribosomal""[All Fields] OR ""SSU rRNA""[All Fields] OR ""ribosomal RNA""[All Fields] OR ""rRNA""[All Fields] OR ""rDNA""[All Fields]) NOT (""whole genome""[Title] OR ""complete genome""[Title] OR ""WGS""[Title] OR ""shotgun""[Title] OR ""mitochondrial""[Title] OR ""mitochondrion""[Title])"
KM216260.1,novel_5,1027,beec9e25b7f7740ff65d05c5a604fe49,Homo sapiens,host_qualifier,Unknown,Unknown,Unknown,Sanger,novel_cluster,clustered with 5 other unplaced records at Jaccard d<0.2,broad_query,2026-08-13T12:29:33.338201+00:00,"Blastocystis[Organism] AND (""18S""[All Fields] OR ""SSU""[All Fields] OR ""small subunit""[All Fields] OR ""18S ribosomal""[All Fields] OR ""SSU rRNA""[All Fields] OR ""ribosomal RNA""[All Fields] OR ""rRNA""[All Fields] OR ""rDNA""[All Fields]) NOT (""whole genome""[Title] OR ""complete genome""[Title] OR ""WGS""[Title] OR ""shotgun""[Title] OR ""mitochondrial""[Title] OR ""mitochondrion""[Title])"
JX159034.1,novel_1,1054,291e326c3d9993d223f39da285549d07,Gorilla gorilla,host_qualifier,Unknown,Unknown,stool,Sanger,novel_cluster,clustered with 8 other unplaced records at Jaccard d<0.2,broad_query,2026-08-13T12:29:33.338201+00:00,"Blastocystis[Organism] AND (""18S""[All Fields] OR ""SSU""[All Fields] OR ""small subunit""[All Fields] OR ""18S ribosomal""[All Fields] OR ""SSU rRNA""[All Fields] OR ""ribosomal RNA""[All Fields] OR ""rRNA""[All Fields] OR ""rDNA""[All Fields]) NOT (""whole genome""[Title] OR ""complete genome""[Title] OR ""WGS""[Title] OR ""shotgun""[Title] OR ""mitochondrial""[Title] OR ""mitochondrion""[Title])"
JX159024.1,novel_1,1054,5f428e21352b9045ca5b694773dab343,Gorilla gorilla,host_qualifier,Unknown,Unknown,stool,Sanger,novel_cluster,clustered with 8 other unplaced records at Jaccard d<0.2,broad_query,2026-08-13T12:29:33.338201+00:00,"Blastocystis[Organism] AND (""18S""[All Fields] OR ""SSU""[All Fields] OR ""small subunit""[All Fields] OR ""18S ribosomal""[All Fields] OR ""SSU rRNA""[All Fields] OR ""ribosomal RNA""[All Fields] OR ""rRNA""[All Fields] OR ""rDNA""[All Fields]) NOT (""whole genome""[Title] OR ""complete genome""[Title] OR ""WGS""[Title] OR ""shotgun""[Title] OR ""mitochondrial""[Title] OR ""mitochondrion""[Title])"
EU427512.1,novel_6,1748,90bfc2e88dc282cd6e65d454bf7349da,Macropus rufus (red kangaroo),host_qualifier,Unknown,Unknown,Unknown,Unknown,novel_cluster,clustered with 4 other unplaced records at Jaccard d<0.2,broad_query,2026-08-13T12:29:33.338201+00:00,"Blastocystis[Organism] AND (""18S""[All Fields] OR ""SSU""[All Fields] OR ""small subunit""[All Fields] OR ""18S ribosomal""[All Fields] OR ""SSU rRNA""[All Fields] OR ""ribosomal RNA""[All Fields] OR ""rRNA""[All Fields] OR ""rDNA""[All Fields]) NOT (""whole genome""[Title] OR ""complete genome""[Title] OR ""WGS""[Title] OR ""shotgun""[Title] OR ""mitochondrial""[Title] OR ""mitochondrion""[Title])"
EU427514.1,novel_6,1748,a00ead7b8d2bd8b93c65b9cef7fc02f8,Macropus rufus (red kangaroo),host_qualifier,Unknown,Unknown,Unknown,Unknown,novel_cluster,clustered with 4 other unplaced records at Jaccard d<0.2,broad_query,2026-08-13T12:29:33.338201+00:00,"Blastocystis[Organism] AND (""18S""[All Fields] OR ""SSU""[All Fields] OR ""small subunit""[All Fields] OR ""18S ribosomal""[All Fields] OR ""SSU rRNA""[All Fields] OR ""ribosomal RNA""[All Fields] OR ""rRNA""[All Fields] OR ""rDNA""[All Fields]) NOT (""whole genome""[Title] OR ""complete genome""[Title] OR ""WGS""[Title] OR ""shotgun""[Title] OR ""mitochondrial""[Title] OR ""mitochondrion""[Title])"
EF209018.1,novel_3,1703,23ef1e9a8fc39bd4703d6107c295f4f9,Geochelone carbonaria,host_qualifier,Czech Republic,Unknown,Unknown,Unknown,novel_cluster,clustered with 7 other unplaced records at Jaccard d<0.2,broad_query,2026-08-13T12:29:33.338201+00:00,"Blastocystis[Organism] AND (""18S""[All Fields] OR ""SSU""[All Fields] OR ""small subunit""[All Fields] OR ""18S ribosomal""[All Fields] OR ""SSU rRNA""[All Fields] OR ""ribosomal RNA""[All Fields] OR ""rRNA""[All Fields] OR ""rDNA""[All Fields]) NOT (""whole genome""[Title] OR ""complete genome""[Title] OR ""WGS""[Title] OR ""shotgun""[Title] OR ""mitochondrial""[Title] OR ""mitochondrion""[Title])"
EF209016.1,ST_unassigned,1783,a9820bbd149cae673a9b774096fe83b9,Geochelone radiata,host_qualifier,Czech Republic,Unknown,Unknown,Unknown,unplaced,"no source ST tag, >max-placement-dist from all seeds, and no coherent novel cluster",broad_query,2026-08-13T12:29:33.338201+00:00,"Blastocystis[Organism] AND (""18S""[All Fields] OR ""SSU""[All Fields] OR ""small subunit""[All Fields] OR ""18S ribosomal""[All Fields] OR ""SSU rRNA""[All Fields] OR ""ribosomal RNA""[All Fields] OR ""rRNA""[All Fields] OR ""rDNA""[All Fields]) NOT (""whole genome""[Title] OR ""complete genome""[Title] OR ""WGS""[Title] OR ""shotgun""[Title] OR ""mitochondrial""[Title] OR ""mitochondrion""[Title])"
AY135410.1,novel_17,1763,cb1e1272efc11bfffcc0cc5fd2012daf,Unknown,unknown,Unknown,Unknown,chicken feces,Unknown,novel_cluster,clustered with 2 other unplaced records at Jaccard d<0.2,broad_query,2026-08-13T12:29:33.338201+00:00,"Blastocystis[Organism] AND (""18S""[All Fields] OR ""SSU""[All Fields] OR ""small subunit""[All Fields] OR ""18S ribosomal""[All Fields] OR ""SSU rRNA""[All Fields] OR ""ribosomal RNA""[All Fields] OR ""rRNA""[All Fields] OR ""rDNA""[All Fields]) NOT (""whole genome""[Title] OR ""complete genome""[Title] OR ""WGS""[Title] OR ""shotgun""[Title] OR ""mitochondrial""[Title] OR ""mitochondrion""[Title])"
AY135409.1,novel_17,1760,c6b5f629ba8ad1c57dade39b8dd3e612,Unknown,unknown,Unknown,Unknown,chicken feces,Unknown,novel_cluster,clustered with 2 other unplaced records at Jaccard d<0.2,broad_query,2026-08-13T12:29:33.338201+00:00,"Blastocystis[Organism] AND (""18S""[All Fields] OR ""SSU""[All Fields] OR ""small subunit""[All Fields] OR ""18S ribosomal""[All Fields] OR ""SSU rRNA""[All Fields] OR ""ribosomal RNA""[All Fields] OR ""rRNA""[All Fields] OR ""rDNA""[All Fields]) NOT (""whole genome""[Title] OR ""complete genome""[Title] OR ""WGS""[Title] OR ""shotgun""[Title] OR ""mitochondrial""[Title] OR ""mitochondrion""[Title])"
AM275394.1,ST_unassigned,1055,f87d6eb156c214c88bdc554f39338a5c,Homo sapiens,organism,Denmark,01-May-2005,Unknown,Unknown,unplaced,"no source ST tag, >max-placement-dist from all seeds, and no coherent novel cluster",broad_query,2026-08-13T12:29:33.338201+00:00,"Blastocystis[Organism] AND (""18S""[All Fields] OR ""SSU""[All Fields] OR ""small subunit""[All Fields] OR ""18S ribosomal""[All Fields] OR ""SSU rRNA""[All Fields] OR ""ribosomal RNA""[All Fields] OR ""rRNA""[All Fields] OR ""rDNA""[All Fields]) NOT (""whole genome""[Title] OR ""complete genome""[Title] OR ""WGS""[Title] OR ""shotgun""[Title] OR ""mitochondrial""[Title] OR ""mitochondrion""[Title])"
AM275393.1,novel_5,1035,4133e4afbf74966ec0b3be6c09be73d6,Homo sapiens,organism,Denmark,01-May-2005,Unknown,Unknown,novel_cluster,clustered with 5 other unplaced records at Jaccard d<0.2,broad_query,2026-08-13T12:29:33.338201+00:00,"Blastocystis[Organism] AND (""18S""[All Fields] OR ""SSU""[All Fields] OR ""small subunit""[All Fields] OR ""18S ribosomal""[All Fields] OR ""SSU rRNA""[All Fields] OR ""ribosomal RNA""[All Fields] OR ""rRNA""[All Fields] OR ""rDNA""[All Fields]) NOT (""whole genome""[Title] OR ""complete genome""[Title] OR ""WGS""[Title] OR ""shotgun""[Title] OR ""mitochondrial""[Title] OR ""mitochondrion""[Title])"
AM275392.1,novel_5,1032,2fc3435f49bf9d7a224843927ca6f65c,Homo sapiens,organism,Denmark,01-May-2005,Unknown,Unknown,novel_cluster,clustered with 5 other unplaced records at Jaccard d<0.2,broad_query,2026-08-13T12:29:33.338201+00:00,"Blastocystis[Organism] AND (""18S""[All Fields] OR ""SSU""[All Fields] OR ""small subunit""[All Fields] OR ""18S ribosomal""[All Fields] OR ""SSU rRNA""[All Fields] OR ""ribosomal RNA""[All Fields] OR ""rRNA""[All Fields] OR ""rDNA""[All Fields]) NOT (""whole genome""[Title] OR ""complete genome""[Title] OR ""WGS""[Title] OR ""shotgun""[Title] OR ""mitochondrial""[Title] OR ""mitochondrion""[Title])"
AM275391.1,novel_5,1008,78799dc84bb88189fac54ba03c969e96,Homo sapiens,organism,Denmark,01-May-2005,Unknown,Unknown,novel_cluster,clustered with 5 other unplaced records at Jaccard d<0.2,broad_query,2026-08-13T12:29:33.338201+00:00,"Blastocystis[Organism] AND (""18S""[All Fields] OR ""SSU""[All Fields] OR ""small subunit""[All Fields] OR ""18S ribosomal""[All Fields] OR ""SSU rRNA""[All Fields] OR ""ribosomal RNA""[All Fields] OR ""rRNA""[All Fields] OR ""rDNA""[All Fields]) NOT (""whole genome""[Title] OR ""complete genome""[Title] OR ""WGS""[Title] OR ""shotgun""[Title] OR ""mitochondrial""[Title] OR ""mitochondrion""[Title])"
AM275389.1,novel_5,1016,b5e48623ab20493384682ad4439ee5f9,Homo sapiens,organism,Denmark,01-May-2005,Unknown,Unknown,novel_cluster,clustered with 5 other unplaced records at Jaccard d<0.2,broad_query,2026-08-13T12:29:33.338201+00:00,"Blastocystis[Organism] AND (""18S""[All Fields] OR ""SSU""[All Fields] OR ""small subunit""[All Fields] OR ""18S ribosomal""[All Fields] OR ""SSU rRNA""[All Fields] OR ""ribosomal RNA""[All Fields] OR ""rRNA""[All Fields] OR ""rDNA""[All Fields]) NOT (""whole genome""[Title] OR ""complete genome""[Title] OR ""WGS""[Title] OR ""shotgun""[Title] OR ""mitochondrial""[Title] OR ""mitochondrion""[Title])"
AM275364.1,novel_9,1045,025a630f8648ba42cd7779ad81807ac2,Homo sapiens,organism,Denmark,01-May-2005,Unknown,Unknown,novel_cluster,clustered with 3 other unplaced records at Jaccard d<0.2,broad_query,2026-08-13T12:29:33.338201+00:00,"Blastocystis[Organism] AND (""18S""[All Fields] OR ""SSU""[All Fields] OR ""small subunit""[All Fields] OR ""18S ribosomal""[All Fields] OR ""SSU rRNA""[All Fields] OR ""ribosomal RNA""[All Fields] OR ""rRNA""[All Fields] OR ""rDNA""[All Fields]) NOT (""whole genome""[Title] OR ""complete genome""[Title] OR ""WGS""[Title] OR ""shotgun""[Title] OR ""mitochondrial""[Title] OR ""mitochondrion""[Title])"
AM275363.1,ST_unassigned,1055,1b76b6b13a3eba607f657fcb8cd1b8df,Homo sapiens,organism,Denmark,01-May-2005,Unknown,Unknown,unplaced,"no source ST tag, >max-placement-dist from all seeds, and no coherent novel cluster",broad_query,2026-08-13T12:29:33.338201+00:00,"Blastocystis[Organism] AND (""18S""[All Fields] OR ""SSU""[All Fields] OR ""small subunit""[All Fields] OR ""18S ribosomal""[All Fields] OR ""SSU rRNA""[All Fields] OR ""ribosomal RNA""[All Fields] OR ""rRNA""[All Fields] OR ""rDNA""[All Fields]) NOT (""whole genome""[Title] OR ""complete genome""[Title] OR ""WGS""[Title] OR ""shotgun""[Title] OR ""mitochondrial""[Title] OR ""mitochondrion""[Title])"
AM275362.1,novel_9,1046,0be0ccd4540296e7970f10d0507af47f,Homo sapiens,organism,Denmark,01-May-2005,Unknown,Unknown,novel_cluster,clustered with 3 other unplaced records at Jaccard d<0.2,broad_query,2026-08-13T12:29:33.338201+00:00,"Blastocystis[Organism] AND (""18S""[All Fields] OR ""SSU""[All Fields] OR ""small subunit""[All Fields] OR ""18S ribosomal""[All Fields] OR ""SSU rRNA""[All Fields] OR ""ribosomal RNA""[All Fields] OR ""rRNA""[All Fields] OR ""rDNA""[All Fields]) NOT (""whole genome""[Title] OR ""complete genome""[Title] OR ""WGS""[Title] OR ""shotgun""[Title] OR ""mitochondrial""[Title] OR ""mitochondrion""[Title])"
AY590116.1,ST_unassigned,1800,d3c2247de3ea9503614cf58882c0e6b1,lizard,host_qualifier,Unknown,Unknown,Unknown,Unknown,unplaced,"no source ST tag, >max-placement-dist from all seeds, and no coherent novel cluster",broad_query,2026-08-13T12:29:33.338201+00:00,"Blastocystis[Organism] AND (""18S""[All Fields] OR ""SSU""[All Fields] OR ""small subunit""[All Fields] OR ""18S ribosomal""[All Fields] OR ""SSU rRNA""[All Fields] OR ""ribosomal RNA""[All Fields] OR ""rRNA""[All Fields] OR ""rDNA""[All Fields]) NOT (""whole genome""[Title] OR ""complete genome""[Title] OR ""WGS""[Title] OR ""shotgun""[Title] OR ""mitochondrial""[Title] OR ""mitochondrion""[Title])"
AY590115.1,ST_unassigned,1774,a7e9e988a0cef8f9d48442a500013f72,sea snake,host_qualifier,Unknown,Unknown,Unknown,Unknown,unplaced,"no source ST tag, >max-placement-dist from all seeds, and no coherent novel cluster",broad_query,2026-08-13T12:29:33.338201+00:00,"Blastocystis[Organism] AND (""18S""[All Fields] OR ""SSU""[All Fields] OR ""small subunit""[All Fields] OR ""18S ribosomal""[All Fields] OR ""SSU rRNA""[All Fields] OR ""ribosomal RNA""[All Fields] OR ""rRNA""[All Fields] OR ""rDNA""[All Fields]) NOT (""whole genome""[Title] OR ""complete genome""[Title] OR ""WGS""[Title] OR ""shotgun""[Title] OR ""mitochondrial""[Title] OR ""mitochondrion""[Title])"
AY590112.1,novel_2,1746,8a795cd745fe9e6f3dbc3aa00d15923d,python,host_qualifier,Unknown,Unknown,Unknown,Unknown,novel_cluster,clustered with 7 other unplaced records at Jaccard d<0.2,broad_query,2026-08-13T12:29:33.338201+00:00,"Blastocystis[Organism] AND (""18S""[All Fields] OR ""SSU""[All Fields] OR ""small subunit""[All Fields] OR ""18S ribosomal""[All Fields] OR ""SSU rRNA""[All Fields] OR ""ribosomal RNA""[All Fields] OR ""rRNA""[All Fields] OR ""rDNA""[All Fields]) NOT (""whole genome""[Title] OR ""complete genome""[Title] OR ""WGS""[Title] OR ""shotgun""[Title] OR ""mitochondrial""[Title] OR ""mitochondrion""[Title])"
AY266475.1,ST_unassigned,1787,56c5bc249d2cab2e1a2ae451dc1e162e,Cyclura cornuta (rhino iguana),host_qualifier,Singapore,Unknown,Unknown,Unknown,unplaced,"no source ST tag, >max-placement-dist from all seeds, and no coherent novel cluster",broad_query,2026-08-13T12:29:33.338201+00:00,"Blastocystis[Organism] AND (""18S""[All Fields] OR ""SSU""[All Fields] OR ""small subunit""[All Fields] OR ""18S ribosomal""[All Fields] OR ""SSU rRNA""[All Fields] OR ""ribosomal RNA""[All Fields] OR ""rRNA""[All Fields] OR ""rDNA""[All Fields]) NOT (""whole genome""[Title] OR ""complete genome""[Title] OR ""WGS""[Title] OR ""shotgun""[Title] OR ""mitochondrial""[Title] OR ""mitochondrion""[Title])"
AY266473.1,ST_unassigned,2021,b1e2637415628ce82bfb37c3ba9b26ac,Geochelone carbonaria (red-footed tortoise),host_qualifier,Singapore,Unknown,Unknown,Unknown,unplaced,"no source ST tag, >max-placement-dist from all seeds, and no coherent novel cluster",broad_query,2026-08-13T12:29:33.338201+00:00,"Blastocystis[Organism] AND (""18S""[All Fields] OR ""SSU""[All Fields] OR ""small subunit""[All Fields] OR ""18S ribosomal""[All Fields] OR ""SSU rRNA""[All Fields] OR ""ribosomal RNA""[All Fields] OR ""rRNA""[All Fields] OR ""rDNA""[All Fields]) NOT (""whole genome""[Title] OR ""complete genome""[Title] OR ""WGS""[Title] OR ""shotgun""[Title] OR ""mitochondrial""[Title] OR ""mitochondrion""[Title])"
AY266470.1,novel_18,2023,e44cdc6ef7885ebe9459a38fdf1cfdd9,Bufo japonicus japonicus (toad),host_qualifier,Japan,Unknown,Unknown,Unknown,novel_cluster,clustered with 2 other unplaced records at Jaccard d<0.2,broad_query,2026-08-13T12:29:33.338201+00:00,"Blastocystis[Organism] AND (""18S""[All Fields] OR ""SSU""[All Fields] OR ""small subunit""[All Fields] OR ""18S ribosomal""[All Fields] OR ""SSU rRNA""[All Fields] OR ""ribosomal RNA""[All Fields] OR ""rRNA""[All Fields] OR ""rDNA""[All Fields]) NOT (""whole genome""[Title] OR ""complete genome""[Title] OR ""WGS""[Title] OR ""shotgun""[Title] OR ""mitochondrial""[Title] OR ""mitochondrion""[Title])"
AY266468.1,novel_18,2031,610b21550fbd54392157388d07df10ef,Rana catesbeiana (bullfrog),host_qualifier,Japan,Unknown,Unknown,Unknown,novel_cluster,clustered with 2 other unplaced records at Jaccard d<0.2,broad_query,2026-08-13T12:29:33.338201+00:00,"Blastocystis[Organism] AND (""18S""[All Fields] OR ""SSU""[All Fields] OR ""small subunit""[All Fields] OR ""18S ribosomal""[All Fields] OR ""SSU rRNA""[All Fields] OR ""ribosomal RNA""[All Fields] OR ""rRNA""[All Fields] OR ""rDNA""[All Fields]) NOT (""whole genome""[Title] OR ""complete genome""[Title] OR ""WGS""[Title] OR ""shotgun""[Title] OR ""mitochondrial""[Title] OR ""mitochondrion""[Title])"
AF538348.1,ST_unassigned,1707,b562c2e4c09f1a7a335091599a42eda3,Sus scrofa,host_qualifier,Thailand,Unknown,Unknown,Unknown,unplaced,"no source ST tag, >max-placement-dist from all seeds, and no coherent novel cluster",broad_query,2026-08-13T12:29:33.338201+00:00,"Blastocystis[Organism] AND (""18S""[All Fields] OR ""SSU""[All Fields] OR ""small subunit""[All Fields] OR ""18S ribosomal""[All Fields] OR ""SSU rRNA""[All Fields] OR ""ribosomal RNA""[All Fields] OR ""rRNA""[All Fields] OR ""rDNA""[All Fields]) NOT (""whole genome""[Title] OR ""complete genome""[Title] OR ""WGS""[Title] OR ""shotgun""[Title] OR ""mitochondrial""[Title] OR ""mitochondrion""[Title])"
